Month,Day,Interval,Calls_Offered_A,Abandoned_Calls_A,Abandoned_Rate_A,CCT_A,Calls_Offered_B,Abandoned_Calls_B,Abandoned_Rate_B,CCT_B,Calls_Offered_C,Abandoned_Calls_C,Abandoned_Rate_C,CCT_C,Calls_Offered_D,Abandoned_Calls_D,Abandoned_Rate_D,CCT_D
August,1,0:00,9.39,2.21,0.235,879.62,68.58,2.53,0.0369,324.37,118.39,0.85,0.0072,317.97,63.54,0.32,0.005,307.92
August,1,0:30,8.43,1.97,0.2333,504.05,37.74,0.4,0.0105,337.65,89.57,0.86,0.0096,311.6,49.73,0.11,0.0023,316.77
August,1,1:00,5.12,0.81,0.1583,503.72,24.58,0.73,0.0299,383.58,59.05,0.59,0.01,319.68,37.11,0.1,0.0028,330.92
August,1,1:30,3.92,0.39,0.0983,630.83,10.21,0.41,0.0403,347.69,46.88,0.58,0.0123,314.05,45.81,1.7,0.0372,406.55
August,1,2:00,3.19,0.06,0.02,668.8,9.23,0.35,0.0383,362.38,37.11,0.88,0.0237,352.87,29.29,1.0,0.0342,393.35
August,1,2:30,3.32,0.0,0.0,763.99,9.11,0.08,0.0083,348.51,35.89,0.4,0.0112,337.77,19.1,0.26,0.0135,458.66
August,1,3:00,3.41,0.01,0.0033,376.29,7.17,0.7,0.0983,387.1,20.65,0.8,0.0389,334.24,7.02,0.77,0.1102,451.58
August,1,3:30,3.66,0.0,0.0,453.86,7.34,0.17,0.0233,310.6,18.19,0.27,0.0146,356.34,7.17,0.99,0.1375,312.38
August,1,4:00,3.08,0.01,0.002,301.81,6.41,0.02,0.0033,273.96,18.9,0.61,0.0322,411.78,6.32,0.84,0.1336,348.74
August,1,4:30,3.01,0.01,0.002,247.99,5.56,0.39,0.07,228.98,19.12,0.63,0.0328,414.13,7.15,0.82,0.114,333.86
August,1,5:00,3.67,0.09,0.0249,283.33,5.48,0.04,0.0067,612.82,21.18,0.53,0.0248,400.24,14.59,0.8,0.0551,333.52
August,1,5:30,5.13,0.13,0.0249,322.18,10.63,0.09,0.0087,284.26,21.29,0.95,0.0448,302.55,12.96,0.23,0.0179,349.25
August,1,6:00,5.5,0.91,0.1653,301.3,9.85,0.44,0.0451,287.92,35.06,0.6,0.0171,250.71,16.52,0.58,0.0349,280.04
August,1,6:30,4.59,0.66,0.1443,273.06,9.76,3.32,0.3399,311.36,58.92,0.88,0.0149,260.69,21.59,1.29,0.0596,260.94
August,1,7:00,14.34,3.38,0.2359,288.04,17.87,0.11,0.0059,284.25,110.27,1.05,0.0095,270.57,38.76,0.65,0.0168,291.63
August,1,7:30,25.89,4.42,0.1708,334.43,31.29,0.52,0.0165,317.26,161.92,1.8,0.0111,269.35,67.1,1.13,0.0169,305.65
August,1,8:00,49.11,0.72,0.0147,276.16,50.27,0.43,0.0086,310.95,284.26,1.71,0.006,283.45,122.99,1.38,0.0112,291.42
August,1,8:30,77.42,0.68,0.0088,284.76,65.49,0.41,0.0063,310.3,407.79,2.37,0.0058,290.39,154.37,2.08,0.0135,308.37
August,1,9:00,111.17,0.58,0.0052,293.73,167.16,0.57,0.0034,315.72,571.91,2.97,0.0052,301.96,266.37,7.43,0.0279,303.83
August,1,9:30,136.65,1.28,0.0094,280.34,255.91,1.77,0.0069,318.58,723.45,13.89,0.0192,326.57,324.96,7.41,0.0228,294.01
August,1,10:00,159.31,0.8,0.005,270.68,343.11,1.78,0.0052,321.13,880.81,14.62,0.0166,321.85,366.6,7.44,0.0203,297.88
August,1,10:30,215.39,1.46,0.0068,283.05,370.34,6.7,0.0181,333.42,991.96,21.82,0.022,334.75,422.3,14.65,0.0347,328.74
August,1,11:00,240.56,0.87,0.0036,301.81,419.04,7.75,0.0185,332.75,1070.01,16.8,0.0157,338.92,473.35,10.27,0.0217,310.25
August,1,11:30,241.63,1.55,0.0064,290.56,493.18,9.42,0.0191,339.78,1088.35,12.95,0.0119,341.8,489.88,6.52,0.0133,312.77
August,1,12:00,265.53,4.51,0.017,299.2,505.46,7.08,0.014,334.32,1091.78,15.5,0.0142,342.09,516.63,4.65,0.009,314.13
August,1,12:30,276.71,3.96,0.0143,306.01,544.41,10.62,0.0195,336.63,1109.26,26.51,0.0239,340.03,528.86,8.57,0.0162,301.97
August,1,13:00,256.96,3.44,0.0134,306.16,602.55,16.57,0.0275,338.27,1109.13,19.96,0.018,338.82,521.17,8.7,0.0167,302.69
August,1,13:30,250.17,1.4,0.0056,304.76,595.6,20.67,0.0347,332.29,1089.52,20.92,0.0192,340.44,528.74,12.06,0.0228,313.07
August,1,14:00,250.4,2.28,0.0091,314.27,606.92,25.79,0.0425,345.54,1087.62,12.83,0.0118,344.23,533.61,11.42,0.0214,306.85
August,1,14:30,256.76,2.41,0.0094,309.57,621.18,21.06,0.0339,349.87,1078.64,11.43,0.0106,348.78,551.31,25.14,0.0456,316.13
August,1,15:00,248.2,1.44,0.0058,298.26,587.69,4.94,0.0084,340.11,1056.59,6.55,0.0062,354.78,523.57,18.48,0.0353,311.76
August,1,15:30,249.13,3.76,0.0151,303.54,572.4,4.41,0.0077,336.16,992.73,13.4,0.0135,353.54,489.88,24.79,0.0506,314.07
August,1,16:00,244.95,1.94,0.0079,319.62,578.31,2.95,0.0051,342.87,954.58,8.4,0.0088,341.54,473.35,12.17,0.0257,310.16
August,1,16:30,227.4,1.16,0.0051,308.74,545.25,3.11,0.0057,342.73,911.6,3.74,0.0041,348.35,423.3,4.53,0.0107,321.02
August,1,17:00,196.35,1.35,0.0069,316.38,555.34,3.39,0.0061,343.73,889.41,2.94,0.0033,348.08,419.31,1.76,0.0042,315.4
August,1,17:30,183.81,1.43,0.0078,326.63,521.59,6.47,0.0124,345.82,850.62,2.55,0.003,349.68,424.58,3.01,0.0071,311.61
August,1,18:00,168.76,1.6,0.0095,329.49,468.44,7.54,0.0161,349.76,804.91,3.94,0.0049,348.23,394.01,1.97,0.005,313.22
August,1,18:30,136.34,2.45,0.018,330.97,414.52,7.17,0.0173,344.72,656.21,2.89,0.0044,351.94,306.67,1.59,0.0052,305.38
August,1,19:00,109.85,0.83,0.0076,327.97,372.43,7.93,0.0213,346.33,621.4,3.29,0.0053,338.74,296.39,1.66,0.0056,301.68
August,1,19:30,72.69,0.69,0.0095,332.23,335.22,3.25,0.0097,330.86,503.12,2.62,0.0052,330.67,267.66,4.1,0.0153,313.45
August,1,20:00,62.05,2.38,0.0383,298.67,273.08,5.33,0.0195,335.14,480.85,3.03,0.0063,337.11,253.24,5.47,0.0216,330.59
August,1,20:30,55.23,4.72,0.0854,292.91,249.93,3.8,0.0152,326.7,441.91,2.34,0.0053,362.16,222.75,3.81,0.0171,308.47
August,1,21:00,47.25,5.05,0.1068,290.96,224.33,5.36,0.0239,325.93,361.53,2.02,0.0056,354.82,191.23,5.11,0.0267,310.29
August,1,21:30,34.14,2.13,0.0625,319.4,190.55,2.61,0.0137,333.25,279.13,0.84,0.003,351.69,148.55,2.7,0.0182,321.41
August,1,22:00,27.08,1.18,0.0436,408.49,139.57,0.81,0.0058,328.35,264.29,2.11,0.008,355.0,140.04,2.93,0.0209,327.11
August,1,22:30,22.65,4.9,0.2164,360.68,116.75,0.6,0.0051,326.93,233.04,1.42,0.0061,334.62,113.42,1.18,0.0104,302.72
August,1,23:00,21.87,3.4,0.1556,363.77,99.22,1.15,0.0116,281.18,156.03,0.7,0.0045,327.5,98.89,0.55,0.0056,308.73
August,1,23:30,9.81,0.31,0.0318,237.21,80.94,1.17,0.0145,290.52,164.2,0.36,0.0022,340.9,86.26,0.51,0.0059,294.58
August,2,0:00,10.34,0.16,0.0153,302.08,59.93,2.05,0.0342,334.15,79.28,1.3,0.0164,310.94,53.11,0.7,0.0131,314.68
August,2,0:30,7.86,0.08,0.01,249.81,40.83,0.74,0.0181,343.95,53.13,1.3,0.0245,312.96,34.76,0.18,0.0053,301.53
August,2,1:00,5.23,0.04,0.0067,387.44,12.81,0.47,0.0367,462.87,52.05,1.84,0.0354,320.12,27.28,0.2,0.0073,309.24
August,2,1:30,5.49,0.05,0.0092,319.59,11.35,1.57,0.1383,370.82,37.73,1.11,0.0293,294.18,15.62,0.46,0.0294,397.99
August,2,2:00,4.0,0.01,0.0033,281.1,9.52,1.68,0.1767,377.55,25.37,0.93,0.0365,374.5,12.05,0.32,0.0262,408.98
August,2,2:30,3.57,0.0,0.0,300.05,8.11,0.32,0.04,356.65,17.98,0.3,0.0166,385.15,10.2,0.22,0.0216,461.57
August,2,3:00,3.27,0.0,0.0,264.67,6.55,0.05,0.0083,402.29,18.0,1.02,0.0565,392.08,3.32,0.19,0.0582,439.66
August,2,3:30,3.37,0.0,0.0,229.47,7.02,0.02,0.0033,373.4,12.72,0.07,0.0057,423.99,3.81,0.29,0.0764,364.29
August,2,4:00,3.0,0.0,0.0,244.25,5.8,0.02,0.0033,329.55,11.64,0.17,0.0143,471.58,2.76,0.2,0.0724,419.97
August,2,4:30,3.43,0.03,0.01,219.35,5.21,0.23,0.045,253.28,11.11,0.18,0.0166,536.57,2.85,0.23,0.0824,424.79
August,2,5:00,3.92,0.04,0.01,248.17,4.49,0.01,0.0033,789.94,13.56,0.18,0.0133,439.34,4.53,0.15,0.0325,367.42
August,2,5:30,6.58,0.16,0.025,328.11,6.86,0.04,0.0053,340.29,12.78,0.21,0.0167,277.26,4.13,0.05,0.0116,359.02
August,2,6:00,6.86,0.15,0.0217,302.7,6.9,0.12,0.0179,330.61,32.17,0.15,0.0047,264.6,12.32,0.3,0.0245,266.36
August,2,6:30,4.66,0.3,0.0642,293.13,9.49,1.55,0.1632,340.22,45.02,0.79,0.0175,275.46,17.28,0.61,0.0351,262.67
August,2,7:00,11.3,0.63,0.0558,306.72,11.16,0.09,0.0079,283.22,73.81,0.41,0.0056,272.12,28.47,0.79,0.0276,303.11
August,2,7:30,19.28,1.15,0.0595,322.53,18.2,0.21,0.0118,304.24,110.44,1.02,0.0092,271.78,44.27,0.73,0.0164,301.01
August,2,8:00,39.18,0.38,0.0097,278.14,31.77,0.06,0.0019,304.12,195.05,0.8,0.0041,285.02,83.98,0.53,0.0063,291.26
August,2,8:30,57.67,0.48,0.0084,268.79,47.0,0.19,0.004,307.67,268.95,1.1,0.0041,298.2,109.0,0.84,0.0077,319.31
August,2,9:00,65.37,0.25,0.0039,282.32,134.66,0.38,0.0028,312.45,350.28,1.23,0.0035,307.34,155.4,1.32,0.0085,313.34
August,2,9:30,77.34,0.69,0.0089,285.1,160.77,0.74,0.0046,319.69,434.6,6.48,0.0149,318.05,188.42,2.28,0.0121,295.47
August,2,10:00,86.37,0.38,0.0044,259.62,208.78,1.21,0.0058,320.75,498.55,6.78,0.0136,315.59,222.67,2.47,0.0111,286.35
August,2,10:30,116.09,0.45,0.0039,264.53,231.12,3.42,0.0148,332.13,560.35,9.92,0.0177,316.3,265.44,8.2,0.0309,310.84
August,2,11:00,121.81,0.55,0.0045,288.07,257.47,3.55,0.0138,333.66,572.13,8.07,0.0141,318.28,297.99,6.53,0.0219,301.57
August,2,11:30,123.91,1.36,0.011,291.57,301.18,4.52,0.015,335.55,609.97,4.76,0.0078,323.35,317.57,4.32,0.0136,302.94
August,2,12:00,142.77,2.56,0.0179,307.04,308.01,2.4,0.0078,328.33,642.84,5.98,0.0093,322.64,329.12,4.08,0.0124,300.79
August,2,12:30,149.18,3.39,0.0227,315.25,347.83,3.37,0.0097,331.12,647.6,10.1,0.0156,326.53,333.06,4.1,0.0123,298.59
August,2,13:00,167.93,2.94,0.0175,319.13,384.9,3.5,0.0091,330.51,658.27,8.89,0.0135,335.38,341.25,3.86,0.0113,304.31
August,2,13:30,170.88,2.41,0.0141,309.62,381.53,5.84,0.0153,326.61,656.26,11.68,0.0178,330.99,354.5,8.08,0.0228,311.9
August,2,14:00,160.89,2.2,0.0137,310.49,426.65,5.67,0.0133,342.97,651.74,7.43,0.0114,333.32,352.85,11.96,0.0339,303.45
August,2,14:30,172.39,5.17,0.03,301.84,423.47,5.34,0.0126,345.6,637.82,7.14,0.0112,330.03,357.02,33.45,0.0937,300.85
August,2,15:00,169.59,4.7,0.0277,291.52,407.09,1.34,0.0033,334.58,616.96,4.69,0.0076,338.3,349.19,26.75,0.0766,305.61
August,2,15:30,175.88,2.6,0.0148,289.64,419.04,2.14,0.0051,332.05,617.74,14.7,0.0238,334.45,333.66,45.58,0.1366,307.93
August,2,16:00,175.35,2.53,0.0144,312.77,437.26,2.01,0.0046,337.25,609.4,6.83,0.0112,332.82,317.85,25.84,0.0813,305.06
August,2,16:30,167.89,2.2,0.0131,327.16,388.34,1.55,0.004,341.97,590.3,2.42,0.0041,338.8,311.45,9.94,0.0319,311.71
August,2,17:00,144.61,2.59,0.0179,333.8,393.14,2.16,0.0055,348.59,574.33,2.13,0.0037,335.44,296.15,2.43,0.0082,307.4
August,2,17:30,133.58,2.04,0.0153,322.33,353.52,2.33,0.0066,341.91,538.03,1.13,0.0021,334.07,285.78,2.4,0.0084,297.34
August,2,18:00,118.36,1.67,0.0141,320.21,329.02,2.53,0.0077,340.69,495.02,1.49,0.003,335.56,267.28,1.36,0.0051,302.51
August,2,18:30,102.85,1.76,0.0171,297.48,303.61,4.04,0.0133,340.15,448.2,2.02,0.0045,336.84,238.16,1.48,0.0062,301.17
August,2,19:00,82.83,1.13,0.0136,289.78,275.95,3.73,0.0135,334.13,405.25,1.78,0.0044,330.46,204.64,1.35,0.0066,301.11
August,2,19:30,66.72,0.99,0.0149,287.8,236.7,1.47,0.0062,327.35,365.21,2.34,0.0064,331.21,193.09,4.71,0.0244,319.16
August,2,20:00,63.16,3.01,0.0477,279.08,204.39,1.29,0.0063,333.51,334.88,2.38,0.0071,322.5,168.72,4.61,0.0273,320.53
August,2,20:30,53.05,2.51,0.0474,282.27,193.65,0.91,0.0047,318.13,308.57,1.73,0.0056,335.97,158.13,2.25,0.0142,303.32
August,2,21:00,52.58,2.92,0.0555,292.5,182.8,1.75,0.0096,319.85,271.42,1.3,0.0048,336.46,138.52,4.52,0.0326,312.76
August,2,21:30,34.85,1.75,0.0502,312.24,170.6,1.88,0.011,322.4,227.36,0.57,0.0025,331.24,113.26,2.71,0.0239,317.05
August,2,22:00,38.0,0.93,0.0246,286.06,131.1,0.63,0.0048,315.19,224.98,0.85,0.0038,326.35,106.14,1.44,0.0136,308.03
August,2,22:30,32.3,5.36,0.1658,311.89,101.86,0.42,0.0041,324.78,195.74,1.82,0.0093,318.5,89.47,1.22,0.0136,292.46
August,2,23:00,28.33,4.91,0.1733,367.42,76.55,0.41,0.0053,275.02,147.17,1.18,0.008,315.36,70.67,0.42,0.0059,302.98
August,2,23:30,15.14,0.61,0.0402,281.31,68.02,0.24,0.0035,289.5,148.23,0.8,0.0054,337.71,61.81,0.67,0.0108,289.81
August,3,0:00,1.84,0.18,0.096,654.26,22.08,0.44,0.0201,383.11,29.42,0.25,0.0086,282.57,16.47,0.23,0.0142,306.45
August,3,0:30,1.18,0.07,0.059,385.36,12.64,0.1,0.0076,368.42,22.44,0.35,0.0158,296.78,14.47,0.08,0.0052,297.32
August,3,1:00,1.04,0.14,0.1382,408.2,5.99,0.17,0.028,421.57,18.27,0.3,0.0162,318.21,9.43,0.04,0.0046,298.36
August,3,1:30,0.78,0.25,0.3171,596.99,4.93,0.21,0.0419,399.28,13.66,0.23,0.0166,321.43,6.19,0.21,0.0346,381.75
August,3,2:00,0.78,0.04,0.0537,1067.94,4.22,0.0,0.001,364.63,8.9,0.46,0.0521,352.85,4.83,0.28,0.0572,398.02
August,3,2:30,0.7,0.0,0.005,708.0,2.34,0.0,0.0,376.74,6.65,0.24,0.036,343.19,3.99,0.38,0.0943,499.22
August,3,3:00,0.63,0.0,0.005,357.5,2.19,0.0,0.0,437.53,6.27,0.21,0.034,326.24,2.33,0.2,0.0865,477.87
August,3,3:30,0.58,0.0,0.005,419.42,1.54,0.0,0.0,497.86,4.94,0.07,0.0135,401.19,2.03,0.17,0.086,348.68
August,3,4:00,0.53,0.0,0.0,301.01,1.66,0.01,0.005,395.35,4.66,0.09,0.02,436.43,2.13,0.17,0.0783,405.54
August,3,4:30,0.67,0.0,0.005,267.75,2.01,0.01,0.0025,309.4,4.38,0.1,0.0221,461.56,2.38,0.33,0.1366,409.24
August,3,5:00,0.77,0.0,0.005,260.2,1.69,0.0,0.0025,666.96,5.16,0.12,0.0225,411.68,2.5,0.1,0.0382,396.24
August,3,5:30,1.15,0.01,0.01,327.12,2.16,0.03,0.0125,328.35,5.05,0.11,0.0226,258.01,2.46,0.03,0.012,381.23
August,3,6:00,1.39,0.12,0.083,312.53,2.7,0.29,0.1067,329.37,12.07,0.02,0.0014,278.17,5.84,0.17,0.029,272.08
August,3,6:30,1.42,0.24,0.1724,311.56,4.46,1.04,0.2342,347.22,19.39,0.19,0.0098,277.37,10.31,0.35,0.0339,265.1
August,3,7:00,3.28,0.16,0.0497,305.63,13.2,0.09,0.0071,296.64,35.14,0.07,0.0019,267.67,15.77,0.42,0.0267,302.85
August,3,7:30,5.29,0.28,0.0522,334.15,17.92,0.39,0.0215,305.78,59.08,0.23,0.0039,265.81,24.18,0.42,0.0174,296.34
August,3,8:00,16.63,0.18,0.011,274.79,45.72,0.26,0.0057,306.18,116.35,0.36,0.0031,282.26,52.38,0.47,0.0089,284.67
August,3,8:30,26.13,0.24,0.0091,297.43,63.26,0.3,0.0047,309.11,189.83,1.06,0.0056,292.34,75.32,0.69,0.0092,317.24
August,3,9:00,38.82,0.08,0.0021,311.44,107.57,0.29,0.0027,310.89,251.25,1.26,0.005,309.32,127.5,1.03,0.0081,313.82
August,3,9:30,52.76,0.34,0.0064,331.44,142.3,0.67,0.0047,318.68,326.54,6.37,0.0195,320.41,144.86,1.75,0.0121,300.81
August,3,10:00,66.28,0.31,0.0047,310.77,175.3,1.3,0.0074,326.72,391.25,5.71,0.0146,325.17,170.06,1.79,0.0105,307.35
August,3,10:30,68.99,0.22,0.0032,319.53,204.16,3.53,0.0173,334.58,437.85,6.22,0.0142,329.67,198.19,5.61,0.0283,320.09
August,3,11:00,72.09,0.14,0.002,326.86,231.48,2.69,0.0116,339.19,459.12,4.55,0.0099,339.59,214.45,4.37,0.0204,319.94
August,3,11:30,74.12,0.64,0.0086,322.63,258.14,3.59,0.0139,344.21,480.0,4.66,0.0097,344.23,228.99,3.3,0.0144,319.89
August,3,12:00,76.52,1.06,0.0138,315.27,259.46,2.39,0.0092,335.04,509.41,4.43,0.0087,343.61,234.52,2.09,0.0089,324.07
August,3,12:30,78.89,1.6,0.0203,314.14,266.94,2.11,0.0079,340.03,514.67,6.54,0.0127,343.04,237.35,2.35,0.0099,319.81
August,3,13:00,78.5,1.19,0.0152,314.95,272.45,2.07,0.0076,339.5,514.79,5.77,0.0112,353.19,241.2,2.63,0.0109,324.58
August,3,13:30,78.77,0.95,0.012,322.95,274.74,3.38,0.0123,337.51,505.5,11.02,0.0218,353.54,244.89,8.25,0.0337,334.61
August,3,14:00,78.65,0.91,0.0116,319.77,294.4,3.71,0.0126,343.06,520.79,10.62,0.0204,355.69,253.53,12.02,0.0474,328.48
August,3,14:30,82.87,2.52,0.0304,315.57,293.91,6.91,0.0235,347.63,502.99,14.03,0.0279,354.24,259.32,30.47,0.1175,330.08
August,3,15:00,82.82,2.43,0.0294,321.19,290.81,1.72,0.0059,334.4,503.98,5.14,0.0102,352.05,261.05,24.54,0.094,330.98
August,3,15:30,85.39,1.74,0.0204,312.49,293.08,3.05,0.0104,334.7,499.21,1.95,0.0039,353.14,257.27,38.95,0.1514,331.62
August,3,16:00,78.98,1.04,0.0132,312.07,296.9,1.63,0.0055,341.45,501.66,0.9,0.0018,351.85,258.89,21.85,0.0844,334.34
August,3,16:30,76.81,0.94,0.0123,306.71,284.39,0.51,0.0018,346.93,481.73,0.77,0.0016,353.39,255.21,8.5,0.0333,338.3
August,3,17:00,71.68,1.26,0.0176,313.02,283.98,1.19,0.0042,341.34,462.43,1.25,0.0027,347.64,244.33,2.05,0.0084,337.56
August,3,17:30,67.38,1.1,0.0163,312.01,267.8,1.21,0.0045,339.84,420.11,1.22,0.0029,348.13,225.22,2.03,0.009,334.9
August,3,18:00,55.3,0.82,0.0148,304.9,235.09,1.58,0.0067,340.82,386.87,1.82,0.0047,351.19,200.69,0.96,0.0048,337.37
August,3,18:30,49.15,0.79,0.016,326.7,227.04,1.54,0.0068,341.93,339.55,1.22,0.0036,352.84,187.44,1.11,0.0059,335.97
August,3,19:00,32.27,0.44,0.0137,321.97,196.03,1.8,0.0092,337.59,289.54,1.07,0.0037,352.65,166.64,0.95,0.0057,331.4
August,3,19:30,26.51,0.44,0.0167,323.08,180.68,1.28,0.0071,339.09,261.35,1.88,0.0072,354.49,146.23,3.36,0.023,338.57
August,3,20:00,19.69,0.64,0.0326,312.24,149.29,1.21,0.0081,339.25,238.24,2.45,0.0103,359.24,132.26,3.24,0.0245,330.8
August,3,20:30,16.82,0.62,0.037,315.85,123.63,0.89,0.0072,324.83,197.28,1.95,0.0099,345.12,118.9,1.69,0.0142,327.56
August,3,21:00,15.14,0.92,0.061,310.42,103.18,0.89,0.0086,318.75,174.59,1.13,0.0065,342.83,95.72,2.33,0.0243,334.02
August,3,21:30,10.92,0.48,0.0438,302.74,94.83,0.63,0.0066,324.46,144.24,0.38,0.0026,337.65,71.88,1.51,0.021,336.66
August,3,22:00,9.23,0.37,0.0406,315.23,77.13,0.27,0.0035,311.45,120.25,0.49,0.0041,331.54,66.89,0.82,0.0123,340.46
August,3,22:30,6.06,1.22,0.2008,294.76,63.21,0.09,0.0015,318.36,94.23,0.68,0.0072,328.01,53.81,0.61,0.0113,330.96
August,3,23:00,5.53,0.53,0.0953,299.27,42.81,0.07,0.0017,309.37,69.6,0.49,0.0071,325.19,43.01,0.17,0.004,344.21
August,3,23:30,2.96,0.05,0.0173,309.54,34.47,0.07,0.0019,298.29,53.83,0.22,0.004,341.38,33.18,0.2,0.0061,339.48
August,4,0:00,6.38,0.08,0.0132,321.92,47.1,0.3,0.0064,335.44,85.74,0.49,0.0057,332.33,51.38,0.42,0.0082,309.31
August,4,0:30,7.03,0.02,0.0035,323.46,28.25,0.19,0.0068,335.49,64.28,0.44,0.0069,335.92,35.57,0.18,0.0052,336.8
August,4,1:00,3.29,0.05,0.0156,409.49,12.5,0.21,0.0165,373.1,45.68,0.28,0.0062,343.15,26.97,0.06,0.0021,373.08
August,4,1:30,2.99,0.06,0.0205,348.22,7.2,0.13,0.0183,373.11,32.85,0.32,0.0096,343.17,26.71,0.69,0.026,388.57
August,4,2:00,2.0,0.03,0.0153,371.93,5.4,0.02,0.0037,363.39,22.39,0.64,0.0285,295.55,18.68,0.44,0.0233,385.45
August,4,2:30,1.86,0.01,0.005,303.21,3.99,0.0,0.0,320.81,22.43,0.56,0.025,268.43,16.23,0.14,0.0088,397.78
August,4,3:00,1.83,0.0,0.0,302.46,3.44,0.0,0.0,486.4,15.84,0.58,0.0368,287.66,3.22,0.02,0.0062,416.18
August,4,3:30,1.84,0.0,0.0,308.18,3.22,0.0,0.0,400.28,14.56,0.27,0.0185,344.4,2.1,0.03,0.0125,339.47
August,4,4:00,1.79,0.0,0.0,268.62,2.99,0.0,0.0,360.1,13.34,0.36,0.027,325.63,1.52,0.01,0.0065,339.36
August,4,4:30,1.81,0.0,0.0,215.01,3.03,0.0,0.0,263.37,14.07,0.35,0.025,333.8,1.86,0.06,0.0314,439.69
August,4,5:00,1.69,0.0,0.0,247.29,3.34,0.0,0.0,672.15,13.86,0.24,0.0173,308.06,2.15,0.03,0.0139,345.17
August,4,5:30,2.27,0.0,0.0,409.5,3.7,0.06,0.015,377.76,19.28,0.36,0.0187,258.74,2.32,0.02,0.0078,362.22
August,4,6:00,2.43,0.0,0.0,299.4,5.39,0.4,0.075,358.85,35.4,0.32,0.0089,295.6,13.82,0.14,0.01,276.74
August,4,6:30,4.73,0.5,0.1054,268.55,9.28,2.94,0.3166,400.13,58.31,1.2,0.0205,264.93,22.69,1.52,0.0668,283.2
August,4,7:00,9.46,0.73,0.0774,284.71,29.75,0.32,0.0107,269.5,103.59,0.57,0.0055,276.46,34.41,0.34,0.0099,268.87
August,4,7:30,15.56,0.84,0.0539,312.15,53.11,1.27,0.024,305.12,163.36,0.96,0.0059,268.85,77.28,0.82,0.0106,287.05
August,4,8:00,47.33,0.57,0.012,280.69,100.18,0.83,0.0083,297.18,286.93,0.77,0.0027,288.82,131.75,1.44,0.0109,294.91
August,4,8:30,91.92,1.26,0.0137,300.46,157.48,1.54,0.0098,303.5,423.76,1.7,0.004,315.28,194.04,1.73,0.0089,291.91
August,4,9:00,121.06,0.94,0.0078,309.91,216.94,1.02,0.0047,305.43,617.63,3.21,0.0052,316.71,277.66,5.22,0.0188,293.97
August,4,9:30,167.08,1.35,0.0081,316.8,289.98,1.83,0.0063,318.74,767.67,11.59,0.0151,325.69,355.85,5.23,0.0147,302.59
August,4,10:00,193.22,0.73,0.0038,315.27,361.4,2.6,0.0072,320.38,911.48,12.03,0.0132,329.55,430.08,7.18,0.0167,304.09
August,4,10:30,218.47,0.83,0.0038,319.09,390.91,11.73,0.03,340.36,986.78,12.73,0.0129,337.26,457.97,10.44,0.0228,311.29
August,4,11:00,235.41,0.78,0.0033,321.85,441.74,4.59,0.0104,338.82,1094.89,10.07,0.0092,342.73,500.95,5.76,0.0115,330.26
August,4,11:30,257.0,1.54,0.006,322.46,454.01,5.63,0.0124,344.63,1141.41,8.9,0.0078,345.1,566.83,6.75,0.0119,326.46
August,4,12:00,262.46,2.23,0.0085,325.0,522.81,4.18,0.008,348.44,1146.78,8.83,0.0077,345.24,572.9,6.82,0.0119,326.43
August,4,12:30,263.27,3.53,0.0134,316.62,542.12,6.51,0.012,349.08,1144.88,12.71,0.0111,347.07,581.39,11.92,0.0205,326.37
August,4,13:00,252.19,2.42,0.0096,323.97,565.02,4.58,0.0081,345.26,1147.21,5.51,0.0048,351.17,584.01,11.86,0.0203,329.74
August,4,13:30,255.17,1.51,0.0059,331.12,557.11,8.91,0.016,349.82,1150.73,13.12,0.0114,351.2,578.96,29.47,0.0509,334.96
August,4,14:00,262.16,2.52,0.0096,328.83,581.78,3.9,0.0067,345.21,1172.45,9.85,0.0084,355.15,596.76,12.29,0.0206,334.0
August,4,14:30,255.47,2.78,0.0109,333.2,591.91,4.74,0.008,351.89,1167.36,9.57,0.0082,357.89,595.96,10.67,0.0179,330.81
August,4,15:00,256.95,2.95,0.0115,326.47,591.17,2.13,0.0036,345.82,1153.89,5.19,0.0045,358.98,593.51,4.1,0.0069,330.42
August,4,15:30,259.23,2.49,0.0096,327.46,588.48,1.94,0.0033,345.23,1154.35,3.35,0.0029,356.71,585.19,4.1,0.007,326.31
August,4,16:00,259.09,1.97,0.0076,331.3,599.7,1.5,0.0025,349.73,1132.67,3.85,0.0034,358.39,597.99,2.99,0.005,327.51
August,4,16:30,254.4,1.3,0.0051,338.66,562.7,1.46,0.0026,343.99,1083.88,3.36,0.0031,360.86,576.65,2.94,0.0051,333.14
August,4,17:00,219.01,1.25,0.0057,327.86,533.53,2.56,0.0048,351.26,1030.03,4.12,0.004,360.2,545.29,1.74,0.0032,333.7
August,4,17:30,184.07,1.25,0.0068,336.11,512.24,2.97,0.0058,355.77,937.61,5.25,0.0056,358.71,507.43,1.83,0.0036,340.92
August,4,18:00,161.77,1.13,0.007,330.37,475.29,2.99,0.0063,349.99,846.79,5.17,0.0061,355.86,450.59,2.21,0.0049,335.19
August,4,18:30,143.18,1.42,0.0099,331.85,428.36,1.37,0.0032,341.5,745.48,2.31,0.0031,353.17,400.74,1.32,0.0033,335.72
August,4,19:00,87.0,0.48,0.0055,346.01,365.42,2.85,0.0078,350.71,668.35,3.01,0.0045,352.89,376.96,3.39,0.009,327.07
August,4,19:30,77.22,0.7,0.0091,315.53,351.85,2.57,0.0073,348.06,583.46,4.61,0.0079,350.65,328.21,5.78,0.0176,347.02
August,4,20:00,50.88,0.85,0.0167,335.28,304.73,4.33,0.0142,347.8,513.38,6.31,0.0123,353.77,302.41,7.38,0.0244,334.28
August,4,20:30,47.75,1.46,0.0305,315.22,263.44,3.5,0.0133,346.2,429.93,4.73,0.011,353.48,252.98,5.29,0.0209,322.52
August,4,21:00,38.63,1.04,0.027,310.27,207.38,2.9,0.014,341.46,369.05,2.25,0.0061,346.37,216.82,5.14,0.0237,328.1
August,4,21:30,27.67,0.44,0.0158,330.86,178.81,1.68,0.0094,345.36,310.37,0.99,0.0032,342.7,186.32,1.7,0.0091,322.09
August,4,22:00,23.44,0.25,0.0107,325.32,144.26,0.98,0.0068,314.74,256.67,1.67,0.0065,341.17,143.59,2.04,0.0142,326.09
August,4,22:30,15.16,1.44,0.0947,307.42,107.95,1.01,0.0094,316.56,196.73,0.81,0.0041,330.85,124.75,1.25,0.01,315.88
August,4,23:00,13.48,1.47,0.1094,359.28,88.78,0.58,0.0065,332.99,155.9,0.48,0.0031,323.06,86.47,0.67,0.0078,321.33
August,4,23:30,7.9,0.26,0.0331,348.24,59.85,0.34,0.0056,315.32,122.52,0.16,0.0013,340.93,75.08,0.49,0.0065,324.4
August,5,0:00,6.52,0.11,0.0162,339.99,40.24,0.98,0.0244,332.44,72.72,0.57,0.0079,336.42,40.95,0.36,0.0089,309.75
August,5,0:30,7.14,0.08,0.0116,291.32,26.33,0.38,0.0144,323.96,54.69,0.28,0.0052,335.47,29.5,0.0,0.0,316.83
August,5,1:00,3.57,0.12,0.0324,365.31,10.61,0.26,0.0246,369.9,38.36,0.17,0.0045,313.3,20.75,0.05,0.0026,333.0
August,5,1:30,3.48,0.11,0.0318,282.16,5.98,0.12,0.0209,379.04,30.37,0.17,0.0057,336.01,17.23,0.17,0.01,337.17
August,5,2:00,3.08,0.05,0.0178,298.87,4.33,0.02,0.0042,368.65,17.82,0.35,0.0194,295.22,11.98,0.24,0.0202,346.7
August,5,2:30,2.44,0.02,0.0075,365.51,4.25,0.0,0.0,372.22,17.38,0.33,0.0188,325.6,10.61,0.31,0.0288,492.2
August,5,3:00,2.04,0.0,0.0,313.27,3.38,0.0,0.0,398.69,11.89,0.2,0.0169,341.65,2.71,0.22,0.0827,384.37
August,5,3:30,2.25,0.0,0.0,281.92,3.22,0.0,0.0,368.6,12.98,0.06,0.0047,348.34,2.03,0.15,0.0718,535.22
August,5,4:00,2.04,0.0,0.0,273.07,2.92,0.0,0.0,345.65,11.67,0.1,0.0082,424.82,1.53,0.09,0.0611,492.99
August,5,4:30,2.02,0.0,0.0,206.05,2.59,0.0,0.0,278.23,11.9,0.24,0.0201,408.24,1.95,0.46,0.2336,555.74
August,5,5:00,2.42,0.0,0.0,264.31,2.76,0.0,0.0,342.93,15.28,0.34,0.022,384.35,2.15,0.33,0.1533,494.43
August,5,5:30,2.39,0.0,0.0,355.81,3.36,0.02,0.005,341.22,19.24,0.16,0.0085,294.65,2.82,0.14,0.0483,545.73
August,5,6:00,2.21,0.06,0.026,329.17,4.47,0.11,0.025,353.5,31.35,0.07,0.0021,261.4,14.51,1.45,0.0997,292.45
August,5,6:30,4.93,0.34,0.0694,249.15,8.02,1.33,0.1657,339.91,56.59,0.74,0.013,258.14,24.87,1.83,0.0735,300.01
August,5,7:00,9.33,0.92,0.0983,288.96,27.48,0.29,0.0106,299.56,91.42,0.8,0.0088,264.82,42.24,0.38,0.0091,285.57
August,5,7:30,15.39,1.15,0.0747,342.09,52.84,1.94,0.0368,303.71,158.46,1.11,0.007,257.84,63.62,0.59,0.0092,293.99
August,5,8:00,46.54,0.81,0.0173,277.39,94.89,0.5,0.0053,290.94,277.83,0.67,0.0024,283.49,131.4,0.76,0.0058,294.31
August,5,8:30,90.8,2.26,0.0249,303.03,141.43,0.99,0.007,298.25,411.74,2.1,0.0051,303.84,183.22,2.07,0.0113,286.16
August,5,9:00,125.1,0.96,0.0077,305.59,210.37,1.11,0.0053,303.73,588.74,2.71,0.0046,313.98,261.51,1.12,0.0043,289.85
August,5,9:30,165.27,1.16,0.007,316.52,268.31,1.66,0.0062,320.16,728.91,5.61,0.0077,315.56,321.14,1.8,0.0056,295.16
August,5,10:00,186.31,0.71,0.0038,315.78,329.06,1.55,0.0047,321.21,824.19,4.12,0.005,320.91,382.12,4.85,0.0127,303.06
August,5,10:30,215.42,1.14,0.0053,322.63,372.09,9.6,0.0258,336.35,927.21,6.77,0.0073,330.44,415.99,11.98,0.0288,306.25
August,5,11:00,223.69,0.56,0.0025,340.47,409.09,6.87,0.0168,338.45,990.55,4.75,0.0048,335.01,445.29,7.12,0.016,313.49
August,5,11:30,242.34,0.85,0.0035,343.79,428.79,7.42,0.0173,337.75,1007.74,7.56,0.0075,338.9,498.68,5.24,0.0105,310.74
August,5,12:00,245.76,0.93,0.0038,329.57,468.89,5.81,0.0124,342.41,1031.76,6.4,0.0062,341.15,509.38,6.88,0.0135,314.99
August,5,12:30,244.89,2.74,0.0112,323.01,491.77,8.21,0.0167,350.95,1029.66,11.94,0.0116,346.25,525.92,6.89,0.0131,322.28
August,5,13:00,241.9,2.03,0.0084,334.79,501.43,8.27,0.0165,343.71,1032.85,11.98,0.0116,350.58,528.17,9.45,0.0179,326.05
August,5,13:30,239.07,0.29,0.0012,334.85,499.52,10.74,0.0215,346.2,1027.02,17.46,0.017,349.29,524.4,12.53,0.0239,323.21
August,5,14:00,251.27,0.65,0.0026,332.39,518.84,3.16,0.0061,344.81,1029.06,13.17,0.0128,349.36,540.71,8.27,0.0153,323.23
August,5,14:30,245.42,0.98,0.004,343.04,523.2,3.61,0.0069,348.03,1039.81,12.89,0.0124,351.35,535.58,13.34,0.0249,328.38
August,5,15:00,250.59,2.58,0.0103,329.08,510.82,1.48,0.0029,346.09,1043.71,4.8,0.0046,349.06,530.21,8.11,0.0153,333.55
August,5,15:30,251.95,2.19,0.0087,330.24,521.69,2.82,0.0054,347.83,1032.61,5.99,0.0058,349.88,540.03,5.99,0.0111,330.22
August,5,16:00,244.11,0.81,0.0033,339.52,517.86,1.29,0.0025,343.81,1001.29,4.61,0.0046,353.25,543.23,3.15,0.0058,326.77
August,5,16:30,242.61,0.41,0.0017,332.66,499.89,1.75,0.0035,351.89,939.99,2.73,0.0029,353.3,528.5,3.75,0.0071,326.94
August,5,17:00,210.54,1.05,0.005,327.83,474.59,1.57,0.0033,353.07,900.37,4.86,0.0054,354.1,501.91,2.76,0.0055,332.49
August,5,17:30,176.99,2.32,0.0131,338.67,469.99,1.5,0.0032,353.84,833.01,5.75,0.0069,349.86,454.41,1.95,0.0043,327.9
August,5,18:00,154.07,0.74,0.0048,331.03,444.48,2.53,0.0057,348.04,755.8,6.35,0.0084,351.31,408.95,2.09,0.0051,325.29
August,5,18:30,142.59,0.61,0.0043,346.69,375.21,1.35,0.0036,347.32,682.52,4.03,0.0059,351.49,362.66,1.99,0.0055,314.41
August,5,19:00,85.36,0.16,0.0019,357.51,339.3,2.44,0.0072,347.72,605.52,8.11,0.0134,343.29,343.53,3.33,0.0097,318.2
August,5,19:30,76.45,0.34,0.0044,347.74,313.54,2.19,0.007,344.25,536.3,16.84,0.0314,351.11,297.26,4.96,0.0167,336.0
August,5,20:00,50.61,1.5,0.0297,344.83,275.0,2.8,0.0102,353.14,465.84,18.03,0.0387,352.53,280.42,7.77,0.0277,320.62
August,5,20:30,44.85,3.22,0.0718,317.63,234.3,2.76,0.0118,348.56,403.56,6.74,0.0167,347.39,235.42,2.99,0.0127,314.9
August,5,21:00,37.15,1.45,0.0389,331.02,191.9,2.25,0.0117,343.71,333.75,1.3,0.0039,350.53,189.36,10.19,0.0538,317.01
August,5,21:30,25.89,0.75,0.0288,362.2,163.02,1.06,0.0065,342.98,262.79,0.45,0.0017,356.85,159.15,4.2,0.0264,314.19
August,5,22:00,20.33,0.21,0.0102,342.54,131.94,0.99,0.0075,320.79,240.4,0.96,0.004,345.48,137.61,1.6,0.0116,320.23
August,5,22:30,15.66,1.54,0.0986,345.71,100.77,0.75,0.0074,303.81,179.12,0.59,0.0033,332.92,118.35,1.27,0.0107,307.05
August,5,23:00,14.16,1.53,0.1078,325.56,90.09,1.21,0.0134,308.66,144.69,0.43,0.003,320.06,81.27,0.43,0.0053,311.66
August,5,23:30,9.08,0.31,0.034,303.48,57.16,0.3,0.0053,299.17,102.52,0.24,0.0023,316.8,68.75,0.63,0.0091,307.09
August,6,0:00,5.66,0.16,0.0278,518.11,36.16,0.38,0.0104,352.11,53.21,0.75,0.0141,350.58,35.61,0.45,0.0126,326.26
August,6,0:30,4.19,0.0,0.0,440.17,23.69,0.02,0.0009,356.58,34.19,0.7,0.0206,339.28,28.62,0.12,0.0043,313.96
August,6,1:00,2.54,0.0,0.0,486.17,9.34,0.09,0.01,421.46,35.57,1.22,0.0344,339.45,19.55,0.12,0.0062,304.55
August,6,1:30,2.12,0.19,0.09,445.18,6.89,0.08,0.0111,362.18,28.26,0.99,0.035,321.63,13.07,0.52,0.0396,372.32
August,6,2:00,1.76,0.08,0.045,679.72,5.0,0.08,0.015,352.32,18.81,1.21,0.0642,343.92,10.93,0.39,0.0357,391.88
August,6,2:30,1.85,0.02,0.0083,593.78,3.83,0.02,0.005,412.4,12.67,0.33,0.0259,350.77,10.82,0.1,0.0097,449.9
August,6,3:00,1.75,0.02,0.01,430.2,4.08,0.0,0.0,385.67,13.67,0.58,0.0427,363.55,3.49,0.21,0.0611,444.03
August,6,3:30,1.77,0.01,0.0033,428.74,3.19,0.0,0.0,509.52,11.82,0.12,0.0105,368.43,3.05,0.21,0.069,419.62
August,6,4:00,1.69,0.0,0.0,323.54,3.19,0.0,0.0,355.29,10.29,0.15,0.0148,395.84,2.27,0.14,0.0638,483.47
August,6,4:30,1.7,0.0,0.0,318.71,3.21,0.03,0.01,362.03,10.57,0.18,0.0169,412.1,2.47,0.15,0.0619,469.83
August,6,5:00,1.82,0.0,0.0,266.99,2.9,0.01,0.0033,479.84,12.65,0.22,0.0175,414.1,3.75,0.12,0.0328,429.65
August,6,5:30,1.74,0.0,0.0,366.91,3.95,0.06,0.015,330.11,12.94,0.38,0.029,329.0,3.8,0.04,0.0106,446.29
August,6,6:00,2.55,0.01,0.005,326.52,5.51,0.64,0.1158,374.26,30.76,0.2,0.0064,297.81,12.1,0.25,0.0204,281.14
August,6,6:30,2.73,0.2,0.0716,345.85,6.16,2.22,0.3596,445.76,54.54,0.99,0.0181,280.81,23.7,1.25,0.0529,272.07
August,6,7:00,8.25,0.53,0.0645,370.97,24.46,0.29,0.0119,318.24,87.25,0.78,0.0089,280.93,32.03,1.04,0.0325,295.26
August,6,7:30,20.14,1.06,0.0525,358.76,47.91,1.19,0.0248,292.87,139.83,1.86,0.0133,268.02,60.27,0.98,0.0163,298.76
August,6,8:00,45.13,0.42,0.0094,294.44,87.63,0.38,0.0043,295.15,272.26,2.75,0.0101,281.51,124.83,0.79,0.0063,286.62
August,6,8:30,83.03,0.58,0.007,306.78,128.37,0.73,0.0057,303.42,394.23,4.3,0.0109,303.23,180.01,1.26,0.007,314.54
August,6,9:00,114.43,0.93,0.0081,316.17,193.92,0.52,0.0027,304.26,556.87,4.73,0.0085,314.35,254.3,1.96,0.0077,302.09
August,6,9:30,147.55,1.46,0.0099,324.62,246.16,1.28,0.0052,321.99,678.42,14.59,0.0215,320.01,318.48,4.49,0.0141,308.45
August,6,10:00,166.29,1.25,0.0075,317.43,307.75,1.23,0.004,324.95,857.88,11.24,0.0131,327.58,386.25,4.4,0.0114,303.97
August,6,10:30,198.0,1.43,0.0072,315.46,355.77,6.37,0.0179,338.81,904.16,14.38,0.0159,335.21,410.06,11.44,0.0279,307.98
August,6,11:00,212.82,1.4,0.0066,314.92,360.94,2.89,0.008,337.64,935.7,11.32,0.0121,336.13,438.81,9.43,0.0215,317.0
August,6,11:30,227.1,1.64,0.0072,319.26,393.82,4.33,0.011,340.44,963.2,13.2,0.0137,337.61,487.93,6.15,0.0126,313.18
August,6,12:00,227.74,1.75,0.0077,316.58,445.49,3.3,0.0074,343.74,980.47,18.04,0.0184,339.24,503.72,5.94,0.0118,314.27
August,6,12:30,230.26,1.66,0.0072,319.93,459.67,5.52,0.012,348.43,999.96,25.0,0.025,345.57,499.48,5.79,0.0116,322.25
August,6,13:00,227.76,2.53,0.0111,326.54,459.83,5.93,0.0129,339.73,979.5,13.71,0.014,351.96,502.05,5.87,0.0117,325.03
August,6,13:30,218.86,1.07,0.0049,328.19,459.4,13.14,0.0286,345.28,967.9,17.04,0.0176,351.51,505.08,9.9,0.0196,334.83
August,6,14:00,232.68,1.26,0.0054,325.89,464.26,8.45,0.0182,342.81,998.79,14.78,0.0148,352.72,522.78,12.96,0.0248,336.31
August,6,14:30,230.83,1.69,0.0073,331.37,494.25,13.64,0.0276,350.07,987.31,14.91,0.0151,353.46,525.23,42.49,0.0809,339.52
August,6,15:00,229.97,1.79,0.0078,327.66,478.89,1.72,0.0036,346.48,983.67,12.1,0.0123,351.31,523.03,37.24,0.0712,335.51
August,6,15:30,231.87,2.85,0.0123,329.56,471.83,3.44,0.0073,345.13,980.43,14.31,0.0146,353.83,518.78,78.13,0.1506,333.23
August,6,16:00,222.26,1.33,0.006,336.9,454.17,2.0,0.0044,345.69,945.0,5.29,0.0056,354.05,511.29,46.94,0.0918,328.83
August,6,16:30,222.23,0.58,0.0026,332.76,445.82,1.69,0.0038,343.79,880.38,3.79,0.0043,356.38,490.7,15.41,0.0314,326.3
August,6,17:00,194.97,1.77,0.0091,326.74,420.75,2.23,0.0053,349.01,816.18,3.84,0.0047,354.72,460.85,4.29,0.0093,333.64
August,6,17:30,152.4,1.19,0.0078,333.38,401.53,2.29,0.0057,354.43,762.75,2.82,0.0037,354.51,422.52,3.89,0.0092,327.62
August,6,18:00,141.22,0.52,0.0037,322.35,377.98,2.34,0.0062,347.05,661.45,3.31,0.005,353.36,350.48,1.68,0.0048,330.47
August,6,18:30,126.18,0.45,0.0036,337.41,335.44,1.61,0.0048,346.27,647.78,3.63,0.0056,351.17,324.95,2.18,0.0067,316.83
August,6,19:00,77.98,0.39,0.005,358.19,313.31,2.51,0.008,346.29,551.55,2.37,0.0043,348.47,304.67,2.19,0.0072,324.74
August,6,19:30,63.31,0.26,0.0041,330.81,284.47,1.85,0.0065,344.31,498.3,2.99,0.006,353.15,284.42,7.31,0.0257,331.8
August,6,20:00,44.46,0.81,0.0182,316.9,241.09,2.89,0.012,344.89,423.01,5.46,0.0129,350.84,245.66,7.3,0.0297,315.7
August,6,20:30,35.27,0.8,0.0226,309.49,212.18,1.82,0.0086,346.12,351.35,3.23,0.0092,348.75,229.06,3.62,0.0158,313.74
August,6,21:00,31.69,1.17,0.0368,328.43,177.66,1.78,0.01,335.49,311.95,2.78,0.0089,345.73,172.62,6.09,0.0353,321.29
August,6,21:30,18.99,0.32,0.0171,324.02,147.96,1.08,0.0073,333.36,247.73,0.77,0.0031,349.18,155.51,4.34,0.0279,300.3
August,6,22:00,17.37,0.43,0.0249,305.72,112.75,0.69,0.0061,319.91,237.05,1.0,0.0042,336.43,140.3,2.48,0.0177,315.73
August,6,22:30,12.23,1.86,0.1524,399.86,89.47,0.45,0.005,310.25,163.93,0.56,0.0034,326.04,103.35,1.36,0.0132,301.53
August,6,23:00,9.62,1.0,0.1043,371.55,63.32,0.36,0.0057,342.44,135.15,0.32,0.0024,311.33,82.27,0.35,0.0043,297.2
August,6,23:30,7.02,0.3,0.0425,309.3,50.62,0.22,0.0044,320.35,101.65,0.21,0.0021,327.18,58.99,0.39,0.0066,286.49
August,7,0:00,5.26,0.31,0.0588,761.47,36.54,0.43,0.0118,315.81,53.84,0.62,0.0115,334.4,39.77,0.12,0.0031,329.96
August,7,0:30,4.49,0.14,0.0318,404.45,23.6,0.07,0.0028,328.82,33.84,0.51,0.015,333.28,26.95,0.02,0.0006,344.63
August,7,1:00,3.18,0.26,0.081,375.75,8.61,0.03,0.0032,367.49,37.51,1.1,0.0294,324.28,21.41,0.09,0.0042,364.79
August,7,1:30,2.54,0.49,0.1923,489.05,6.63,0.01,0.0022,347.6,29.45,0.92,0.0312,291.9,16.13,0.24,0.0151,406.14
August,7,2:00,1.89,0.07,0.0387,925.01,3.97,0.0,0.0,403.96,19.64,0.42,0.0213,361.43,11.74,0.69,0.0584,372.7
August,7,2:30,1.63,0.01,0.0067,601.34,3.52,0.0,0.0,430.45,15.61,0.22,0.014,353.61,9.07,0.15,0.017,387.23
August,7,3:00,1.95,0.02,0.0083,345.77,4.65,0.02,0.005,359.68,13.22,0.25,0.0188,408.0,3.91,0.3,0.0768,424.26
August,7,3:30,1.93,0.01,0.0067,383.17,3.15,0.0,0.0,413.79,11.48,0.1,0.0089,411.48,2.16,0.07,0.0331,311.87
August,7,4:00,1.75,0.0,0.0,289.56,2.94,0.0,0.0,371.14,10.28,0.25,0.024,465.51,2.06,0.06,0.0314,322.96
August,7,4:30,1.66,0.02,0.01,254.6,2.51,0.0,0.0,321.22,10.41,0.25,0.024,497.77,2.18,0.06,0.0289,297.37
August,7,5:00,1.86,0.02,0.01,256.97,2.45,0.0,0.0,544.13,12.07,0.24,0.0199,433.28,1.91,0.02,0.0099,340.76
August,7,5:30,2.09,0.04,0.02,297.33,3.28,0.0,0.0,322.04,12.37,0.24,0.0192,328.93,1.91,0.01,0.0049,342.99
August,7,6:00,2.61,0.7,0.2667,277.23,4.75,0.05,0.01,309.27,29.66,0.18,0.0062,282.79,10.58,0.11,0.01,266.72
August,7,6:30,2.41,0.31,0.1271,288.5,6.6,0.9,0.1358,311.4,53.64,1.15,0.0215,259.5,23.79,1.63,0.0686,260.59
August,7,7:00,8.51,0.63,0.0736,316.19,28.16,0.22,0.0079,278.52,89.82,0.73,0.0081,262.34,33.54,0.16,0.0049,275.48
August,7,7:30,16.99,1.17,0.0689,351.03,47.11,0.99,0.021,294.23,142.55,1.85,0.013,259.49,56.67,0.69,0.0121,284.13
August,7,8:00,43.91,0.41,0.0094,284.61,89.62,0.21,0.0023,296.66,282.47,2.12,0.0075,274.53,122.15,0.73,0.006,275.64
August,7,8:30,83.87,0.6,0.0071,300.9,129.13,0.99,0.0077,302.85,403.71,2.66,0.0066,308.64,172.6,1.0,0.0058,300.03
August,7,9:00,116.37,0.9,0.0077,310.8,203.13,0.67,0.0033,306.62,550.03,4.02,0.0073,312.99,241.6,1.23,0.0051,291.09
August,7,9:30,141.78,1.18,0.0083,319.77,230.34,0.78,0.0034,324.07,684.16,11.49,0.0168,312.48,303.31,4.28,0.0141,301.28
August,7,10:00,164.89,1.76,0.0107,319.41,294.83,1.09,0.0037,322.42,815.2,14.51,0.0178,326.71,361.45,4.45,0.0123,303.39
August,7,10:30,203.06,1.83,0.009,316.41,350.88,5.05,0.0144,334.51,882.62,22.95,0.026,335.62,388.79,8.98,0.0231,314.94
August,7,11:00,219.72,1.38,0.0063,319.35,357.31,4.39,0.0123,333.35,921.23,19.81,0.0215,339.21,419.72,5.25,0.0125,328.4
August,7,11:30,236.36,2.1,0.0089,326.68,409.69,4.92,0.012,339.56,937.57,12.84,0.0137,338.16,461.17,3.78,0.0082,322.32
August,7,12:00,239.87,1.68,0.007,315.14,435.71,2.79,0.0064,342.85,963.27,18.49,0.0192,342.68,480.63,6.97,0.0145,319.36
August,7,12:30,236.29,1.7,0.0072,328.21,449.64,3.96,0.0088,349.45,961.14,22.49,0.0234,342.86,472.6,5.2,0.011,328.35
August,7,13:00,233.24,2.08,0.0089,328.84,448.67,3.32,0.0074,342.47,911.8,13.31,0.0146,350.38,468.62,4.83,0.0103,328.07
August,7,13:30,235.13,1.06,0.0045,333.31,450.49,5.68,0.0126,350.68,921.78,12.81,0.0139,351.34,476.49,5.48,0.0115,328.68
August,7,14:00,241.44,1.83,0.0076,328.98,443.77,3.46,0.0078,346.79,912.64,9.95,0.0109,352.98,492.26,6.15,0.0125,331.85
August,7,14:30,239.51,2.13,0.0089,334.98,469.64,3.62,0.0077,345.56,916.82,13.29,0.0145,350.36,497.01,10.88,0.0219,334.58
August,7,15:00,243.33,3.19,0.0131,333.14,453.91,0.91,0.002,349.0,907.45,13.79,0.0152,352.76,493.69,5.92,0.012,333.18
August,7,15:30,244.49,9.61,0.0393,332.51,445.97,2.41,0.0054,349.69,893.62,32.71,0.0366,353.25,499.44,6.64,0.0133,332.3
August,7,16:00,239.22,4.31,0.018,340.33,421.58,1.9,0.0045,350.74,875.94,16.64,0.019,350.36,493.18,2.12,0.0043,331.05
August,7,16:30,232.21,1.25,0.0054,337.82,414.34,1.45,0.0035,348.11,856.98,8.48,0.0099,352.07,467.86,4.91,0.0105,327.76
August,7,17:00,205.87,1.77,0.0086,335.29,377.23,1.4,0.0037,352.68,828.07,5.96,0.0072,349.09,436.36,2.66,0.0061,333.8
August,7,17:30,154.66,1.18,0.0076,340.83,370.36,1.33,0.0036,355.71,751.24,2.25,0.003,352.75,393.77,2.09,0.0053,328.91
August,7,18:00,141.67,0.94,0.0066,330.97,344.8,1.55,0.0045,349.56,661.51,2.18,0.0033,351.04,342.17,1.13,0.0033,332.08
August,7,18:30,127.01,0.7,0.0055,346.36,330.76,3.57,0.0108,351.66,637.97,2.93,0.0046,351.13,315.01,0.95,0.003,323.33
August,7,19:00,78.61,0.52,0.0066,366.96,308.97,3.06,0.0099,348.69,562.36,1.69,0.003,342.2,277.77,2.08,0.0075,326.61
August,7,19:30,61.34,0.26,0.0043,334.23,272.8,1.53,0.0056,346.8,493.16,1.68,0.0034,348.02,254.23,3.51,0.0138,332.29
August,7,20:00,44.4,0.86,0.0193,322.23,227.44,1.84,0.0081,353.96,417.07,3.04,0.0073,348.48,210.61,3.01,0.0143,322.69
August,7,20:30,32.88,0.72,0.0219,318.46,208.94,0.56,0.0027,349.92,356.42,1.1,0.0031,348.78,184.39,1.95,0.0106,314.17
August,7,21:00,23.93,0.93,0.0389,350.34,178.65,1.02,0.0057,336.18,308.67,0.71,0.0023,344.31,151.6,3.34,0.022,327.5
August,7,21:30,17.6,0.32,0.0184,331.09,132.27,1.51,0.0114,339.47,246.01,0.47,0.0019,346.57,144.82,1.61,0.0111,318.63
August,7,22:00,15.63,0.36,0.0229,318.68,100.95,0.36,0.0036,331.33,207.1,0.39,0.0019,326.16,124.09,1.22,0.0098,320.57
August,7,22:30,12.23,2.19,0.1793,435.57,80.84,0.39,0.0048,322.21,159.1,0.54,0.0034,321.86,96.92,0.51,0.0053,310.41
August,7,23:00,9.74,0.98,0.1009,369.93,51.67,0.16,0.003,318.61,120.8,0.16,0.0013,312.36,66.75,0.29,0.0044,305.59
August,7,23:30,6.59,0.28,0.0432,298.76,42.2,0.08,0.002,308.95,86.69,0.16,0.0019,309.37,55.01,0.44,0.008,300.51
August,8,0:00,8.78,0.35,0.0399,657.0,59.37,1.1,0.0185,318.36,79.86,1.25,0.0156,324.77,64.79,0.95,0.0146,330.38
August,8,0:30,9.24,0.11,0.0122,363.84,33.95,0.56,0.0164,333.58,52.2,0.98,0.0187,325.13,43.38,0.18,0.0042,315.08
August,8,1:00,5.03,0.12,0.0242,403.76,13.39,0.55,0.0409,424.99,54.87,1.77,0.0322,323.53,33.07,0.2,0.0061,337.89
August,8,1:30,3.63,0.36,0.0997,531.21,10.93,0.31,0.0287,345.89,43.1,1.58,0.0366,292.0,24.24,0.8,0.033,372.1
August,8,2:00,3.05,0.14,0.047,694.77,6.31,0.01,0.001,393.82,28.32,0.82,0.0291,350.46,15.83,0.32,0.0203,366.02
August,8,2:30,2.68,0.02,0.0083,699.38,4.55,0.0,0.0,422.04,19.87,0.31,0.0158,368.44,12.22,0.31,0.0257,430.74
August,8,3:00,2.87,0.03,0.01,358.64,5.16,0.0,0.0,382.85,17.72,0.31,0.0173,412.3,5.24,0.19,0.036,443.22
August,8,3:30,2.68,0.01,0.0033,384.51,4.32,0.0,0.0,389.96,13.37,0.04,0.0032,410.47,4.4,0.37,0.0847,470.83
August,8,4:00,2.41,0.01,0.0033,242.33,3.99,0.02,0.005,313.52,12.82,0.06,0.005,449.12,3.09,0.21,0.0668,563.32
August,8,4:30,2.43,0.02,0.01,225.14,3.6,0.01,0.0025,255.54,11.73,0.08,0.0065,465.99,3.22,0.16,0.0507,494.19
August,8,5:00,2.58,0.03,0.01,218.26,3.21,0.01,0.0025,434.39,13.59,0.06,0.0047,414.83,4.67,0.12,0.0256,403.6
August,8,5:30,2.76,0.06,0.02,240.4,4.04,0.01,0.0025,252.29,14.95,0.12,0.0078,312.57,4.64,0.08,0.0173,404.53
August,8,6:00,3.46,0.02,0.005,243.36,5.44,0.09,0.0174,278.77,31.2,0.36,0.0115,272.63,12.23,0.27,0.022,242.33
August,8,6:30,2.62,0.13,0.0513,255.48,9.66,1.35,0.1397,286.07,48.35,0.68,0.014,264.79,21.21,0.91,0.043,266.87
August,8,7:00,7.78,0.18,0.0226,266.01,10.25,0.09,0.0083,280.25,90.61,0.44,0.0049,261.0,36.04,0.75,0.0209,263.38
August,8,7:30,12.13,0.41,0.0341,329.26,16.57,0.4,0.0244,310.24,140.77,1.34,0.0095,264.03,63.3,1.07,0.0169,281.09
August,8,8:00,46.43,0.16,0.0034,261.17,45.0,0.18,0.0039,305.34,278.64,1.5,0.0054,277.5,104.85,0.88,0.0084,276.44
August,8,8:30,71.19,0.14,0.0019,276.72,55.61,0.4,0.0072,301.36,365.57,1.39,0.0038,309.13,146.48,1.45,0.0099,312.47
August,8,9:00,103.95,0.73,0.007,289.17,169.24,0.78,0.0046,300.63,525.45,1.68,0.0032,305.97,235.8,2.48,0.0105,292.17
August,8,9:30,121.2,1.3,0.0107,290.56,211.55,1.02,0.0048,315.68,612.88,6.19,0.0101,315.9,289.11,3.7,0.0128,293.22
August,8,10:00,152.45,1.05,0.0069,284.25,278.55,1.31,0.0047,320.24,717.03,5.52,0.0077,316.4,345.03,3.55,0.0103,302.36
August,8,10:30,189.3,1.57,0.0083,287.46,308.28,3.95,0.0128,318.54,832.63,9.16,0.011,329.97,401.61,12.73,0.0317,308.37
August,8,11:00,208.4,1.54,0.0074,301.73,349.86,4.34,0.0124,330.92,851.77,7.67,0.009,331.66,433.28,9.32,0.0215,303.54
August,8,11:30,218.24,1.9,0.0087,306.7,414.37,5.68,0.0137,337.67,920.59,7.36,0.008,338.33,454.6,6.77,0.0149,308.23
August,8,12:00,240.91,2.46,0.0102,305.85,418.37,3.72,0.0089,330.66,954.68,10.41,0.0109,334.92,483.89,9.44,0.0195,308.75
August,8,12:30,243.8,3.46,0.0142,309.86,432.39,4.02,0.0093,336.68,970.97,12.72,0.0131,336.62,495.15,5.74,0.0116,302.77
August,8,13:00,243.45,3.65,0.015,313.38,484.82,3.98,0.0082,337.03,955.88,9.08,0.0095,338.68,486.19,5.98,0.0123,307.31
August,8,13:30,247.26,1.9,0.0077,308.54,505.98,5.82,0.0115,330.4,955.39,11.94,0.0125,339.08,487.84,6.2,0.0127,309.5
August,8,14:00,227.72,1.87,0.0082,314.51,522.88,4.6,0.0088,345.42,948.91,8.35,0.0088,341.16,503.98,6.25,0.0124,302.51
August,8,14:30,222.38,2.94,0.0132,307.99,509.76,4.38,0.0086,343.97,929.63,9.39,0.0101,343.26,527.56,16.2,0.0307,313.2
August,8,15:00,229.41,2.66,0.0116,308.68,485.44,1.5,0.0031,339.3,871.61,4.79,0.0055,350.88,497.97,14.14,0.0284,307.61
August,8,15:30,226.56,3.47,0.0153,307.68,489.49,4.31,0.0088,335.03,858.74,17.69,0.0206,347.63,470.88,30.61,0.065,305.0
August,8,16:00,207.8,0.91,0.0044,315.2,489.09,3.08,0.0063,339.38,844.99,8.2,0.0097,340.83,453.38,19.72,0.0435,320.02
August,8,16:30,197.16,0.57,0.0029,309.24,438.43,1.75,0.004,347.13,742.26,4.16,0.0056,344.7,412.78,7.64,0.0185,314.06
August,8,17:00,186.5,1.81,0.0097,314.97,439.42,1.76,0.004,349.47,711.5,2.13,0.003,342.78,382.89,2.53,0.0066,310.34
August,8,17:30,170.92,1.18,0.0069,323.81,409.18,1.72,0.0042,342.04,713.05,2.07,0.0029,343.15,380.6,2.97,0.0078,305.56
August,8,18:00,167.28,0.99,0.0059,324.08,384.27,2.5,0.0065,341.75,644.46,1.8,0.0028,342.15,361.44,2.13,0.0059,309.69
August,8,18:30,132.26,0.63,0.0048,334.26,357.88,4.01,0.0112,338.55,567.05,3.23,0.0057,352.39,293.12,2.2,0.0075,316.35
August,8,19:00,100.43,0.47,0.0047,318.51,305.49,2.9,0.0095,337.69,504.7,1.77,0.0035,332.39,289.17,2.4,0.0083,311.76
August,8,19:30,79.89,0.44,0.0055,318.55,263.39,1.98,0.0075,323.35,456.84,1.83,0.004,327.51,256.04,6.71,0.0262,322.96
August,8,20:00,56.58,1.23,0.0217,294.12,234.0,2.36,0.0101,317.42,418.89,2.89,0.0069,338.81,217.57,6.48,0.0298,322.01
August,8,20:30,41.7,0.74,0.0177,288.82,206.38,1.09,0.0053,318.53,369.69,2.0,0.0054,348.46,197.02,2.56,0.013,310.99
August,8,21:00,31.24,1.29,0.0413,292.32,164.77,1.6,0.0097,314.99,329.75,0.96,0.0029,343.38,172.78,8.21,0.0475,321.57
August,8,21:30,24.01,0.66,0.0273,320.48,154.88,1.49,0.0096,313.64,254.21,0.64,0.0025,338.76,140.69,4.43,0.0315,326.75
August,8,22:00,20.27,0.39,0.0192,312.36,118.91,0.64,0.0054,311.03,215.77,0.63,0.0029,325.76,132.78,2.06,0.0155,313.24
August,8,22:30,16.81,2.45,0.1458,308.26,91.83,0.3,0.0033,323.64,172.11,1.12,0.0065,316.53,103.82,1.85,0.0178,306.73
August,8,23:00,13.28,1.51,0.1138,323.31,67.49,0.24,0.0035,297.61,142.45,0.47,0.0033,308.28,83.43,0.96,0.0115,318.27
August,8,23:30,8.07,0.27,0.0334,273.55,56.26,0.15,0.0026,304.38,124.59,0.4,0.0032,323.44,72.68,1.32,0.0181,301.2
August,9,0:00,12.39,0.3,0.024,639.0,37.47,0.55,0.0147,307.21,67.41,1.19,0.0177,341.89,56.51,1.01,0.0179,313.72
August,9,0:30,10.97,0.12,0.0108,373.74,31.46,0.23,0.0073,318.43,44.28,0.78,0.0177,353.2,37.95,0.17,0.0046,286.57
August,9,1:00,6.94,0.12,0.0173,375.94,13.32,0.04,0.0028,370.73,45.32,1.25,0.0275,325.53,28.39,0.28,0.0098,298.32
August,9,1:30,5.65,0.38,0.0672,514.62,9.37,0.0,0.0,336.06,35.35,1.05,0.0297,300.44,20.65,0.76,0.0366,332.1
August,9,2:00,4.09,0.12,0.0303,818.2,5.83,0.0,0.0,376.5,22.29,0.59,0.0263,342.0,11.96,0.59,0.0497,346.77
August,9,2:30,3.82,0.02,0.005,664.72,4.97,0.0,0.0,385.27,16.57,0.22,0.013,337.99,11.06,1.17,0.1059,451.73
August,9,3:00,4.07,0.02,0.005,355.13,6.23,0.0,0.0,338.63,16.67,0.23,0.014,375.86,3.51,0.12,0.034,470.75
August,9,3:30,3.71,0.0,0.0,371.98,4.23,0.0,0.0,380.94,12.0,0.03,0.0026,398.08,3.8,0.28,0.0738,371.01
August,9,4:00,3.19,0.0,0.0,249.1,4.09,0.0,0.0,377.35,12.05,0.07,0.0061,435.36,2.73,0.14,0.0504,421.28
August,9,4:30,3.35,0.03,0.01,227.47,3.59,0.0,0.0,305.25,10.17,0.08,0.008,447.43,2.8,0.15,0.0534,394.09
August,9,5:00,3.62,0.04,0.01,236.66,3.6,0.0,0.0,452.08,13.37,0.1,0.0072,387.63,4.14,0.06,0.0138,336.88
August,9,5:30,4.48,0.09,0.02,263.29,3.75,0.0,0.0,286.82,14.88,0.22,0.0146,307.96,3.84,0.05,0.0122,336.51
August,9,6:00,5.99,0.03,0.005,250.38,4.28,0.0,0.0,301.21,25.81,0.16,0.0061,280.27,10.49,0.27,0.0254,226.47
August,9,6:30,4.48,0.43,0.0958,264.37,9.27,0.57,0.0614,359.89,38.93,0.63,0.0163,267.66,17.53,0.53,0.0305,257.42
August,9,7:00,12.3,0.55,0.0447,302.26,9.45,0.07,0.0069,279.32,62.94,0.25,0.0039,266.66,28.19,0.37,0.0133,260.01
August,9,7:30,13.73,0.66,0.0478,343.73,14.68,0.42,0.0283,296.73,96.71,0.85,0.0088,261.94,50.42,0.66,0.0131,278.57
August,9,8:00,37.9,0.33,0.0087,264.43,24.26,0.07,0.0029,304.98,169.45,1.02,0.006,276.88,80.74,0.58,0.0072,278.97
August,9,8:30,56.57,0.14,0.0024,299.2,34.25,0.29,0.0085,308.22,246.24,1.08,0.0044,299.68,113.58,0.77,0.0068,314.75
August,9,9:00,72.95,0.18,0.0024,320.14,80.51,0.28,0.0035,312.92,327.8,1.67,0.0051,298.75,150.23,1.68,0.0112,302.84
August,9,9:30,86.78,0.5,0.0058,338.77,100.13,0.26,0.0026,331.2,405.19,4.42,0.0109,301.82,179.86,2.25,0.0125,298.78
August,9,10:00,98.86,0.43,0.0043,298.6,137.63,0.36,0.0026,313.25,470.69,3.86,0.0082,303.51,219.96,2.86,0.013,294.19
August,9,10:30,109.73,0.48,0.0044,308.55,156.49,2.36,0.0151,328.37,503.27,6.04,0.012,315.76,245.38,8.0,0.0326,299.63
August,9,11:00,117.4,0.58,0.0049,324.12,168.15,2.09,0.0124,315.57,511.02,5.52,0.0108,317.56,258.16,5.34,0.0207,304.53
August,9,11:30,121.02,0.56,0.0046,310.49,224.55,2.22,0.0099,313.23,539.96,4.91,0.0091,323.79,270.84,4.71,0.0174,306.24
August,9,12:00,122.76,0.55,0.0045,310.98,236.24,1.51,0.0064,322.55,570.05,6.9,0.0121,321.21,295.2,7.08,0.024,304.71
August,9,12:30,120.25,0.95,0.0079,317.19,264.36,2.33,0.0088,321.8,576.92,8.6,0.0149,323.56,301.93,4.17,0.0138,303.71
August,9,13:00,117.6,1.52,0.0129,309.6,299.45,2.07,0.0069,313.76,576.63,4.79,0.0083,333.35,295.3,3.1,0.0105,310.64
August,9,13:30,120.07,0.64,0.0053,308.97,304.0,3.28,0.0108,313.96,575.63,5.47,0.0095,329.04,306.15,3.77,0.0123,319.5
August,9,14:00,112.29,0.68,0.0061,317.05,348.2,2.26,0.0065,311.43,579.09,3.65,0.0063,333.31,311.52,3.43,0.011,314.75
August,9,14:30,112.72,1.74,0.0154,312.45,342.88,2.33,0.0068,319.57,567.15,4.82,0.0085,333.43,322.48,7.09,0.022,320.29
August,9,15:00,123.39,1.59,0.0129,319.07,338.68,0.88,0.0026,317.85,544.22,4.03,0.0074,338.72,305.39,4.73,0.0155,319.38
August,9,15:30,121.2,1.93,0.0159,305.49,352.88,2.22,0.0063,313.0,547.19,11.16,0.0204,333.04,306.4,13.27,0.0433,319.36
August,9,16:00,113.51,0.4,0.0035,298.79,363.83,1.71,0.0047,317.23,541.98,5.74,0.0106,332.3,292.51,8.01,0.0274,325.15
August,9,16:30,109.71,0.26,0.0024,303.67,322.34,1.22,0.0038,310.29,512.63,4.36,0.0085,336.2,286.8,4.33,0.0151,323.35
August,9,17:00,113.58,1.73,0.0152,311.33,321.39,1.16,0.0036,314.5,493.34,2.32,0.0047,336.51,262.45,1.36,0.0052,315.27
August,9,17:30,100.19,0.8,0.008,309.78,286.25,0.86,0.003,316.23,465.25,1.3,0.0028,333.81,251.23,1.46,0.0058,314.43
August,9,18:00,99.27,0.55,0.0055,310.54,271.04,0.98,0.0036,312.73,420.05,1.13,0.0027,333.76,237.6,1.4,0.0059,322.28
August,9,18:30,96.39,0.35,0.0036,337.15,244.85,2.5,0.0102,315.45,392.41,1.73,0.0044,342.1,209.15,1.23,0.0059,324.98
August,9,19:00,94.61,0.22,0.0023,337.31,213.03,1.87,0.0088,298.9,361.94,1.16,0.0032,334.1,210.81,2.21,0.0105,321.98
August,9,19:30,79.01,0.48,0.0061,309.23,199.76,1.0,0.005,315.1,381.43,1.34,0.0035,332.89,210.57,6.57,0.0312,334.87
August,9,20:00,67.22,2.18,0.0325,305.29,162.56,0.88,0.0054,309.49,334.54,2.07,0.0062,333.15,191.21,6.37,0.0333,326.15
August,9,20:30,46.53,0.99,0.0212,312.36,148.16,0.34,0.0023,310.48,296.57,1.48,0.005,331.83,173.05,2.3,0.0133,324.93
August,9,21:00,35.09,1.82,0.0519,304.53,128.56,0.57,0.0044,320.24,251.6,0.98,0.0039,328.24,140.87,7.76,0.0551,328.87
August,9,21:30,30.5,1.57,0.0515,317.86,110.84,0.71,0.0064,323.98,228.05,1.09,0.0048,325.77,116.07,3.38,0.0291,332.8
August,9,22:00,27.54,1.3,0.0471,325.09,101.51,0.28,0.0028,314.1,189.9,0.8,0.0042,322.87,109.52,1.6,0.0146,327.57
August,9,22:30,24.69,2.5,0.1013,315.66,84.2,0.36,0.0043,321.31,164.18,1.12,0.0068,315.09,98.4,1.34,0.0136,319.5
August,9,23:00,16.24,1.05,0.0645,351.98,72.38,0.12,0.0016,285.87,135.83,0.48,0.0035,301.42,78.97,1.08,0.0137,331.16
August,9,23:30,11.65,0.48,0.0413,261.15,60.05,0.04,0.0006,293.33,110.05,0.5,0.0045,295.24,65.67,1.78,0.0271,324.0
August,10,0:00,1.68,0.16,0.0927,527.01,14.11,0.17,0.0121,349.48,26.59,0.29,0.0108,316.77,17.7,0.25,0.0143,309.37
August,10,0:30,1.26,0.07,0.059,368.8,11.18,0.05,0.0045,314.05,22.03,0.29,0.0132,325.49,15.66,0.08,0.0049,290.25
August,10,1:00,0.75,0.1,0.1382,349.55,4.59,0.02,0.0043,376.82,17.23,0.27,0.0154,315.48,10.03,0.07,0.0069,299.14
August,10,1:30,0.68,0.21,0.3104,508.07,3.67,0.02,0.0044,342.38,12.79,0.19,0.0145,297.48,7.54,0.32,0.0419,335.44
August,10,2:00,0.78,0.04,0.047,1041.34,2.36,0.0,0.0014,311.91,8.11,0.46,0.0572,336.3,5.13,0.28,0.0546,346.9
August,10,2:30,0.73,0.0,0.005,675.82,1.82,0.0,0.0,359.2,6.35,0.21,0.0335,392.44,4.98,0.5,0.0994,498.63
August,10,3:00,0.66,0.0,0.005,348.26,1.82,0.02,0.01,361.63,6.99,0.19,0.0278,368.59,2.58,0.15,0.0598,493.24
August,10,3:30,0.67,0.0,0.005,371.43,1.24,0.0,0.0,509.43,4.72,0.04,0.0086,393.54,2.34,0.17,0.0721,333.95
August,10,4:00,0.6,0.0,0.0,246.82,1.21,0.0,0.0,308.32,4.63,0.09,0.0204,372.98,2.17,0.12,0.0564,367.34
August,10,4:30,0.63,0.0,0.0,211.93,1.35,0.0,0.0,298.07,3.96,0.03,0.0084,373.34,2.41,0.22,0.0933,375.24
August,10,5:00,0.73,0.0,0.0,213.28,1.18,0.0,0.0,377.03,4.81,0.04,0.0091,409.43,2.53,0.05,0.0187,342.35
August,10,5:30,0.87,0.0,0.005,263.01,1.49,0.01,0.0067,268.99,5.48,0.08,0.0146,298.54,2.5,0.03,0.0119,339.55
August,10,6:00,1.11,0.09,0.0825,236.85,1.73,0.15,0.0883,340.81,11.97,0.1,0.0081,257.49,5.34,0.11,0.02,240.38
August,10,6:30,0.94,0.12,0.1329,257.06,3.75,0.75,0.1997,383.57,18.54,0.18,0.0098,275.68,10.96,0.3,0.0275,262.74
August,10,7:00,2.69,0.14,0.0538,268.54,11.62,0.14,0.0124,298.89,33.92,0.06,0.0019,261.21,16.71,0.35,0.0209,277.68
August,10,7:30,3.92,0.21,0.0537,326.16,14.82,0.55,0.0373,293.62,57.12,0.23,0.004,267.52,26.05,0.38,0.0145,288.72
August,10,8:00,12.96,0.11,0.0087,274.2,30.5,0.21,0.0069,292.7,109.67,0.39,0.0036,284.51,49.61,0.32,0.0065,284.01
August,10,8:30,22.46,0.09,0.0042,303.39,45.92,0.36,0.0079,305.97,180.44,0.63,0.0035,296.39,72.84,0.59,0.0081,314.1
August,10,9:00,33.29,0.08,0.0025,302.98,76.78,0.28,0.0036,309.73,238.89,0.62,0.0026,310.29,112.46,0.81,0.0072,312.83
August,10,9:30,46.12,0.23,0.005,334.68,98.94,0.33,0.0033,330.52,310.19,3.63,0.0117,318.96,128.47,1.54,0.012,300.39
August,10,10:00,56.82,0.27,0.0047,311.2,132.88,0.69,0.0052,328.77,370.3,3.96,0.0107,320.57,160.81,1.75,0.0109,306.45
August,10,10:30,61.17,0.3,0.0049,320.48,153.43,2.44,0.0159,341.58,407.05,6.43,0.0158,331.03,167.3,4.18,0.025,315.35
August,10,11:00,62.89,0.21,0.0034,320.73,172.96,2.11,0.0122,340.21,442.87,5.18,0.0117,340.71,176.88,3.34,0.0189,319.14
August,10,11:30,63.7,0.25,0.0039,322.61,191.52,2.36,0.0123,342.06,447.92,4.84,0.0108,346.63,186.94,2.49,0.0133,319.32
August,10,12:00,65.95,0.24,0.0037,310.75,197.69,1.4,0.0071,333.46,461.94,5.22,0.0113,344.4,201.32,2.17,0.0108,323.32
August,10,12:30,66.53,0.25,0.0037,308.69,205.21,3.34,0.0163,337.71,460.03,6.76,0.0147,344.35,200.52,2.07,0.0103,320.12
August,10,13:00,66.43,0.61,0.0092,309.64,215.02,2.02,0.0094,338.78,454.5,4.95,0.0109,353.16,205.52,2.03,0.0099,323.32
August,10,13:30,69.36,0.49,0.007,327.92,212.09,2.84,0.0134,337.82,460.73,7.42,0.0161,352.24,206.59,8.16,0.0395,334.39
August,10,14:00,69.76,0.67,0.0096,327.37,240.6,3.39,0.0141,341.46,462.7,6.2,0.0134,356.05,214.32,9.99,0.0466,329.23
August,10,14:30,73.28,1.8,0.0246,331.02,236.1,2.9,0.0123,344.21,463.5,6.67,0.0144,354.42,215.78,25.48,0.1181,331.9
August,10,15:00,73.38,1.33,0.0181,332.02,233.14,1.35,0.0058,340.97,461.8,3.09,0.0067,351.12,218.07,19.82,0.0909,330.87
August,10,15:30,74.83,1.26,0.0168,332.83,238.8,1.43,0.006,339.74,460.72,6.68,0.0145,350.96,219.17,28.45,0.1298,330.8
August,10,16:00,68.64,0.23,0.0034,325.2,239.29,1.41,0.0059,339.18,458.25,2.2,0.0048,352.34,222.21,16.22,0.073,335.97
August,10,16:30,67.45,0.17,0.0025,323.46,228.35,1.39,0.0061,345.53,443.06,1.51,0.0034,351.72,217.96,6.1,0.028,337.66
August,10,17:00,61.34,0.58,0.0094,323.79,224.98,1.24,0.0055,351.09,420.48,2.02,0.0048,348.96,207.81,1.85,0.0089,336.88
August,10,17:30,59.18,0.46,0.0078,315.18,203.92,0.98,0.0048,345.03,398.32,1.95,0.0049,345.68,192.68,1.77,0.0092,336.7
August,10,18:00,47.34,0.33,0.007,308.98,187.34,1.14,0.0061,342.7,365.29,2.63,0.0072,349.95,175.3,0.93,0.0053,340.02
August,10,18:30,42.86,0.16,0.0038,330.73,181.91,1.29,0.0071,339.15,322.55,1.42,0.0044,352.94,168.85,0.95,0.0056,336.02
August,10,19:00,29.38,0.11,0.0037,346.03,155.5,1.29,0.0083,333.1,273.65,0.85,0.0031,353.53,159.21,1.11,0.007,332.1
August,10,19:30,23.19,0.19,0.0082,339.38,143.2,1.05,0.0073,341.22,249.33,1.37,0.0055,349.57,147.33,3.65,0.0248,342.38
August,10,20:00,17.43,0.44,0.0252,328.1,120.11,1.12,0.0093,340.2,219.9,2.42,0.011,356.21,133.95,3.2,0.0239,331.58
August,10,20:30,13.84,0.35,0.025,335.78,95.41,0.6,0.0063,329.23,185.82,1.54,0.0083,341.4,118.34,1.54,0.013,330.98
August,10,21:00,11.8,0.49,0.0419,329.9,78.65,0.46,0.0059,331.4,164.69,0.59,0.0036,346.42,95.24,2.87,0.0301,337.23
August,10,21:30,9.27,0.24,0.0261,329.1,73.44,0.43,0.0059,333.6,136.49,0.25,0.0018,337.14,69.69,1.35,0.0193,337.69
August,10,22:00,7.13,0.09,0.0124,322.3,58.67,0.16,0.0027,318.0,111.47,0.39,0.0035,333.58,66.15,0.87,0.0131,339.88
August,10,22:30,4.43,0.74,0.1662,325.05,42.31,0.15,0.0035,325.05,86.18,0.51,0.0059,328.86,56.93,0.82,0.0144,334.02
August,10,23:00,4.41,0.3,0.0687,310.71,34.37,0.07,0.0019,305.83,63.63,0.23,0.0036,319.67,43.56,0.31,0.0072,343.99
August,10,23:30,2.69,0.1,0.0381,338.87,26.25,0.03,0.0011,291.89,49.72,0.26,0.0052,336.84,35.43,0.36,0.0103,338.09
August,11,0:00,6.57,0.18,0.0267,555.85,42.51,0.6,0.0141,313.92,76.83,0.49,0.0064,320.01,50.81,0.38,0.0075,343.38
August,11,0:30,5.76,0.03,0.0048,384.28,30.29,0.17,0.0055,322.18,55.67,0.53,0.0096,326.74,30.94,0.04,0.0013,348.65
August,11,1:00,3.91,0.07,0.0189,385.55,12.47,0.11,0.0086,366.76,39.21,0.45,0.0114,333.15,25.57,0.03,0.0011,349.76
August,11,1:30,3.67,0.08,0.0205,343.08,6.99,0.09,0.0132,327.78,31.25,0.28,0.009,339.43,27.67,1.0,0.0363,373.41
August,11,2:00,3.04,0.04,0.012,340.08,5.03,0.03,0.0057,389.0,18.69,0.8,0.0427,305.17,19.61,1.07,0.0544,373.03
August,11,2:30,2.58,0.01,0.005,356.01,5.74,0.11,0.02,454.63,15.07,0.29,0.0192,281.91,14.02,0.2,0.0146,394.65
August,11,3:00,2.51,0.0,0.0,360.23,4.26,0.01,0.0029,515.65,15.91,0.8,0.0505,301.81,3.77,0.16,0.0428,414.46
August,11,3:30,2.42,0.0,0.0,235.98,3.23,0.02,0.0054,510.64,15.72,0.45,0.0285,338.66,2.61,0.11,0.0406,379.89
August,11,4:00,2.33,0.0,0.0,299.33,3.11,0.02,0.0079,381.89,11.9,0.38,0.0322,320.81,2.22,0.09,0.0398,407.99
August,11,4:30,2.3,0.0,0.0,277.95,3.21,0.02,0.0054,331.63,12.58,0.44,0.0346,348.28,2.47,0.1,0.0425,386.78
August,11,5:00,2.65,0.0,0.0,259.69,3.16,0.01,0.0029,282.54,12.11,0.34,0.0278,327.97,2.86,0.05,0.0166,298.83
August,11,5:30,2.35,0.0,0.0,389.99,3.34,0.22,0.065,454.81,18.6,0.46,0.0249,271.89,3.51,0.04,0.0109,304.57
August,11,6:00,2.33,0.0,0.0008,392.08,5.32,0.2,0.0383,398.57,30.74,0.15,0.005,292.71,16.9,0.28,0.0166,288.13
August,11,6:30,5.79,0.88,0.1515,378.82,9.14,2.81,0.3076,400.18,54.68,0.9,0.0164,265.12,21.94,1.34,0.0611,265.62
August,11,7:00,10.64,1.32,0.1242,342.93,28.31,1.02,0.036,295.84,92.4,0.43,0.0046,267.53,38.84,0.45,0.0116,270.14
August,11,7:30,15.75,2.06,0.1308,330.51,49.38,2.87,0.0581,293.44,159.12,1.59,0.01,264.7,76.4,0.99,0.0129,291.73
August,11,8:00,49.62,0.81,0.0164,285.97,90.14,0.57,0.0063,285.39,273.85,1.29,0.0047,288.49,131.39,1.5,0.0114,283.06
August,11,8:30,92.5,2.32,0.0251,299.36,140.36,1.66,0.0118,312.61,410.13,4.1,0.01,306.1,182.95,1.74,0.0095,307.72
August,11,9:00,127.61,1.2,0.0094,310.19,202.26,1.05,0.0052,312.15,593.06,4.33,0.0073,313.78,279.47,7.07,0.0253,300.41
August,11,9:30,156.1,1.26,0.0081,322.01,261.36,2.38,0.0091,343.58,720.2,17.14,0.0238,324.44,344.33,7.51,0.0218,311.47
August,11,10:00,177.16,0.8,0.0045,321.44,333.6,2.77,0.0083,347.72,871.56,14.29,0.0164,326.86,412.88,8.67,0.021,312.47
August,11,10:30,215.88,0.91,0.0042,326.47,353.0,8.19,0.0232,348.07,979.31,15.77,0.0161,336.63,442.65,12.62,0.0285,319.0
August,11,11:00,225.31,0.72,0.0032,337.3,378.17,3.37,0.0089,344.99,1009.96,12.32,0.0122,340.16,470.2,5.69,0.0121,330.13
August,11,11:30,238.88,0.98,0.0041,338.86,405.25,4.34,0.0107,342.49,1020.85,12.96,0.0127,342.54,512.22,6.61,0.0129,328.76
August,11,12:00,248.05,2.03,0.0082,325.62,462.42,3.24,0.007,343.17,1046.83,10.99,0.0105,344.14,523.51,5.76,0.011,327.55
August,11,12:30,239.03,1.91,0.008,327.91,471.84,4.81,0.0102,344.69,1037.54,13.07,0.0126,346.89,526.73,11.17,0.0212,328.75
August,11,13:00,242.31,3.0,0.0124,332.6,470.5,3.86,0.0082,337.88,1037.5,10.38,0.01,352.28,528.92,9.84,0.0186,328.98
August,11,13:30,245.5,1.23,0.005,338.6,481.93,6.27,0.013,343.5,1041.43,16.04,0.0154,349.69,530.43,28.7,0.0541,340.65
August,11,14:00,251.24,1.18,0.0047,333.2,516.58,3.93,0.0076,344.55,1035.82,12.33,0.0119,352.83,549.62,15.66,0.0285,336.66
August,11,14:30,250.13,2.2,0.0088,338.84,518.6,4.3,0.0083,347.39,1046.13,9.21,0.0088,354.61,552.09,13.8,0.025,336.38
August,11,15:00,254.35,3.08,0.0121,330.63,516.56,2.38,0.0046,342.51,1054.62,4.64,0.0044,354.92,544.97,7.25,0.0133,336.82
August,11,15:30,254.53,3.0,0.0118,336.09,509.68,2.91,0.0057,340.5,1045.4,3.76,0.0036,354.82,545.03,10.25,0.0188,333.09
August,11,16:00,250.26,0.93,0.0037,345.24,519.02,2.6,0.005,351.79,1025.98,2.05,0.002,353.58,543.84,4.24,0.0078,332.77
August,11,16:30,236.43,0.66,0.0028,339.87,488.01,1.66,0.0034,345.1,980.95,1.86,0.0019,356.68,522.17,3.76,0.0072,335.16
August,11,17:00,206.96,1.49,0.0072,336.72,491.67,1.72,0.0035,350.05,926.94,2.69,0.0029,358.29,485.97,2.62,0.0054,337.61
August,11,17:30,175.38,1.47,0.0084,346.06,459.3,2.8,0.0061,345.53,860.58,3.36,0.0039,355.74,440.6,2.69,0.0061,341.39
August,11,18:00,151.12,0.62,0.0041,332.79,421.96,3.33,0.0079,343.66,776.99,4.74,0.0061,354.37,398.88,2.83,0.0071,338.87
August,11,18:30,134.52,0.48,0.0036,342.56,363.13,1.71,0.0047,333.64,698.27,4.26,0.0061,352.0,376.57,1.51,0.004,340.82
August,11,19:00,89.89,0.29,0.0032,351.85,336.69,1.92,0.0057,340.3,619.78,2.91,0.0047,349.6,354.09,2.37,0.0067,332.38
August,11,19:30,68.29,0.44,0.0064,345.21,311.45,1.65,0.0053,339.88,554.35,4.27,0.0077,352.99,305.07,4.15,0.0136,344.05
August,11,20:00,51.14,1.52,0.0297,338.76,266.63,2.88,0.0108,343.4,469.39,6.85,0.0146,354.59,268.82,5.38,0.02,331.08
August,11,20:30,48.5,1.36,0.028,324.16,231.07,2.7,0.0117,338.08,394.51,5.52,0.014,350.59,244.77,4.43,0.0181,325.58
August,11,21:00,32.12,0.87,0.0271,326.12,191.84,2.07,0.0108,346.25,340.49,2.59,0.0076,350.9,195.6,5.09,0.026,334.57
August,11,21:30,24.23,0.44,0.0181,338.19,164.51,1.5,0.0091,340.09,275.11,0.85,0.0031,346.5,184.34,1.62,0.0088,321.48
August,11,22:00,19.19,0.37,0.0194,303.88,128.13,0.62,0.0048,310.13,253.6,1.14,0.0045,332.48,148.64,3.15,0.0212,328.62
August,11,22:30,16.88,3.71,0.2195,363.45,98.48,0.82,0.0083,312.27,192.88,1.27,0.0066,322.94,114.89,0.94,0.0082,329.09
August,11,23:00,12.52,1.46,0.1167,357.13,72.18,0.66,0.0091,343.11,158.09,0.55,0.0035,315.08,85.7,0.45,0.0053,320.46
August,11,23:30,8.76,0.92,0.105,316.5,54.2,0.36,0.0067,318.77,117.43,0.19,0.0016,345.28,69.52,0.4,0.0057,325.29
August,12,0:00,4.8,0.1,0.0204,354.35,28.78,0.54,0.0186,326.5,53.76,0.48,0.0089,326.01,36.74,0.23,0.0062,311.7
August,12,0:30,4.31,0.01,0.0033,357.03,23.61,0.28,0.012,353.09,41.09,0.37,0.009,325.95,27.7,0.04,0.0013,317.14
August,12,1:00,2.94,0.03,0.01,441.49,8.77,0.11,0.0128,434.03,32.8,0.39,0.0119,314.11,23.42,0.03,0.0011,310.25
August,12,1:30,2.66,0.02,0.0067,324.39,6.7,0.03,0.0043,377.45,27.69,0.43,0.0156,322.34,25.18,0.8,0.0317,314.12
August,12,2:00,2.38,0.0,0.0,312.53,5.18,0.02,0.0029,361.69,25.28,0.86,0.0342,289.79,18.3,0.46,0.0253,303.06
August,12,2:30,1.88,0.0,0.0,396.7,3.55,0.02,0.0057,401.46,23.98,0.52,0.0216,250.27,15.24,0.15,0.0096,337.28
August,12,3:00,1.7,0.0,0.0,303.43,3.46,0.0,0.0,423.67,12.92,0.22,0.0167,267.32,4.25,0.08,0.0186,408.25
August,12,3:30,1.83,0.0,0.0,311.96,2.27,0.0,0.0,433.3,10.91,0.11,0.0104,320.36,1.82,0.02,0.0118,318.29
August,12,4:00,1.75,0.0,0.0,473.1,2.68,0.0,0.0,307.84,9.02,0.25,0.0272,291.06,1.37,0.01,0.0061,277.93
August,12,4:30,1.87,0.0,0.0,388.71,2.16,0.0,0.0,309.7,9.53,0.17,0.0183,331.74,1.66,0.02,0.0141,322.36
August,12,5:00,2.21,0.0,0.0,339.63,2.1,0.0,0.0,270.66,10.61,0.08,0.008,302.91,1.81,0.01,0.0028,285.44
August,12,5:30,2.15,0.0,0.0,632.32,3.08,0.0,0.0,373.14,10.67,0.16,0.0149,319.37,1.89,0.0,0.0026,272.67
August,12,6:00,2.13,0.0,0.0,578.91,5.28,0.11,0.0217,315.71,25.81,0.19,0.0075,264.43,13.24,0.07,0.0055,281.93
August,12,6:30,2.36,0.32,0.134,421.0,6.08,1.31,0.2148,317.21,52.32,0.94,0.018,256.62,24.41,2.04,0.0837,276.14
August,12,7:00,8.75,0.41,0.0467,321.89,25.78,0.34,0.013,272.69,82.12,0.41,0.005,271.16,35.15,0.36,0.0102,274.31
August,12,7:30,11.84,0.62,0.0522,367.1,43.22,1.74,0.0402,290.1,134.5,0.52,0.0039,265.25,59.63,0.69,0.0116,298.0
August,12,8:00,43.49,1.17,0.027,292.45,78.93,0.24,0.0031,285.35,251.62,0.53,0.0021,281.55,123.97,1.26,0.0102,292.14
August,12,8:30,84.51,1.97,0.0233,310.64,119.5,0.66,0.0055,297.58,377.77,1.44,0.0038,300.28,160.39,1.35,0.0084,299.35
August,12,9:00,116.05,1.06,0.0091,304.92,175.15,0.53,0.003,300.88,540.85,2.0,0.0037,314.45,243.89,6.8,0.0279,298.16
August,12,9:30,156.67,1.52,0.0097,322.66,224.62,0.9,0.004,317.71,677.13,7.99,0.0118,321.72,297.49,6.81,0.0229,308.13
August,12,10:00,167.35,0.74,0.0044,316.82,280.11,0.98,0.0035,316.48,821.93,8.63,0.0105,329.25,374.42,8.27,0.0221,302.71
August,12,10:30,196.92,0.73,0.0037,324.89,313.73,4.05,0.0129,337.81,885.0,13.01,0.0147,333.18,387.44,9.65,0.0249,309.0
August,12,11:00,189.28,0.59,0.0031,334.73,339.57,2.31,0.0068,336.65,937.37,9.56,0.0102,338.45,423.13,4.95,0.0117,319.48
August,12,11:30,200.18,0.94,0.0047,334.63,364.18,3.28,0.009,337.63,956.4,8.99,0.0094,340.34,465.33,5.63,0.0121,316.89
August,12,12:00,204.92,1.35,0.0066,331.41,406.53,2.36,0.0058,343.61,978.8,8.32,0.0085,341.84,498.09,4.68,0.0094,319.5
August,12,12:30,202.69,1.58,0.0078,330.79,399.7,3.76,0.0094,350.58,972.24,12.54,0.0129,345.58,481.03,10.2,0.0212,327.1
August,12,13:00,207.0,2.07,0.01,332.79,415.16,3.32,0.008,339.4,975.05,10.14,0.0104,349.82,478.63,10.91,0.0228,327.85
August,12,13:30,214.6,0.88,0.0041,334.77,439.05,6.67,0.0152,347.12,968.64,13.17,0.0136,351.4,474.9,23.56,0.0496,338.94
August,12,14:00,221.71,0.44,0.002,336.31,459.59,4.0,0.0087,340.36,969.39,6.01,0.0062,354.12,498.79,11.57,0.0232,340.32
August,12,14:30,221.87,1.0,0.0045,340.65,466.53,3.5,0.0075,348.4,983.7,9.44,0.0096,357.68,502.47,10.75,0.0214,342.03
August,12,15:00,209.25,1.59,0.0076,326.63,456.42,1.23,0.0027,343.81,980.59,3.33,0.0034,359.5,490.46,6.18,0.0126,338.69
August,12,15:30,216.98,2.06,0.0095,326.05,444.48,2.0,0.0045,344.75,975.18,2.54,0.0026,356.64,502.64,6.28,0.0125,335.99
August,12,16:00,210.92,0.42,0.002,337.48,445.17,2.18,0.0049,346.86,952.31,2.1,0.0022,361.24,499.24,3.29,0.0066,336.13
August,12,16:30,203.42,0.33,0.0016,335.95,418.63,1.34,0.0032,340.33,893.72,1.7,0.0019,360.81,482.05,2.12,0.0044,332.15
August,12,17:00,185.7,0.89,0.0048,331.95,382.4,1.45,0.0038,346.75,850.93,2.04,0.0024,361.62,459.68,1.61,0.0035,337.6
August,12,17:30,156.13,1.42,0.0091,334.98,372.92,1.75,0.0047,349.97,788.23,4.49,0.0057,360.38,410.17,2.13,0.0052,335.66
August,12,18:00,133.16,0.47,0.0035,328.78,317.11,1.87,0.0059,342.81,714.77,5.15,0.0072,360.05,374.48,2.36,0.0063,335.81
August,12,18:30,122.44,0.61,0.005,349.05,302.54,1.82,0.006,338.14,660.64,2.91,0.0044,355.84,335.84,1.48,0.0044,325.04
August,12,19:00,71.15,0.19,0.0027,354.71,291.41,2.21,0.0076,345.55,559.54,1.73,0.0031,351.07,313.01,1.85,0.0059,330.23
August,12,19:30,62.48,0.31,0.005,348.93,268.15,1.72,0.0064,347.15,494.33,3.31,0.0067,354.38,285.44,4.14,0.0145,335.71
August,12,20:00,45.55,1.2,0.0264,331.9,231.53,3.03,0.0131,355.79,431.71,2.55,0.0059,353.59,267.89,6.27,0.0234,320.61
August,12,20:30,43.01,1.28,0.0298,326.1,209.63,2.49,0.0119,341.95,373.89,1.5,0.004,350.47,220.13,4.47,0.0203,321.51
August,12,21:00,28.42,0.71,0.025,353.88,169.35,2.08,0.0123,339.61,308.06,0.71,0.0023,349.49,176.66,4.88,0.0276,322.82
August,12,21:30,21.68,0.21,0.0098,360.46,137.56,1.13,0.0082,347.5,239.37,0.45,0.0019,352.79,162.34,1.67,0.0103,306.98
August,12,22:00,16.67,0.14,0.0086,365.52,109.66,0.49,0.0045,313.29,240.28,2.4,0.01,345.68,137.06,2.49,0.0182,318.88
August,12,22:30,12.77,1.89,0.1478,389.84,92.18,0.51,0.0055,304.87,162.59,0.93,0.0057,330.8,107.2,0.91,0.0085,311.79
August,12,23:00,12.11,1.04,0.0862,324.53,58.62,0.4,0.0069,340.74,134.88,0.28,0.0021,313.11,79.13,0.51,0.0065,304.07
August,12,23:30,9.43,0.95,0.1009,347.6,45.2,0.17,0.0038,307.83,97.08,0.18,0.0019,333.45,65.81,0.36,0.0054,297.46
August,13,0:00,4.77,0.39,0.0828,439.46,29.58,0.24,0.0082,311.17,64.7,0.56,0.0087,327.63,38.52,0.34,0.0088,335.51
August,13,0:30,4.49,0.22,0.0498,441.35,22.1,0.17,0.0077,323.35,42.13,0.29,0.0069,315.96,29.12,0.08,0.0026,316.27
August,13,1:00,2.89,0.35,0.122,358.84,8.16,0.03,0.0039,409.72,31.9,0.18,0.0057,320.71,21.21,0.07,0.0032,342.76
August,13,1:30,2.4,0.62,0.2578,395.4,6.01,0.01,0.0011,363.45,25.45,0.16,0.0062,309.64,16.18,0.35,0.0214,352.82
August,13,2:00,1.88,0.12,0.0617,1017.82,3.72,0.0,0.0005,383.07,16.81,0.28,0.0167,323.45,10.25,0.47,0.0461,323.98
August,13,2:30,1.91,0.02,0.0092,441.87,3.1,0.0,0.0005,392.85,14.18,0.12,0.0085,381.61,10.05,0.18,0.0183,309.81
August,13,3:00,1.87,0.01,0.0067,334.85,3.81,0.0,0.0,336.28,12.94,0.34,0.0262,404.09,3.31,0.06,0.0187,387.52
August,13,3:30,1.91,0.01,0.0067,305.6,2.94,0.0,0.0,354.88,13.21,0.01,0.0006,353.56,2.27,0.06,0.025,436.68
August,13,4:00,1.78,0.0,0.0,270.69,2.66,0.0,0.0,334.5,11.01,0.04,0.0034,382.01,1.6,0.01,0.0082,508.18
August,13,4:30,1.71,0.0,0.0,253.95,2.39,0.0,0.0,313.81,8.9,0.05,0.0055,360.6,1.88,0.01,0.0057,412.89
August,13,5:00,1.88,0.0,0.0,255.74,2.38,0.01,0.0033,508.58,10.35,0.08,0.008,493.06,2.46,0.02,0.0083,399.91
August,13,5:30,2.08,0.0,0.0,304.14,2.99,0.02,0.0067,362.15,13.54,0.07,0.0051,380.72,2.86,0.01,0.0043,406.76
August,13,6:00,2.73,0.25,0.09,287.35,4.5,0.02,0.0053,306.43,25.51,0.16,0.0061,268.97,10.46,0.04,0.004,239.58
August,13,6:30,2.19,0.12,0.0558,298.31,6.17,0.65,0.106,344.37,54.21,0.56,0.0103,262.92,23.48,1.79,0.0761,256.78
August,13,7:00,8.49,0.36,0.0421,342.86,23.91,0.15,0.0062,273.84,83.72,0.49,0.0058,260.7,35.53,0.54,0.0152,270.43
August,13,7:30,19.4,0.68,0.0352,349.96,42.93,1.8,0.0419,290.38,141.34,1.72,0.0122,257.36,57.24,1.13,0.0198,282.81
August,13,8:00,44.3,0.39,0.0087,284.04,78.25,0.38,0.0049,292.31,256.07,0.95,0.0037,284.39,114.52,0.42,0.0037,271.48
August,13,8:30,79.37,0.53,0.0067,306.37,120.48,0.94,0.0078,305.14,383.47,0.84,0.0022,307.06,167.73,0.82,0.0049,307.95
August,13,9:00,116.68,0.79,0.0068,310.33,191.36,0.59,0.0031,310.35,539.74,1.51,0.0028,317.52,239.67,2.61,0.0109,297.69
August,13,9:30,137.97,1.21,0.0088,323.38,219.99,0.81,0.0037,326.89,658.52,2.24,0.0034,321.1,289.66,5.36,0.0185,308.33
August,13,10:00,155.46,1.32,0.0085,318.09,267.86,0.64,0.0024,323.29,748.89,3.07,0.0041,329.32,349.72,4.86,0.0139,306.5
August,13,10:30,188.56,1.38,0.0073,318.51,328.28,4.63,0.0141,336.0,857.46,6.0,0.007,338.42,381.85,10.16,0.0266,310.55
August,13,11:00,194.19,1.3,0.0067,319.49,329.75,3.46,0.0105,335.73,885.99,4.25,0.0048,346.1,409.59,7.5,0.0183,326.11
August,13,11:30,203.15,1.75,0.0086,326.31,383.39,5.6,0.0146,338.67,938.5,8.73,0.0093,348.91,458.58,4.68,0.0102,317.03
August,13,12:00,206.29,1.42,0.0069,316.84,389.75,4.4,0.0113,343.45,994.71,17.21,0.0173,347.56,484.11,10.46,0.0216,317.94
August,13,12:30,202.46,1.11,0.0055,325.45,381.78,3.44,0.009,348.1,970.81,10.29,0.0106,352.85,465.7,6.19,0.0133,324.62
August,13,13:00,203.93,2.18,0.0107,332.34,390.64,4.18,0.0107,341.21,938.94,6.67,0.0071,352.81,447.9,5.29,0.0118,324.93
August,13,13:30,210.16,0.95,0.0045,330.33,409.7,5.86,0.0143,352.35,938.16,6.66,0.0071,353.48,453.44,5.08,0.0112,333.08
August,13,14:00,213.53,1.32,0.0062,328.85,414.36,2.4,0.0058,347.24,953.46,6.1,0.0064,354.92,467.19,4.91,0.0105,335.02
August,13,14:30,218.99,1.88,0.0086,334.91,438.31,2.54,0.0058,345.54,953.99,8.59,0.009,357.28,477.57,8.36,0.0175,341.83
August,13,15:00,205.54,2.2,0.0107,326.44,421.96,0.93,0.0022,350.99,944.16,3.21,0.0034,361.08,468.29,6.65,0.0142,340.61
August,13,15:30,208.81,3.88,0.0186,326.41,414.09,1.82,0.0044,351.11,938.16,3.28,0.0035,357.33,478.07,25.05,0.0524,336.84
August,13,16:00,203.18,1.87,0.0092,340.39,390.4,1.44,0.0037,350.92,921.87,2.12,0.0023,356.16,471.06,15.31,0.0325,334.99
August,13,16:30,198.9,0.9,0.0045,337.43,387.43,1.2,0.0031,346.5,877.41,2.9,0.0033,356.19,438.57,5.13,0.0117,329.96
August,13,17:00,188.9,1.62,0.0086,327.34,351.02,1.23,0.0035,351.17,838.99,2.35,0.0028,353.41,412.12,2.51,0.0061,339.79
August,13,17:30,151.0,1.24,0.0082,335.41,346.5,1.28,0.0037,358.34,764.78,2.37,0.0031,354.75,364.92,2.55,0.007,326.49
August,13,18:00,131.1,1.0,0.0076,326.3,321.11,1.35,0.0042,350.5,705.36,2.05,0.0029,360.12,328.0,1.77,0.0054,329.84
August,13,18:30,117.34,0.79,0.0067,342.41,307.05,1.97,0.0064,351.36,638.22,4.15,0.0065,361.14,303.62,1.52,0.005,320.1
August,13,19:00,72.4,0.52,0.0072,361.68,289.54,2.17,0.0075,344.99,545.84,2.89,0.0053,354.02,284.85,2.62,0.0092,333.56
August,13,19:30,57.36,0.29,0.0051,331.76,259.62,1.32,0.0051,339.58,481.94,2.55,0.0053,362.56,256.7,4.47,0.0174,337.98
August,13,20:00,43.99,0.69,0.0156,321.87,223.66,1.57,0.007,349.49,413.28,2.48,0.006,356.59,227.34,5.68,0.025,323.83
August,13,20:30,33.84,0.73,0.0216,308.49,201.7,0.95,0.0047,346.37,348.99,2.58,0.0074,347.39,210.97,2.38,0.0113,321.01
August,13,21:00,28.43,0.83,0.0293,324.16,168.86,0.71,0.0042,336.95,305.74,1.25,0.0041,346.42,161.81,7.44,0.046,332.27
August,13,21:30,19.48,0.14,0.007,327.82,123.9,0.31,0.0025,351.18,236.04,1.23,0.0052,347.18,147.53,3.95,0.0268,319.24
August,13,22:00,14.27,0.04,0.0029,309.55,102.33,0.46,0.0045,338.14,218.62,1.11,0.0051,328.18,128.94,1.93,0.015,324.98
August,13,22:30,11.88,1.6,0.1345,397.45,82.89,0.38,0.0046,326.73,152.9,1.04,0.0068,326.55,93.76,1.08,0.0115,317.8
August,13,23:00,10.29,0.97,0.0946,358.46,57.15,0.47,0.0082,322.56,138.26,0.44,0.0032,329.75,78.08,0.8,0.0102,321.98
August,13,23:30,7.62,0.1,0.0135,292.35,41.5,0.14,0.0033,311.07,95.83,0.45,0.0047,335.19,56.67,1.21,0.0213,304.12
August,14,0:00,4.17,0.02,0.0054,377.51,29.59,0.44,0.0149,307.73,56.27,0.47,0.0083,323.83,41.16,0.59,0.0144,330.61
August,14,0:30,4.06,0.01,0.0035,267.14,21.61,0.19,0.0086,310.04,39.82,0.19,0.0047,321.76,27.39,0.09,0.0034,311.04
August,14,1:00,2.71,0.04,0.0156,358.85,7.7,0.05,0.0067,381.11,34.59,0.28,0.0082,298.34,19.82,0.13,0.0067,341.84
August,14,1:30,2.61,0.12,0.0455,292.75,6.31,0.05,0.0074,338.21,26.67,0.18,0.0069,331.44,16.15,0.39,0.0243,355.78
August,14,2:00,1.83,0.06,0.0353,332.56,3.79,0.0,0.0,370.13,18.32,0.21,0.0115,293.51,13.6,0.2,0.0146,352.91
August,14,2:30,1.86,0.02,0.0083,350.28,3.09,0.0,0.0,416.12,16.15,0.22,0.0139,327.24,9.76,0.15,0.0158,347.89
August,14,3:00,1.76,0.04,0.0233,318.92,3.56,0.0,0.0,366.56,11.26,0.16,0.0141,363.86,3.22,0.1,0.031,440.98
August,14,3:30,1.85,0.01,0.0067,226.9,2.64,0.0,0.0,371.19,10.68,0.03,0.0027,358.89,2.5,0.15,0.058,497.73
August,14,4:00,1.66,0.01,0.0033,236.25,2.77,0.0,0.0,278.88,9.57,0.05,0.0055,397.24,1.77,0.06,0.0322,592.83
August,14,4:30,1.73,0.0,0.0,243.96,2.7,0.0,0.0,302.22,9.28,0.06,0.0065,353.66,1.8,0.04,0.0209,489.14
August,14,5:00,1.83,0.0,0.0,234.72,2.65,0.0,0.0,447.03,10.38,0.08,0.008,354.95,3.02,0.06,0.0204,428.0
August,14,5:30,1.82,0.0,0.0,321.1,2.82,0.0,0.0,317.51,10.1,0.04,0.0038,320.32,3.03,0.05,0.0155,410.96
August,14,6:00,2.5,0.01,0.005,270.74,4.43,0.0,0.0,324.67,27.58,0.09,0.0031,267.84,8.9,0.11,0.0125,253.65
August,14,6:30,2.09,0.15,0.074,283.66,5.58,0.7,0.125,368.03,51.29,0.46,0.009,256.15,22.27,1.45,0.0652,249.31
August,14,7:00,8.82,0.25,0.0286,338.4,27.6,0.1,0.0037,261.14,84.67,0.27,0.0032,266.25,39.58,0.56,0.0142,264.7
August,14,7:30,12.72,0.31,0.0246,348.25,42.72,1.17,0.0274,279.55,142.9,0.81,0.0057,259.45,58.21,0.59,0.0101,282.16
August,14,8:00,44.49,0.18,0.004,286.07,81.56,0.29,0.0036,280.63,266.59,0.51,0.0019,277.56,113.23,0.43,0.0038,273.42
August,14,8:30,80.02,0.26,0.0032,304.98,116.29,0.7,0.006,307.23,385.96,0.85,0.0022,308.08,174.57,1.54,0.0088,308.07
August,14,9:00,117.76,0.8,0.0068,308.08,185.13,0.48,0.0026,308.7,556.62,1.5,0.0027,311.34,244.44,3.45,0.0141,295.05
August,14,9:30,141.18,1.19,0.0084,323.22,212.16,0.55,0.0026,323.62,668.25,3.61,0.0054,310.85,300.81,4.63,0.0154,305.51
August,14,10:00,153.48,0.98,0.0064,320.47,263.3,1.24,0.0047,318.69,757.21,4.24,0.0056,327.52,346.57,3.99,0.0115,302.69
August,14,10:30,189.87,1.31,0.0069,318.67,320.6,4.33,0.0135,332.97,832.76,6.16,0.0074,332.66,384.77,11.04,0.0287,319.63
August,14,11:00,193.49,1.24,0.0064,319.95,323.23,4.36,0.0135,332.35,897.37,3.5,0.0039,339.16,411.02,7.81,0.019,327.32
August,14,11:30,204.86,1.74,0.0085,326.57,361.73,5.46,0.0151,339.32,929.59,2.97,0.0032,342.95,441.29,6.35,0.0144,320.33
August,14,12:00,208.15,1.81,0.0087,317.8,387.18,3.1,0.008,343.86,954.91,5.44,0.0057,344.42,461.67,12.42,0.0269,319.03
August,14,12:30,203.48,1.3,0.0064,326.95,375.42,2.29,0.0061,348.38,952.85,6.29,0.0066,343.89,447.3,6.71,0.015,329.29
August,14,13:00,205.04,2.36,0.0115,336.37,386.12,2.09,0.0054,341.53,919.51,6.34,0.0069,347.96,439.59,6.11,0.0139,325.88
August,14,13:30,206.7,0.95,0.0046,333.4,408.86,4.17,0.0102,352.04,915.69,8.42,0.0092,348.87,452.04,6.06,0.0134,330.9
August,14,14:00,211.81,1.33,0.0063,331.98,406.04,4.3,0.0106,348.24,929.58,4.74,0.0051,349.94,465.92,5.54,0.0119,333.19
August,14,14:30,224.74,1.91,0.0085,338.02,432.25,4.54,0.0105,346.91,928.53,5.29,0.0057,349.81,475.33,7.42,0.0156,337.94
August,14,15:00,208.94,2.17,0.0104,326.66,414.17,1.08,0.0026,350.85,916.94,2.75,0.003,351.36,467.69,6.13,0.0131,335.68
August,14,15:30,208.57,2.79,0.0134,325.7,405.7,2.07,0.0051,352.44,904.55,3.53,0.0039,352.35,465.21,25.26,0.0543,338.28
August,14,16:00,203.54,1.16,0.0057,343.25,382.93,1.46,0.0038,353.82,901.19,1.89,0.0021,350.34,479.3,16.97,0.0354,330.52
August,14,16:30,200.44,0.88,0.0044,339.91,375.31,1.16,0.0031,345.9,874.86,2.8,0.0032,352.18,439.7,6.86,0.0156,327.03
August,14,17:00,191.4,1.61,0.0084,330.69,342.99,1.58,0.0046,351.65,825.03,2.64,0.0032,349.92,411.63,2.92,0.0071,335.94
August,14,17:30,150.02,1.04,0.0069,335.63,334.85,1.51,0.0045,356.9,742.73,2.38,0.0032,350.89,357.48,2.72,0.0076,329.3
August,14,18:00,132.49,0.85,0.0064,324.71,308.01,1.66,0.0054,351.03,675.81,2.23,0.0033,350.32,323.88,2.01,0.0062,331.39
August,14,18:30,115.98,0.73,0.0063,344.07,302.58,2.54,0.0084,353.56,620.49,3.54,0.0057,352.39,297.98,1.91,0.0064,322.91
August,14,19:00,73.89,0.39,0.0053,365.93,283.5,2.49,0.0088,341.65,549.28,2.14,0.0039,344.23,270.82,2.14,0.0079,325.55
August,14,19:30,58.22,0.27,0.0047,334.18,247.59,1.34,0.0054,339.05,476.43,2.29,0.0048,351.11,251.05,3.44,0.0137,327.03
August,14,20:00,41.85,0.41,0.0098,322.16,209.38,1.44,0.0069,347.53,404.29,3.96,0.0098,350.32,195.24,3.94,0.0202,317.49
August,14,20:30,31.13,0.39,0.0126,303.47,197.2,0.57,0.0029,346.25,352.85,1.52,0.0043,349.79,182.6,1.75,0.0096,310.28
August,14,21:00,20.36,0.41,0.0203,320.91,164.37,0.79,0.0048,334.09,299.21,0.57,0.0019,345.63,149.75,9.73,0.065,328.44
August,14,21:30,16.55,0.11,0.0064,320.23,122.86,0.84,0.0068,335.82,237.28,0.43,0.0018,348.81,138.29,4.65,0.0336,320.39
August,14,22:00,14.38,0.05,0.0036,308.2,89.74,0.27,0.003,326.88,204.23,0.31,0.0015,329.12,122.35,1.97,0.0161,324.51
August,14,22:30,11.25,1.52,0.1352,413.81,75.54,0.32,0.0043,322.99,155.78,0.97,0.0062,326.97,93.11,1.4,0.015,316.7
August,14,23:00,10.46,1.08,0.1028,375.36,49.37,0.14,0.0029,315.79,120.65,0.36,0.003,322.48,66.82,0.83,0.0124,309.76
August,14,23:30,8.39,0.12,0.0138,297.1,38.45,0.07,0.0019,301.28,86.48,0.32,0.0037,320.21,51.36,1.32,0.0257,289.38
August,15,0:00,8.26,0.37,0.0453,954.23,49.2,0.26,0.0052,323.86,83.52,1.06,0.0127,325.76,81.54,1.26,0.0154,333.31
August,15,0:30,7.62,0.06,0.0083,388.71,33.55,0.16,0.0048,320.94,51.09,0.84,0.0164,325.82,53.35,0.2,0.0038,322.02
August,15,1:00,6.51,0.08,0.012,399.75,11.8,0.03,0.0026,413.11,53.07,2.08,0.0392,322.48,38.48,0.19,0.0049,332.71
August,15,1:30,5.83,0.3,0.0508,547.25,10.8,0.04,0.0036,324.38,42.89,1.45,0.0337,332.21,26.37,1.06,0.0403,361.19
August,15,2:00,3.99,0.07,0.0183,632.74,6.88,0.01,0.0012,306.38,31.69,1.4,0.0442,288.06,22.96,0.68,0.0298,359.48
August,15,2:30,3.68,0.0,0.0,609.31,5.33,0.0,0.0,284.12,26.91,0.87,0.0323,296.49,12.4,0.44,0.0357,404.63
August,15,3:00,3.19,0.01,0.0017,283.25,6.37,0.0,0.0,335.43,18.14,1.08,0.0598,322.53,6.23,0.39,0.0624,451.74
August,15,3:30,3.41,0.0,0.0,319.11,3.41,0.0,0.0,427.75,14.23,0.18,0.0128,364.14,5.55,0.67,0.1215,466.46
August,15,4:00,3.21,0.0,0.0,303.87,3.92,0.0,0.0,257.55,12.53,0.16,0.0128,341.8,4.36,0.47,0.1073,530.58
August,15,4:30,3.5,0.04,0.01,254.3,3.8,0.0,0.0,296.1,12.2,0.18,0.0151,364.57,4.54,0.34,0.0753,513.9
August,15,5:00,4.32,0.04,0.01,240.49,3.67,0.0,0.0,308.97,13.76,0.13,0.0097,378.09,8.35,0.4,0.0474,446.09
August,15,5:30,4.12,0.08,0.02,309.33,4.48,0.02,0.005,229.45,13.61,0.17,0.0128,301.31,7.79,0.14,0.0176,430.47
August,15,6:00,5.03,0.03,0.0067,316.25,5.93,0.08,0.0133,256.6,31.9,0.13,0.0042,291.28,13.72,0.53,0.0388,290.09
August,15,6:30,3.85,0.25,0.0647,337.16,9.19,1.78,0.1938,285.39,49.03,0.76,0.0155,261.43,23.02,1.37,0.0597,287.25
August,15,7:00,10.63,0.18,0.0168,293.5,10.66,0.05,0.0049,279.28,86.23,0.27,0.0031,267.29,40.31,1.42,0.0353,289.62
August,15,7:30,15.73,0.37,0.0238,317.43,18.8,0.73,0.0389,286.85,143.31,1.0,0.007,266.22,67.51,0.94,0.0139,290.9
August,15,8:00,49.42,0.19,0.0039,252.61,32.72,0.12,0.0037,284.69,276.47,0.91,0.0033,276.24,130.49,1.49,0.0114,281.03
August,15,8:30,69.88,0.14,0.002,283.45,43.89,0.1,0.0023,304.76,362.35,2.97,0.0082,287.32,161.77,3.04,0.0188,313.08
August,15,9:00,87.56,0.53,0.006,301.59,161.1,0.14,0.0009,309.2,537.45,2.9,0.0054,295.16,243.72,3.56,0.0146,307.21
August,15,9:30,108.27,1.13,0.0104,285.99,188.3,0.66,0.0035,323.06,624.16,11.05,0.0177,315.17,290.64,3.6,0.0124,304.59
August,15,10:00,123.15,0.99,0.008,297.9,249.37,0.87,0.0035,317.62,715.45,9.94,0.0139,320.54,340.31,3.81,0.0112,303.12
August,15,10:30,150.9,1.21,0.008,297.82,270.13,2.62,0.0097,323.59,814.29,13.35,0.0164,322.16,374.74,16.41,0.0438,308.55
August,15,11:00,167.96,1.29,0.0077,310.0,309.88,1.89,0.0061,321.33,872.19,8.55,0.0098,322.57,407.51,14.71,0.0361,302.75
August,15,11:30,177.15,1.59,0.009,316.79,342.12,2.94,0.0086,319.73,934.04,10.46,0.0112,332.9,416.11,6.95,0.0167,309.25
August,15,12:00,182.11,1.86,0.0102,310.06,345.94,1.94,0.0056,313.21,963.94,9.93,0.0103,331.7,434.77,7.65,0.0176,310.62
August,15,12:30,192.92,2.6,0.0135,321.38,378.08,3.89,0.0103,313.79,978.28,16.53,0.0169,331.75,443.01,7.04,0.0159,303.23
August,15,13:00,183.42,2.53,0.0138,313.96,413.74,2.81,0.0068,312.94,980.38,11.08,0.0113,340.89,440.09,9.64,0.0219,309.35
August,15,13:30,187.98,1.45,0.0077,318.99,420.14,4.5,0.0107,308.05,975.08,19.5,0.02,337.98,452.87,9.69,0.0214,312.32
August,15,14:00,170.15,1.57,0.0092,320.88,434.51,4.13,0.0095,315.76,965.78,16.9,0.0175,344.54,462.6,10.87,0.0235,303.26
August,15,14:30,170.2,2.59,0.0152,319.41,419.43,5.37,0.0128,322.95,940.86,21.92,0.0233,339.04,479.17,31.48,0.0657,315.87
August,15,15:00,177.73,2.51,0.0141,312.14,407.66,1.47,0.0036,320.49,883.19,9.8,0.0111,346.22,448.2,23.53,0.0525,310.13
August,15,15:30,175.47,3.47,0.0198,303.06,413.5,5.95,0.0144,314.93,869.48,5.22,0.006,345.33,422.83,50.87,0.1203,308.28
August,15,16:00,165.17,0.86,0.0052,322.78,420.33,3.36,0.008,313.18,855.53,3.17,0.0037,341.39,412.3,29.03,0.0704,314.73
August,15,16:30,155.29,0.57,0.0037,316.34,391.58,1.53,0.0039,322.32,755.32,1.66,0.0022,342.58,381.37,8.92,0.0234,319.05
August,15,17:00,157.33,2.31,0.0147,324.02,388.61,2.37,0.0061,327.07,720.76,1.66,0.0023,339.09,380.24,3.54,0.0093,310.46
August,15,17:30,143.24,1.56,0.0109,338.27,377.32,2.53,0.0067,319.01,729.24,2.92,0.004,336.11,384.53,5.15,0.0134,306.47
August,15,18:00,145.32,0.97,0.0067,328.44,349.66,3.11,0.0089,324.16,643.91,4.06,0.0063,340.54,352.14,2.57,0.0073,310.11
August,15,18:30,124.24,0.86,0.0069,325.75,317.39,2.16,0.0068,322.99,570.75,2.4,0.0042,348.0,278.66,3.2,0.0115,312.24
August,15,19:00,123.88,0.72,0.0058,308.09,274.29,2.28,0.0083,310.54,511.17,1.89,0.0037,332.14,276.8,3.21,0.0116,312.06
August,15,19:30,99.56,0.63,0.0063,319.37,240.51,1.68,0.007,318.47,465.71,3.35,0.0072,331.72,284.44,6.63,0.0233,321.53
August,15,20:00,58.94,1.53,0.0259,306.54,199.94,2.22,0.0111,329.22,429.31,4.21,0.0098,341.05,251.51,7.22,0.0287,319.2
August,15,20:30,47.42,1.06,0.0223,302.61,177.07,1.56,0.0088,315.69,381.04,4.08,0.0107,338.3,225.44,4.28,0.019,309.97
August,15,21:00,36.55,1.79,0.0489,319.93,152.32,1.65,0.0108,309.76,341.94,2.26,0.0066,335.25,196.76,9.98,0.0507,319.23
August,15,21:30,30.28,1.44,0.0475,316.74,141.08,1.24,0.0088,316.1,260.31,0.65,0.0025,328.8,160.37,5.76,0.0359,324.25
August,15,22:00,24.36,0.91,0.0375,330.81,114.37,0.7,0.0061,312.18,216.4,1.13,0.0052,331.59,149.01,2.8,0.0188,314.72
August,15,22:30,22.73,2.56,0.1127,306.21,96.47,0.66,0.0068,302.18,178.51,1.09,0.0061,329.32,118.6,3.15,0.0266,309.9
August,15,23:00,17.79,1.19,0.0671,352.28,69.78,0.18,0.0026,324.23,143.37,0.42,0.0029,323.88,100.36,0.92,0.0092,315.04
August,15,23:30,11.76,0.12,0.01,279.93,63.98,0.1,0.0015,309.18,132.22,0.2,0.0015,350.12,86.18,0.73,0.0085,302.33
August,16,0:00,10.62,0.28,0.0262,580.08,40.12,0.66,0.0164,332.32,70.27,0.98,0.0139,320.64,39.7,0.56,0.014,317.21
August,16,0:30,7.25,0.02,0.0033,381.39,26.8,0.41,0.0153,323.36,50.47,0.38,0.0075,326.46,26.75,0.09,0.0034,296.03
August,16,1:00,5.7,0.0,0.0,360.4,12.02,0.13,0.0106,374.07,40.78,0.77,0.0189,306.95,19.11,0.11,0.0059,328.17
August,16,1:30,5.65,0.34,0.0608,522.77,8.73,0.1,0.0109,328.69,33.38,0.53,0.0158,329.26,13.36,0.45,0.034,343.54
August,16,2:00,4.17,0.09,0.0217,752.46,6.15,0.0,0.0,322.26,21.43,0.93,0.0434,303.53,8.96,0.52,0.0577,355.2
August,16,2:30,3.9,0.01,0.0033,641.07,4.66,0.0,0.0,362.55,17.84,0.52,0.0289,322.84,8.5,0.98,0.1155,432.37
August,16,3:00,3.61,0.01,0.0017,336.38,5.24,0.03,0.005,373.55,16.31,0.8,0.0492,323.38,2.48,0.15,0.0594,458.3
August,16,3:30,3.59,0.01,0.0017,338.91,3.52,0.0,0.0,364.15,11.67,0.02,0.0017,343.83,2.85,0.32,0.1119,361.95
August,16,4:00,3.39,0.0,0.0,267.36,3.52,0.01,0.0025,242.21,11.49,0.04,0.0039,359.92,2.14,0.21,0.0996,428.04
August,16,4:30,3.73,0.04,0.01,250.25,2.74,0.01,0.0025,320.61,9.74,0.03,0.0034,354.37,2.21,0.21,0.095,413.62
August,16,5:00,4.24,0.04,0.01,215.88,3.24,0.01,0.0025,340.81,12.56,0.06,0.005,313.26,3.66,0.15,0.0421,357.16
August,16,5:30,4.61,0.09,0.02,278.91,2.74,0.01,0.0025,314.07,13.07,0.09,0.0071,260.85,3.27,0.08,0.0259,348.36
August,16,6:00,5.89,0.03,0.005,236.32,4.24,0.01,0.0025,316.16,24.11,0.02,0.0007,259.62,8.21,0.43,0.0528,233.69
August,16,6:30,5.6,0.23,0.0408,261.98,7.39,0.52,0.0697,328.71,34.0,0.62,0.0183,252.14,15.07,0.8,0.0534,262.2
August,16,7:00,16.05,0.71,0.0442,269.94,8.11,0.03,0.0038,285.72,59.38,0.27,0.0046,269.66,23.94,0.82,0.0342,278.49
August,16,7:30,19.76,0.85,0.0428,348.08,12.95,0.7,0.0543,283.57,100.95,0.97,0.0096,267.9,40.5,0.52,0.0128,282.8
August,16,8:00,43.67,0.27,0.0061,258.9,27.47,0.09,0.0031,284.77,176.21,1.64,0.0093,276.17,77.31,1.07,0.0138,282.01
August,16,8:30,64.5,0.14,0.0022,296.73,35.34,0.1,0.0027,321.91,246.99,2.84,0.0115,293.23,114.73,2.15,0.0187,313.98
August,16,9:00,81.18,0.31,0.0038,299.75,100.67,0.13,0.0013,317.46,325.38,2.08,0.0064,293.33,143.18,2.43,0.017,304.63
August,16,9:30,99.8,0.64,0.0064,333.23,120.13,0.18,0.0015,322.3,372.29,7.56,0.0203,295.76,171.72,2.28,0.0133,300.77
August,16,10:00,108.53,0.59,0.0054,301.13,161.37,0.36,0.0022,311.81,436.32,4.41,0.0101,301.3,209.42,2.07,0.0099,295.61
August,16,10:30,120.88,0.54,0.0045,311.44,177.16,1.54,0.0087,323.98,500.09,4.75,0.0095,312.34,240.57,10.27,0.0427,304.64
August,16,11:00,126.84,0.61,0.0048,309.83,192.24,1.33,0.0069,333.21,525.78,4.26,0.0081,316.01,254.65,8.1,0.0318,306.87
August,16,11:30,130.09,0.55,0.0042,301.29,216.66,2.08,0.0096,340.04,571.16,6.57,0.0115,317.13,264.64,4.0,0.0151,308.19
August,16,12:00,132.03,0.46,0.0035,303.77,227.75,1.14,0.005,330.96,605.48,5.75,0.0095,319.62,284.1,4.83,0.017,308.96
August,16,12:30,129.19,1.07,0.0083,303.12,257.95,2.4,0.0093,338.28,611.85,8.75,0.0143,318.75,283.12,4.42,0.0156,308.62
August,16,13:00,128.54,1.68,0.0131,298.02,283.87,2.1,0.0074,336.04,622.02,7.59,0.0122,330.6,286.43,5.9,0.0206,314.37
August,16,13:30,128.83,0.75,0.0058,298.39,289.03,3.35,0.0116,325.41,635.2,16.01,0.0252,328.1,291.62,6.88,0.0236,323.97
August,16,14:00,122.11,0.96,0.0079,314.35,299.09,4.1,0.0137,340.77,631.09,16.09,0.0255,334.56,302.72,8.84,0.0292,317.31
August,16,14:30,122.28,2.01,0.0164,320.19,279.19,3.74,0.0134,347.3,619.48,15.49,0.025,328.26,318.72,25.72,0.0807,323.45
August,16,15:00,133.0,1.9,0.0143,325.5,283.18,0.79,0.0028,338.36,594.31,5.94,0.01,334.33,309.93,19.4,0.0626,323.79
August,16,15:30,129.41,2.42,0.0187,314.17,292.81,2.2,0.0075,332.8,591.8,3.49,0.0059,337.15,305.77,37.88,0.1239,325.31
August,16,16:00,124.15,0.66,0.0053,304.3,293.64,1.73,0.0059,342.6,575.03,3.51,0.0061,334.58,301.16,19.36,0.0643,327.57
August,16,16:30,120.54,0.51,0.0042,300.88,278.23,1.56,0.0056,346.59,537.42,1.88,0.0035,331.72,289.97,6.5,0.0224,326.82
August,16,17:00,121.12,1.79,0.0148,297.7,278.1,1.78,0.0064,341.12,511.2,1.48,0.0029,331.25,265.71,2.29,0.0086,317.92
August,16,17:30,108.32,0.97,0.009,296.78,269.34,1.89,0.007,337.03,484.49,1.74,0.0036,323.88,250.81,2.73,0.0109,320.19
August,16,18:00,106.42,0.9,0.0085,306.72,251.22,1.78,0.0071,334.92,436.55,1.83,0.0042,331.54,231.55,1.57,0.0068,327.89
August,16,18:30,104.34,0.61,0.0058,324.28,223.23,1.96,0.0088,332.44,400.35,2.64,0.0066,337.49,211.48,2.11,0.01,328.09
August,16,19:00,98.32,0.57,0.0058,330.73,198.98,1.65,0.0083,330.74,373.76,1.16,0.0031,334.69,196.17,2.02,0.0103,325.36
August,16,19:30,81.01,0.6,0.0074,306.68,178.18,1.21,0.0068,318.7,345.14,1.76,0.0051,334.97,196.28,4.36,0.0222,337.89
August,16,20:00,72.06,1.07,0.0149,305.63,170.54,1.19,0.007,335.65,314.76,4.44,0.0141,332.79,183.37,5.02,0.0274,326.37
August,16,20:30,54.46,0.93,0.017,311.94,156.33,0.69,0.0044,317.38,287.47,3.65,0.0127,331.86,160.39,2.76,0.0172,326.53
August,16,21:00,36.86,1.24,0.0336,298.35,137.92,0.74,0.0054,316.01,254.99,1.45,0.0057,320.99,132.74,6.53,0.0492,336.85
August,16,21:30,33.41,0.74,0.0222,329.26,123.69,0.31,0.0025,311.62,204.85,0.76,0.0037,320.79,104.32,3.42,0.0328,336.31
August,16,22:00,27.3,0.51,0.0186,315.08,97.67,0.21,0.0022,301.81,170.95,0.63,0.0037,326.41,98.01,1.68,0.0171,335.43
August,16,22:30,23.42,2.76,0.1179,307.17,77.56,0.73,0.0094,309.57,155.16,0.7,0.0045,325.43,85.37,2.18,0.0255,326.16
August,16,23:00,15.64,0.9,0.0576,329.09,64.88,0.24,0.0037,288.92,129.29,0.63,0.0049,313.84,62.44,0.71,0.0114,334.65
August,16,23:30,11.95,0.12,0.01,257.27,51.42,0.09,0.0017,297.22,105.68,0.54,0.0051,329.11,46.38,0.73,0.0158,326.89
August,17,0:00,1.59,0.11,0.0698,469.63,14.71,0.13,0.0085,334.43,27.13,0.24,0.0089,322.6,15.21,0.2,0.0129,314.08
August,17,0:30,1.38,0.06,0.0466,470.35,10.26,0.05,0.005,302.73,21.36,0.23,0.0106,322.73,14.38,0.06,0.0045,292.67
August,17,1:00,1.06,0.13,0.1203,324.93,4.54,0.01,0.0015,362.9,15.42,0.23,0.015,306.09,10.15,0.05,0.0053,304.41
August,17,1:30,0.9,0.21,0.2378,370.33,3.95,0.01,0.0016,302.85,13.88,0.17,0.0119,321.65,6.37,0.28,0.0446,345.23
August,17,2:00,0.67,0.02,0.032,1025.24,2.56,0.0,0.0005,268.61,9.72,0.38,0.0388,296.78,4.63,0.27,0.0583,353.41
August,17,2:30,0.76,0.0,0.005,467.81,1.87,0.0,0.0005,381.55,9.27,0.32,0.0341,284.24,4.27,0.42,0.0982,437.13
August,17,3:00,0.63,0.0,0.005,456.39,1.95,0.02,0.01,381.69,6.38,0.21,0.0336,278.05,2.43,0.17,0.071,483.02
August,17,3:30,0.6,0.0,0.0,448.82,1.3,0.0,0.0,526.58,4.59,0.0,0.0009,324.02,2.08,0.15,0.0716,371.76
August,17,4:00,0.54,0.0,0.0,366.13,1.36,0.0,0.0,278.26,4.37,0.02,0.0052,310.74,1.88,0.12,0.062,420.78
August,17,4:30,0.58,0.01,0.01,364.02,1.46,0.0,0.0,301.25,3.91,0.01,0.0031,320.54,2.16,0.2,0.0905,434.92
August,17,5:00,0.73,0.01,0.01,317.15,1.25,0.0,0.0,391.3,4.7,0.02,0.004,294.2,2.17,0.05,0.024,384.3
August,17,5:30,0.82,0.02,0.025,372.26,1.64,0.0,0.0,300.81,5.33,0.03,0.0047,273.8,2.15,0.02,0.0114,383.15
August,17,6:00,0.91,0.23,0.2575,321.61,1.96,0.0,0.0,301.14,11.47,0.06,0.0053,265.65,4.92,0.12,0.0247,262.9
August,17,6:30,1.02,0.09,0.0881,331.13,3.61,0.62,0.1711,453.89,19.05,0.4,0.0209,267.35,9.74,0.34,0.0349,255.59
August,17,7:00,2.57,0.12,0.047,325.03,11.66,0.06,0.0049,340.61,31.21,0.12,0.004,266.74,15.31,0.46,0.0302,287.31
August,17,7:30,6.46,0.25,0.0394,359.08,15.24,0.67,0.044,283.12,56.96,0.2,0.0035,265.53,23.57,0.33,0.0141,288.06
August,17,8:00,14.72,0.28,0.0188,274.98,32.95,0.15,0.0046,283.85,111.6,0.23,0.0021,278.92,46.68,0.46,0.0098,278.91
August,17,8:30,24.38,0.33,0.0134,302.51,47.65,0.34,0.0071,309.09,174.85,0.73,0.0042,293.44,70.54,0.77,0.0109,316.86
August,17,9:00,36.67,0.11,0.0029,312.53,76.87,0.23,0.003,305.59,237.01,0.78,0.0033,304.45,116.42,1.25,0.0107,312.64
August,17,9:30,51.74,0.21,0.004,329.27,102.21,0.39,0.0038,327.44,304.58,3.05,0.01,321.5,132.67,1.7,0.0128,301.49
August,17,10:00,64.68,0.41,0.0064,312.71,136.37,0.7,0.0051,330.85,365.64,3.29,0.009,325.05,163.75,1.6,0.0098,303.09
August,17,10:30,66.34,0.33,0.005,306.59,157.46,1.94,0.0123,336.12,407.52,5.75,0.0141,329.5,186.1,4.99,0.0268,316.38
August,17,11:00,70.89,0.2,0.0028,314.96,170.91,1.76,0.0103,339.49,438.88,4.13,0.0094,335.57,204.66,4.15,0.0203,319.85
August,17,11:30,73.35,0.29,0.004,323.81,185.17,1.89,0.0102,338.42,456.5,5.07,0.0111,341.9,210.92,2.81,0.0133,319.19
August,17,12:00,75.28,0.14,0.0018,319.6,199.53,1.12,0.0056,333.2,468.65,5.01,0.0107,341.07,218.87,2.47,0.0113,323.54
August,17,12:30,78.51,0.39,0.005,314.55,206.67,2.65,0.0128,338.64,467.1,8.73,0.0187,342.25,218.78,2.56,0.0117,319.0
August,17,13:00,78.77,0.54,0.0068,313.68,216.31,1.9,0.0088,337.6,466.62,6.67,0.0143,349.73,223.88,2.82,0.0126,323.71
August,17,13:30,77.4,0.43,0.0055,328.48,212.88,3.07,0.0144,337.28,464.98,8.74,0.0188,353.74,225.23,7.55,0.0335,333.88
August,17,14:00,77.88,0.62,0.008,328.63,234.35,4.34,0.0185,338.79,472.05,7.08,0.015,356.92,235.92,11.02,0.0467,329.82
August,17,14:30,80.39,1.23,0.0153,329.1,232.33,5.34,0.023,344.58,472.66,11.82,0.025,352.65,249.21,31.87,0.1279,332.65
August,17,15:00,80.46,0.99,0.0123,331.91,230.36,1.91,0.0083,342.28,475.0,5.13,0.0108,351.85,254.28,26.39,0.1038,330.99
August,17,15:30,83.5,2.56,0.0307,332.99,235.15,1.39,0.0059,340.4,469.75,3.43,0.0073,352.38,250.34,39.55,0.158,333.67
August,17,16:00,76.58,0.83,0.0108,322.82,236.29,1.25,0.0053,341.56,470.26,1.74,0.0037,359.59,251.59,20.91,0.0831,336.65
August,17,16:30,76.41,0.25,0.0033,322.64,227.13,1.36,0.006,346.01,453.26,1.27,0.0028,356.22,243.02,7.85,0.0323,338.29
August,17,17:00,67.02,0.54,0.0081,330.73,224.44,1.48,0.0066,349.96,424.43,1.49,0.0035,352.31,227.71,2.21,0.0097,335.97
August,17,17:30,62.47,0.43,0.0069,324.41,205.96,1.24,0.006,346.72,395.85,2.1,0.0053,349.72,209.88,2.01,0.0096,337.22
August,17,18:00,55.07,0.36,0.0066,322.64,187.19,1.87,0.01,344.23,360.15,2.95,0.0082,350.69,189.82,0.87,0.0046,340.33
August,17,18:30,49.29,0.37,0.0075,327.56,182.59,1.5,0.0082,337.12,324.06,2.75,0.0085,356.91,176.18,1.09,0.0062,336.39
August,17,19:00,29.9,0.19,0.0064,329.36,159.4,1.29,0.0081,334.96,275.32,1.16,0.0042,355.36,162.5,1.19,0.0073,330.79
August,17,19:30,23.98,0.24,0.0102,347.8,146.55,1.27,0.0087,342.46,250.32,1.95,0.0078,354.16,137.9,2.76,0.02,339.5
August,17,20:00,18.24,0.32,0.0173,332.28,122.94,1.12,0.0091,338.01,221.24,2.01,0.0091,352.28,121.7,2.87,0.0236,332.62
August,17,20:30,14.47,0.35,0.0245,339.42,99.67,0.43,0.0043,331.76,188.95,1.55,0.0082,346.64,111.45,1.64,0.0147,329.59
August,17,21:00,11.17,0.39,0.0346,332.8,81.92,0.43,0.0053,332.22,166.46,1.15,0.0069,340.75,88.18,3.32,0.0376,339.11
August,17,21:30,8.39,0.21,0.0248,353.24,75.97,0.37,0.0049,335.71,139.9,0.49,0.0035,335.24,67.47,1.57,0.0233,339.32
August,17,22:00,7.27,0.05,0.0065,324.69,61.18,0.23,0.0038,320.45,112.22,0.68,0.0061,340.2,61.89,0.81,0.0131,346.59
August,17,22:30,4.51,0.52,0.1148,328.29,45.28,0.18,0.0039,312.79,83.8,0.48,0.0057,335.09,50.5,0.74,0.0146,334.85
August,17,23:00,3.62,0.29,0.0805,339.53,35.15,0.07,0.002,332.33,61.61,0.26,0.0042,320.75,40.35,0.27,0.0066,343.4
August,17,23:30,2.94,0.1,0.0331,322.07,27.09,0.03,0.0012,318.69,49.35,0.24,0.0048,343.05,29.96,0.33,0.011,335.33
August,18,0:00,3.94,0.08,0.0208,341.07,41.39,0.6,0.0146,317.35,78.31,0.83,0.0106,342.3,40.68,0.34,0.0083,321.69
August,18,0:30,3.14,0.01,0.0033,324.05,29.25,0.38,0.013,339.33,55.65,0.39,0.007,335.44,30.34,0.13,0.0042,336.55
August,18,1:00,2.27,0.02,0.0067,408.36,13.07,0.3,0.0226,393.55,39.13,0.55,0.014,317.42,22.19,0.04,0.0016,360.01
August,18,1:30,2.63,0.01,0.0033,263.88,7.76,0.24,0.0307,298.81,29.06,0.41,0.014,333.69,22.13,0.43,0.0195,351.75
August,18,2:00,1.61,0.0,0.0,310.61,4.43,0.0,0.0,353.51,27.55,0.61,0.022,289.79,19.19,0.63,0.0326,363.26
August,18,2:30,1.61,0.0,0.0,296.64,4.28,0.01,0.0029,407.89,28.96,0.47,0.0162,281.66,18.68,0.36,0.0191,327.74
August,18,3:00,1.61,0.0,0.0,268.77,3.8,0.0,0.0,414.03,13.48,0.43,0.0318,314.85,3.73,0.09,0.0253,427.93
August,18,3:30,1.6,0.0,0.0,303.58,3.4,0.01,0.0025,412.32,13.36,0.13,0.0099,315.84,1.46,0.02,0.0147,425.05
August,18,4:00,1.54,0.0,0.0,266.28,2.93,0.02,0.0083,330.45,11.87,0.22,0.0186,310.94,1.37,0.02,0.0127,448.94
August,18,4:30,1.52,0.0,0.0,252.32,2.87,0.06,0.0217,307.79,12.98,0.42,0.0324,333.46,1.51,0.04,0.0238,518.43
August,18,5:00,1.75,0.0,0.0,257.42,2.47,0.02,0.0083,403.59,13.38,0.27,0.0202,302.04,1.51,0.01,0.0063,426.06
August,18,5:30,1.89,0.0,0.0,378.85,2.67,0.12,0.0433,423.44,25.91,0.37,0.0144,308.12,2.1,0.01,0.0061,380.0
August,18,6:00,2.02,0.0,0.0,273.87,4.92,0.2,0.0408,293.74,27.42,0.17,0.0063,265.11,14.8,0.15,0.0103,306.21
August,18,6:30,2.45,0.27,0.1097,274.86,9.14,3.48,0.3809,394.9,58.58,1.08,0.0184,257.23,21.13,2.07,0.0981,299.25
August,18,7:00,7.82,0.13,0.0163,285.4,29.8,0.39,0.013,318.74,92.19,0.69,0.0075,268.37,38.19,0.22,0.0057,296.41
August,18,7:30,13.07,0.09,0.007,331.27,46.75,3.14,0.0672,289.01,165.87,0.7,0.0042,263.34,66.41,0.55,0.0083,293.65
August,18,8:00,43.66,1.31,0.0299,273.35,86.56,0.55,0.0063,285.64,279.13,0.78,0.0028,280.24,127.15,1.04,0.0082,294.02
August,18,8:30,83.74,1.72,0.0205,311.56,136.16,1.35,0.0099,310.71,411.16,2.14,0.0052,301.59,169.81,0.85,0.005,303.0
August,18,9:00,119.37,0.93,0.0078,308.53,201.22,1.11,0.0055,311.27,581.16,4.42,0.0076,314.24,263.92,4.28,0.0162,297.89
August,18,9:30,154.3,1.19,0.0077,330.99,258.68,2.46,0.0095,324.16,751.91,14.96,0.0199,325.97,327.46,4.98,0.0152,302.06
August,18,10:00,170.8,0.65,0.0038,323.48,327.33,2.82,0.0086,330.31,881.15,11.1,0.0126,325.81,402.68,5.96,0.0148,300.48
August,18,10:30,197.11,0.43,0.0022,322.9,347.47,7.57,0.0218,345.53,954.7,9.55,0.01,334.21,402.73,9.67,0.024,307.69
August,18,11:00,200.03,0.54,0.0027,328.57,380.68,2.36,0.0062,346.93,1017.75,6.51,0.0064,339.76,448.61,5.47,0.0122,317.54
August,18,11:30,208.41,1.15,0.0055,331.56,411.56,3.87,0.0094,348.25,1033.62,17.67,0.0171,339.63,501.21,5.81,0.0116,316.02
August,18,12:00,213.43,1.26,0.0059,327.97,449.27,3.01,0.0067,352.68,1046.87,17.69,0.0169,343.25,511.84,5.22,0.0102,319.74
August,18,12:30,209.93,1.51,0.0072,327.17,442.41,4.42,0.01,350.83,1049.16,24.45,0.0233,347.75,517.94,11.55,0.0223,323.7
August,18,13:00,214.79,2.28,0.0106,332.37,458.94,4.22,0.0092,349.99,1048.04,19.7,0.0188,352.68,516.5,10.74,0.0208,326.71
August,18,13:30,210.42,0.9,0.0043,326.52,465.46,6.33,0.0136,354.29,1042.28,26.16,0.0251,352.88,518.98,26.42,0.0509,335.4
August,18,14:00,218.22,0.44,0.002,329.43,485.17,4.12,0.0085,348.57,1036.86,13.89,0.0134,354.19,540.45,9.57,0.0177,332.03
August,18,14:30,220.95,0.86,0.0039,335.5,498.3,4.93,0.0099,351.76,1058.5,10.69,0.0101,354.18,535.36,9.69,0.0181,334.8
August,18,15:00,213.9,1.22,0.0057,326.43,491.2,2.01,0.0041,350.32,1054.81,4.01,0.0038,359.16,528.22,6.6,0.0125,335.43
August,18,15:30,216.27,1.38,0.0064,324.75,476.97,2.91,0.0061,347.64,1054.23,5.38,0.0051,356.54,535.18,8.03,0.015,334.08
August,18,16:00,209.0,0.63,0.003,343.95,505.26,2.07,0.0041,352.75,1029.31,4.12,0.004,361.89,526.45,4.84,0.0092,336.41
August,18,16:30,202.26,0.38,0.0019,344.97,462.62,1.85,0.004,348.49,968.29,4.07,0.0042,360.49,517.83,3.68,0.0071,333.54
August,18,17:00,190.12,0.78,0.0041,329.37,458.82,2.06,0.0045,353.2,933.39,13.44,0.0144,360.89,498.59,1.55,0.0031,337.1
August,18,17:30,164.0,0.72,0.0044,325.74,431.17,3.06,0.0071,356.06,876.99,12.54,0.0143,357.52,456.95,1.83,0.004,337.76
August,18,18:00,140.08,0.41,0.0029,319.92,390.58,3.24,0.0083,352.87,784.09,7.84,0.01,358.29,420.5,1.89,0.0045,338.4
August,18,18:30,125.38,0.84,0.0067,351.17,354.5,1.45,0.0041,343.77,709.64,4.19,0.0059,354.26,375.55,1.24,0.0033,326.14
August,18,19:00,74.93,0.25,0.0033,362.46,333.5,2.37,0.0071,348.52,627.71,9.42,0.015,349.8,353.48,3.78,0.0107,324.59
August,18,19:30,60.17,0.36,0.0059,339.2,303.19,1.67,0.0055,346.59,540.66,16.65,0.0308,354.13,307.41,6.61,0.0215,335.72
August,18,20:00,46.64,0.89,0.019,320.88,255.49,2.78,0.0109,343.56,483.61,14.31,0.0296,356.85,285.44,10.85,0.038,323.41
August,18,20:30,43.54,1.16,0.0266,306.68,220.85,2.14,0.0097,335.75,411.45,6.58,0.016,351.67,244.33,8.89,0.0364,320.55
August,18,21:00,29.62,0.53,0.0178,332.63,172.64,1.17,0.0068,334.61,343.74,2.03,0.0059,357.8,188.82,6.65,0.0352,328.64
August,18,21:30,20.28,0.1,0.005,362.24,157.99,1.06,0.0067,334.25,266.14,0.93,0.0035,356.01,174.18,2.4,0.0138,320.02
August,18,22:00,16.15,0.05,0.0031,372.17,123.49,0.49,0.004,313.15,250.19,1.6,0.0064,351.65,154.14,4.55,0.0295,327.34
August,18,22:30,10.54,1.61,0.1529,424.94,94.18,0.57,0.0061,312.96,182.93,0.77,0.0042,336.63,116.65,1.15,0.0099,322.92
August,18,23:00,10.57,0.69,0.0652,328.5,68.29,0.31,0.0046,337.81,142.48,0.33,0.0023,324.6,87.08,0.54,0.0062,323.04
August,18,23:30,8.93,0.12,0.0133,347.24,56.14,0.34,0.0061,316.05,109.34,0.19,0.0017,333.99,74.15,0.39,0.0053,313.67
August,19,0:00,3.94,0.06,0.0142,303.77,34.96,0.82,0.0234,314.4,55.34,1.25,0.0225,342.47,35.24,0.21,0.006,308.65
August,19,0:30,3.44,0.01,0.0033,277.81,25.93,0.56,0.0216,311.66,40.42,0.46,0.0115,330.18,27.21,0.13,0.0049,320.44
August,19,1:00,2.46,0.02,0.0067,329.65,10.96,0.45,0.0411,334.07,34.88,1.22,0.0351,314.57,19.64,0.12,0.0063,348.72
August,19,1:30,2.62,0.01,0.0033,247.0,5.52,0.45,0.0807,304.63,25.67,0.65,0.0255,344.8,13.97,0.1,0.0071,330.01
August,19,2:00,1.67,0.0,0.0,280.32,3.84,0.02,0.005,349.45,15.38,0.48,0.0311,304.34,11.52,0.24,0.0206,354.49
August,19,2:30,1.53,0.0,0.0,342.52,3.35,0.0,0.0,433.16,14.95,0.33,0.0219,314.33,9.6,0.12,0.0125,346.46
August,19,3:00,1.47,0.0,0.0,278.35,3.53,0.0,0.0,349.96,12.15,0.78,0.0642,360.18,3.48,0.15,0.0424,401.29
August,19,3:30,1.57,0.0,0.0,355.28,3.78,0.0,0.0,252.54,9.81,0.09,0.0088,358.28,1.26,0.01,0.005,420.12
August,19,4:00,1.37,0.0,0.0,286.11,2.74,0.01,0.005,354.07,9.8,0.12,0.0121,365.68,1.27,0.01,0.0057,385.31
August,19,4:30,1.5,0.0,0.0,252.25,2.64,0.01,0.0025,273.27,9.96,0.35,0.0347,362.14,1.29,0.01,0.007,385.32
August,19,5:00,1.73,0.0,0.0,287.61,2.22,0.01,0.0025,442.5,12.89,0.31,0.024,326.49,1.48,0.0,0.0024,379.65
August,19,5:30,1.81,0.0,0.0017,360.21,2.57,0.01,0.0025,355.6,15.01,0.2,0.0134,296.07,2.08,0.0,0.0014,386.07
August,19,6:00,2.3,0.02,0.0093,278.54,5.6,0.06,0.0108,292.23,27.82,0.09,0.0031,242.6,12.96,0.08,0.0065,327.2
August,19,6:30,2.75,0.25,0.092,281.85,7.42,1.68,0.2262,372.95,52.44,0.93,0.0177,246.87,23.99,1.68,0.0701,278.29
August,19,7:00,8.73,0.03,0.0035,294.67,23.08,0.15,0.0064,313.04,79.22,0.6,0.0076,262.02,39.93,0.23,0.0058,291.99
August,19,7:30,12.57,0.08,0.0062,321.01,44.74,1.54,0.0344,294.44,150.99,1.25,0.0083,250.02,60.81,0.32,0.0053,278.19
August,19,8:00,42.71,0.82,0.0192,272.38,84.0,0.53,0.0063,290.79,255.14,1.58,0.0062,281.12,118.52,0.6,0.0051,286.02
August,19,8:30,84.05,1.95,0.0232,317.46,131.4,1.33,0.0101,308.45,380.34,3.35,0.0088,306.1,172.09,1.14,0.0066,292.59
August,19,9:00,120.24,1.17,0.0097,310.2,190.74,1.16,0.0061,303.7,548.66,5.16,0.0094,316.14,241.21,1.45,0.006,292.04
August,19,9:30,152.06,1.05,0.0069,329.57,250.75,1.48,0.0059,322.49,668.98,15.92,0.0238,316.41,289.03,3.35,0.0116,302.69
August,19,10:00,171.98,0.67,0.0039,322.41,288.82,1.68,0.0058,322.15,785.73,8.8,0.0112,322.56,351.8,3.48,0.0099,305.54
August,19,10:30,198.39,0.38,0.0019,319.75,328.33,6.47,0.0197,343.38,856.44,7.88,0.0092,329.03,375.06,9.3,0.0248,310.54
August,19,11:00,196.85,0.65,0.0033,325.62,370.12,4.89,0.0132,343.74,916.47,6.42,0.007,334.39,412.38,3.75,0.0091,313.62
August,19,11:30,203.03,1.58,0.0078,330.96,393.14,5.94,0.0151,344.39,926.78,17.79,0.0192,336.82,455.27,5.28,0.0116,311.13
August,19,12:00,209.13,1.86,0.0089,330.86,401.0,5.13,0.0128,349.08,936.11,18.82,0.0201,340.31,482.23,5.55,0.0115,313.94
August,19,12:30,205.94,2.33,0.0113,328.65,401.14,7.62,0.019,353.94,937.36,24.0,0.0256,346.16,474.81,6.55,0.0138,322.13
August,19,13:00,210.39,2.44,0.0116,333.08,421.85,7.0,0.0166,346.58,940.69,20.98,0.0223,350.76,466.79,7.52,0.0161,323.73
August,19,13:30,207.97,0.83,0.004,324.36,439.12,8.52,0.0194,346.36,936.48,31.37,0.0335,348.83,468.04,6.93,0.0148,327.0
August,19,14:00,213.2,0.58,0.0027,327.7,447.35,4.43,0.0099,347.9,928.47,20.15,0.0217,349.16,489.05,5.33,0.0109,328.86
August,19,14:30,214.06,1.46,0.0068,336.16,461.28,3.28,0.0071,354.4,946.98,18.28,0.0193,351.16,489.45,7.44,0.0152,335.63
August,19,15:00,209.61,1.61,0.0077,324.98,449.54,1.71,0.0038,347.81,945.26,5.39,0.0057,348.86,478.06,5.64,0.0118,335.68
August,19,15:30,212.07,1.72,0.0081,322.69,431.95,2.63,0.0061,350.07,942.57,8.2,0.0087,348.62,486.75,7.01,0.0144,333.05
August,19,16:00,202.83,0.77,0.0038,341.52,435.43,1.61,0.0037,353.1,920.66,7.73,0.0084,353.9,483.25,3.14,0.0065,333.89
August,19,16:30,193.45,0.41,0.0021,340.95,426.58,2.09,0.0049,351.71,863.14,4.49,0.0052,352.96,475.24,3.99,0.0084,330.95
August,19,17:00,184.44,0.65,0.0035,327.84,400.33,1.68,0.0042,350.83,821.18,15.77,0.0192,354.32,468.26,3.79,0.0081,340.82
August,19,17:30,164.12,1.0,0.0061,322.54,385.12,2.31,0.006,356.78,773.58,12.69,0.0164,348.13,407.43,3.22,0.0079,327.16
August,19,18:00,138.59,0.58,0.0042,319.56,337.55,2.4,0.0071,354.14,692.63,8.93,0.0129,349.65,378.91,2.2,0.0058,328.11
August,19,18:30,124.75,0.86,0.0069,353.21,309.54,1.83,0.0059,355.35,628.78,4.97,0.0079,349.84,326.38,2.19,0.0067,316.31
August,19,19:00,73.97,0.26,0.0035,364.01,294.38,1.94,0.0066,353.2,557.95,10.82,0.0194,342.2,311.0,4.2,0.0135,323.35
August,19,19:30,60.43,0.36,0.0059,341.41,260.03,0.96,0.0037,354.3,485.73,19.62,0.0404,347.66,280.14,5.38,0.0192,332.79
August,19,20:00,45.78,0.44,0.0097,325.18,238.75,2.82,0.0118,357.33,427.19,17.86,0.0418,350.53,263.28,7.77,0.0295,322.16
August,19,20:30,41.42,0.6,0.0145,307.65,192.97,2.66,0.0138,341.71,364.71,7.88,0.0216,349.35,213.47,4.23,0.0198,319.94
August,19,21:00,30.15,0.31,0.0103,328.77,164.52,2.06,0.0125,336.06,306.33,2.85,0.0093,355.0,177.87,9.75,0.0548,317.0
August,19,21:30,21.0,0.08,0.0036,357.17,142.08,0.97,0.0068,335.64,231.89,1.23,0.0053,359.83,155.86,3.77,0.0242,321.92
August,19,22:00,15.72,0.03,0.002,378.75,117.35,1.03,0.0088,320.9,222.53,1.65,0.0074,357.22,130.01,1.98,0.0152,324.4
August,19,22:30,11.03,0.79,0.0712,424.77,86.33,0.76,0.0088,308.94,159.78,0.66,0.0041,334.39,98.86,1.11,0.0112,316.65
August,19,23:00,10.94,0.55,0.05,328.98,62.79,0.4,0.0063,306.65,128.41,0.36,0.0028,334.27,74.61,0.36,0.0048,321.38
August,19,23:30,8.93,0.11,0.0118,335.9,50.84,0.33,0.0065,321.89,92.3,0.22,0.0024,327.94,63.41,0.62,0.0097,307.79
August,20,0:00,4.57,0.4,0.0872,519.59,37.65,0.67,0.0177,321.85,53.73,0.46,0.0085,322.99,38.17,0.6,0.0158,333.54
August,20,0:30,3.8,0.2,0.053,415.15,26.76,0.32,0.012,321.2,39.24,0.38,0.0096,324.56,30.58,0.17,0.0055,323.51
August,20,1:00,3.1,0.37,0.1202,368.87,10.12,0.21,0.0205,428.44,33.56,0.51,0.0151,322.24,18.66,0.1,0.0055,334.13
August,20,1:30,2.21,0.59,0.2682,464.78,7.66,0.59,0.0772,293.86,24.83,0.34,0.0138,333.35,14.12,0.57,0.0406,354.17
August,20,2:00,1.75,0.1,0.0587,1043.86,4.47,0.37,0.0833,301.77,17.49,0.98,0.0563,286.63,10.62,0.46,0.0431,357.95
August,20,2:30,1.8,0.02,0.0117,575.06,4.11,0.03,0.0083,330.26,14.24,0.66,0.0464,267.84,9.82,0.36,0.0369,386.23
August,20,3:00,1.74,0.02,0.0117,400.85,3.93,0.0,0.0,328.77,12.54,0.73,0.0581,295.55,3.63,0.17,0.0459,487.56
August,20,3:30,1.87,0.01,0.0067,373.98,3.82,0.02,0.005,457.36,10.87,0.06,0.0051,330.87,2.92,0.24,0.0831,399.34
August,20,4:00,1.7,0.0,0.0,302.87,3.13,0.08,0.0258,291.65,9.08,0.02,0.0019,298.07,2.21,0.15,0.07,449.21
August,20,4:30,1.62,0.0,0.0,296.55,2.77,0.1,0.0358,312.73,8.94,0.04,0.004,321.66,2.36,0.12,0.0492,435.05
August,20,5:00,1.87,0.0,0.0,264.84,2.21,0.03,0.0158,412.02,10.54,0.06,0.0055,292.03,3.76,0.12,0.0331,411.79
August,20,5:30,1.94,0.0,0.0,322.42,3.7,0.31,0.0828,299.75,10.24,0.04,0.004,276.85,3.83,0.05,0.0121,399.86
August,20,6:00,2.36,0.18,0.075,306.41,5.19,0.97,0.1873,293.79,29.14,0.16,0.0054,288.19,11.22,0.36,0.0322,287.44
August,20,6:30,3.01,0.17,0.0579,330.53,8.38,2.72,0.3245,449.5,53.52,1.02,0.0191,269.16,24.33,1.38,0.0569,260.3
August,20,7:00,10.34,0.44,0.0422,319.58,27.97,0.27,0.0095,353.11,82.28,0.39,0.0047,274.57,36.94,1.2,0.0324,278.67
August,20,7:30,20.61,0.69,0.0337,336.1,45.36,1.34,0.0296,289.08,138.2,1.85,0.0134,271.61,60.2,0.72,0.0119,282.28
August,20,8:00,45.48,0.6,0.0131,277.66,88.42,0.5,0.0056,286.42,255.93,3.28,0.0128,288.41,123.98,0.95,0.0077,277.42
August,20,8:30,79.36,0.49,0.0062,306.28,134.08,1.26,0.0094,311.67,372.46,5.25,0.0141,302.44,178.11,1.62,0.0091,317.24
August,20,9:00,120.18,0.79,0.0066,318.49,206.96,0.79,0.0038,310.23,544.74,5.99,0.011,312.71,248.52,3.45,0.0139,308.38
August,20,9:30,144.71,1.1,0.0076,324.28,267.38,2.06,0.0077,329.95,659.02,8.76,0.0133,314.29,313.26,4.01,0.0128,312.33
August,20,10:00,156.96,1.35,0.0086,314.55,310.08,1.61,0.0052,333.0,803.78,6.27,0.0078,324.24,375.84,3.91,0.0104,305.75
August,20,10:30,199.98,1.94,0.0097,313.92,370.83,8.08,0.0218,341.8,857.89,10.12,0.0118,330.59,390.7,11.84,0.0303,308.54
August,20,11:00,204.98,1.56,0.0076,315.08,367.25,3.97,0.0108,345.24,911.34,8.29,0.0091,332.42,429.9,10.53,0.0245,314.29
August,20,11:30,203.71,1.87,0.0092,317.89,417.19,5.92,0.0142,346.28,935.83,9.45,0.0101,334.47,455.68,6.52,0.0143,312.7
August,20,12:00,211.57,2.05,0.0097,316.07,419.9,4.74,0.0113,351.16,928.35,8.36,0.009,337.75,478.85,6.7,0.014,314.61
August,20,12:30,212.0,1.91,0.009,321.19,413.19,8.64,0.0209,351.63,966.12,16.13,0.0167,342.64,458.8,5.69,0.0124,322.05
August,20,13:00,217.17,1.89,0.0087,328.96,427.98,7.62,0.0178,350.63,956.03,8.89,0.0093,350.33,456.84,6.67,0.0146,318.7
August,20,13:30,210.74,1.5,0.0071,328.79,452.14,10.04,0.0222,353.47,951.16,17.22,0.0181,349.68,461.67,9.79,0.0212,338.46
August,20,14:00,213.37,2.18,0.0102,327.37,451.12,6.05,0.0134,345.5,979.47,18.51,0.0189,350.82,480.26,12.97,0.027,339.92
August,20,14:30,226.92,2.0,0.0088,331.84,489.59,8.96,0.0183,357.48,968.81,29.45,0.0304,352.99,488.96,36.87,0.0754,344.06
August,20,15:00,214.71,2.08,0.0097,329.09,464.57,4.65,0.01,358.53,971.92,13.32,0.0137,348.9,474.23,33.58,0.0708,340.84
August,20,15:30,210.57,5.03,0.0239,329.49,455.03,8.51,0.0187,352.9,959.28,5.37,0.0056,350.07,472.67,82.01,0.1735,336.21
August,20,16:00,202.62,2.74,0.0135,337.13,442.55,3.81,0.0086,349.34,915.92,3.3,0.0036,355.19,471.77,45.05,0.0955,329.54
August,20,16:30,198.32,1.29,0.0065,335.56,426.27,2.81,0.0066,350.77,847.28,3.3,0.0039,354.78,432.4,12.32,0.0285,326.58
August,20,17:00,196.58,2.65,0.0135,327.09,412.57,4.5,0.0109,353.26,797.24,4.62,0.0058,353.41,423.93,4.2,0.0099,335.79
August,20,17:30,158.11,1.5,0.0095,334.01,394.52,6.04,0.0153,356.81,746.36,8.88,0.0119,353.34,385.15,4.04,0.0105,327.73
August,20,18:00,137.45,0.93,0.0068,331.1,367.85,4.56,0.0124,355.65,653.9,8.11,0.0124,352.05,344.62,1.55,0.0045,330.02
August,20,18:30,118.95,0.68,0.0057,337.79,332.31,2.72,0.0082,352.39,624.65,6.75,0.0108,349.88,321.86,2.45,0.0076,309.99
August,20,19:00,81.26,0.57,0.007,364.25,318.36,3.88,0.0122,351.37,535.0,3.69,0.0069,346.17,299.37,2.37,0.0079,323.54
August,20,19:30,57.22,0.38,0.0067,317.68,291.58,2.71,0.0093,352.07,470.46,6.54,0.0139,351.15,274.76,4.97,0.0181,329.06
August,20,20:00,46.46,0.67,0.0145,317.96,240.02,3.72,0.0155,353.19,417.93,7.48,0.0179,352.12,242.23,5.4,0.0223,309.55
August,20,20:30,34.37,0.55,0.0161,305.64,206.26,2.68,0.013,340.65,353.04,6.53,0.0185,351.09,224.19,2.8,0.0125,311.23
August,20,21:00,29.73,0.81,0.0274,314.92,167.76,1.63,0.0097,329.51,309.03,2.63,0.0085,348.86,171.6,5.63,0.0328,318.44
August,20,21:30,19.87,0.26,0.013,322.76,153.7,1.17,0.0076,325.96,240.55,2.14,0.0089,346.29,155.89,4.55,0.0292,299.9
August,20,22:00,14.08,0.26,0.0185,317.38,119.39,1.56,0.0131,316.83,237.47,2.73,0.0115,333.76,143.48,2.07,0.0144,315.28
August,20,22:30,11.98,2.18,0.1823,419.49,98.05,1.71,0.0174,309.66,165.01,1.67,0.0101,332.02,99.75,1.66,0.0166,304.51
August,20,23:00,9.14,0.56,0.0612,357.54,62.75,0.55,0.0088,332.49,133.88,0.6,0.0045,319.34,80.9,0.59,0.0073,292.48
August,20,23:30,7.15,0.06,0.008,300.99,56.12,0.52,0.0093,318.02,96.7,0.51,0.0053,342.37,56.44,0.4,0.0071,274.97
August,21,0:00,3.9,0.07,0.0185,446.96,33.58,0.68,0.0202,311.08,51.16,0.74,0.0144,315.61,43.77,0.67,0.0152,338.57
August,21,0:30,3.73,0.01,0.0033,309.99,23.95,0.32,0.0135,319.07,38.23,0.45,0.0118,317.22,28.94,0.11,0.0038,324.77
August,21,1:00,2.52,0.02,0.0067,349.17,8.86,0.18,0.0208,438.75,30.41,0.72,0.0237,308.92,19.3,0.09,0.0045,344.99
August,21,1:30,2.58,0.11,0.0433,408.1,7.0,0.7,0.1005,278.66,23.68,0.31,0.0131,313.87,16.36,0.51,0.0311,361.12
August,21,2:00,1.72,0.05,0.0267,379.68,4.47,0.5,0.1117,266.33,17.06,0.4,0.0234,288.95,10.82,0.23,0.0213,362.24
August,21,2:30,1.59,0.01,0.0033,448.08,4.16,0.08,0.0183,329.1,14.21,0.28,0.02,284.05,8.74,0.16,0.0187,368.79
August,21,3:00,1.53,0.03,0.0217,390.97,4.01,0.0,0.0,309.06,12.06,0.54,0.0449,302.32,3.53,0.06,0.0182,433.49
August,21,3:30,1.57,0.01,0.0067,303.87,4.16,0.02,0.005,430.6,10.36,0.02,0.0017,341.05,2.43,0.08,0.0321,446.09
August,21,4:00,1.38,0.0,0.0033,333.18,2.98,0.08,0.0258,301.3,9.11,0.02,0.0024,342.83,1.63,0.01,0.0087,562.57
August,21,4:30,1.43,0.0,0.0,318.56,2.6,0.11,0.0425,311.28,8.81,0.04,0.005,317.96,1.69,0.0,0.0017,503.48
August,21,5:00,1.59,0.0,0.0,256.67,2.08,0.03,0.0158,425.23,10.62,0.09,0.0088,296.16,2.44,0.01,0.005,397.68
August,21,5:30,1.47,0.0,0.0,320.16,3.42,0.25,0.0728,317.22,9.34,0.07,0.0075,269.52,2.74,0.02,0.0065,413.68
August,21,6:00,1.84,0.01,0.005,283.96,4.35,0.85,0.1943,277.61,27.63,0.18,0.0064,233.08,9.76,0.09,0.0096,276.9
August,21,6:30,2.31,0.16,0.0704,280.74,7.12,2.18,0.3063,455.91,48.58,1.33,0.0274,247.59,22.92,1.35,0.0588,254.22
August,21,7:00,8.34,0.19,0.0226,305.28,27.76,0.2,0.0073,348.12,79.95,0.3,0.0038,279.29,38.94,0.64,0.0164,276.12
August,21,7:30,10.85,0.28,0.0255,368.53,40.18,0.81,0.0202,284.3,134.97,0.82,0.0061,262.77,60.32,0.62,0.0103,285.3
August,21,8:00,44.91,0.26,0.0059,284.35,81.86,0.1,0.0012,285.71,259.46,1.22,0.0047,279.86,118.58,0.74,0.0062,275.69
August,21,8:30,81.85,0.33,0.004,307.46,116.43,0.65,0.0056,318.25,360.46,1.59,0.0044,305.74,174.97,1.75,0.01,298.33
August,21,9:00,112.49,0.7,0.0062,312.8,183.81,0.74,0.004,318.12,515.25,1.29,0.0025,313.04,248.63,3.78,0.0152,294.24
August,21,9:30,138.69,0.96,0.0069,327.53,231.09,1.62,0.007,329.64,633.55,3.48,0.0055,309.24,311.63,4.89,0.0157,304.77
August,21,10:00,149.82,0.78,0.0052,319.49,270.42,2.22,0.0082,332.88,728.96,5.18,0.0071,325.09,365.08,4.23,0.0116,303.58
August,21,10:30,191.1,1.18,0.0062,317.95,329.77,5.71,0.0173,339.82,808.11,7.03,0.0087,330.9,391.56,8.38,0.0214,320.12
August,21,11:00,196.48,0.79,0.004,320.12,327.03,4.12,0.0126,342.5,882.32,3.71,0.0042,334.71,424.11,6.45,0.0152,326.27
August,21,11:30,210.58,1.24,0.0059,322.36,371.36,6.05,0.0163,348.14,912.39,5.93,0.0065,337.53,451.83,5.33,0.0118,320.68
August,21,12:00,218.64,2.06,0.0094,317.98,380.32,3.58,0.0094,351.72,908.98,6.0,0.0066,339.13,472.72,8.75,0.0185,320.56
August,21,12:30,216.76,2.99,0.0138,326.96,376.66,4.44,0.0118,353.05,945.35,15.13,0.016,343.68,458.36,5.27,0.0115,327.87
August,21,13:00,217.66,2.59,0.0119,335.07,400.21,3.12,0.0078,351.75,936.07,9.27,0.0099,345.91,452.11,4.02,0.0089,325.26
August,21,13:30,215.66,2.44,0.0113,329.2,420.53,5.3,0.0126,354.76,936.32,14.23,0.0152,343.85,464.14,6.31,0.0136,334.66
August,21,14:00,227.7,2.87,0.0126,330.86,425.0,7.86,0.0185,345.64,962.19,10.3,0.0107,345.67,478.92,7.57,0.0158,340.01
August,21,14:30,233.94,5.52,0.0236,336.1,444.8,12.54,0.0282,358.6,951.31,9.04,0.0095,345.46,488.09,11.47,0.0235,340.5
August,21,15:00,221.69,3.66,0.0165,329.21,431.74,7.12,0.0165,358.79,941.05,4.61,0.0049,347.42,471.5,9.76,0.0207,340.41
August,21,15:30,223.63,5.21,0.0233,327.66,417.95,16.22,0.0388,353.7,936.89,3.75,0.004,346.5,473.5,35.18,0.0743,338.93
August,21,16:00,214.38,1.48,0.0069,344.84,424.52,8.53,0.0201,351.21,909.92,5.37,0.0059,348.31,490.1,24.51,0.05,332.39
August,21,16:30,207.17,1.12,0.0054,342.14,396.5,3.57,0.009,350.93,846.52,4.91,0.0058,350.47,453.95,6.9,0.0152,332.02
August,21,17:00,184.62,1.94,0.0105,327.74,364.9,3.58,0.0098,354.16,798.55,4.87,0.0061,349.86,427.06,2.95,0.0069,341.51
August,21,17:30,148.03,1.26,0.0085,327.84,340.86,3.99,0.0117,359.81,721.32,4.76,0.0066,346.74,371.38,2.45,0.0066,333.76
August,21,18:00,132.94,0.77,0.0058,322.37,309.91,3.29,0.0106,358.65,641.26,5.0,0.0078,348.63,338.27,1.89,0.0056,335.35
August,21,18:30,113.5,0.6,0.0053,344.15,295.9,2.93,0.0099,352.83,585.45,4.39,0.0075,350.51,305.95,1.68,0.0055,322.27
August,21,19:00,71.39,0.31,0.0044,367.72,281.19,4.53,0.0161,352.95,516.43,3.46,0.0067,344.09,278.7,2.34,0.0084,328.44
August,21,19:30,55.2,0.38,0.0068,334.3,243.94,3.02,0.0124,351.78,454.34,6.22,0.0137,344.2,260.37,4.19,0.0161,329.99
August,21,20:00,39.69,0.42,0.0105,325.35,205.34,3.88,0.0189,354.79,390.77,5.12,0.0131,348.37,202.29,4.25,0.021,322.49
August,21,20:30,30.13,0.32,0.0106,316.23,185.27,3.02,0.0163,342.18,347.04,2.15,0.0062,345.67,187.17,1.74,0.0093,312.5
August,21,21:00,19.5,0.5,0.0255,325.92,153.35,2.39,0.0156,328.63,289.35,1.71,0.0059,342.53,155.91,7.19,0.0461,333.8
August,21,21:30,15.46,0.3,0.0194,328.79,138.08,1.49,0.0108,325.84,229.01,1.44,0.0063,346.06,142.34,5.08,0.0357,327.55
August,21,22:00,12.73,0.14,0.0113,338.19,99.87,1.06,0.0106,317.69,189.68,1.29,0.0068,337.7,129.08,1.87,0.0145,325.7
August,21,22:30,10.9,1.64,0.1501,421.57,84.27,0.85,0.0101,313.47,146.41,1.11,0.0076,331.76,89.86,0.7,0.0078,319.13
August,21,23:00,9.29,0.75,0.0804,362.77,50.89,0.31,0.006,336.25,110.47,0.23,0.0021,325.37,70.52,0.59,0.0083,312.69
August,21,23:30,6.9,0.07,0.01,332.16,48.54,0.3,0.0062,330.57,81.91,0.21,0.0026,319.9,52.01,0.83,0.016,294.43
August,22,0:00,11.68,1.21,0.1032,683.92,59.78,0.85,0.0143,302.09,81.87,1.31,0.016,320.54,73.66,1.09,0.0148,339.7
August,22,0:30,9.57,0.66,0.0689,412.79,32.65,0.52,0.0158,299.82,61.11,0.58,0.0095,322.77,48.05,0.19,0.004,328.16
August,22,1:00,9.3,1.45,0.1559,343.79,12.99,0.4,0.0305,368.84,51.26,1.15,0.0224,312.06,34.4,0.16,0.0047,352.85
August,22,1:30,7.62,2.47,0.3237,572.71,11.34,0.4,0.0351,276.4,40.06,0.34,0.0084,315.48,26.51,1.07,0.0403,357.39
August,22,2:00,5.14,0.27,0.052,1125.75,7.09,0.01,0.001,283.79,26.46,0.7,0.0264,283.04,17.17,0.38,0.0223,380.34
August,22,2:30,4.96,0.05,0.01,614.79,5.07,0.0,0.0,309.43,19.71,0.37,0.0189,308.76,9.74,0.29,0.0302,437.15
August,22,3:00,4.59,0.05,0.01,358.32,5.24,0.0,0.0,289.36,18.55,1.53,0.0826,322.71,6.33,0.21,0.0331,506.37
August,22,3:30,4.5,0.02,0.005,399.86,3.36,0.0,0.0,388.5,14.42,0.01,0.0009,348.68,4.73,0.37,0.0789,442.27
August,22,4:00,4.04,0.0,0.0,322.72,3.97,0.02,0.005,273.52,15.71,0.04,0.0023,367.34,3.3,0.19,0.0577,523.98
August,22,4:30,4.4,0.0,0.0,260.08,3.32,0.01,0.0025,299.87,12.63,0.05,0.0042,344.18,3.33,0.14,0.0412,515.95
August,22,5:00,4.77,0.0,0.0,234.31,3.22,0.01,0.0025,296.87,16.97,0.12,0.0069,331.08,5.55,0.15,0.0268,418.71
August,22,5:30,5.78,0.0,0.0,284.48,4.32,0.05,0.0108,322.67,14.55,0.07,0.0045,274.63,5.31,0.13,0.0254,399.73
August,22,6:00,7.19,0.49,0.0687,312.71,5.87,0.16,0.0278,303.42,28.37,0.07,0.0024,238.88,14.19,0.39,0.0273,280.93
August,22,6:30,6.3,0.69,0.1099,339.55,11.7,2.72,0.2324,431.65,44.93,0.86,0.0192,252.85,22.7,1.02,0.0448,263.26
August,22,7:00,16.18,0.47,0.029,317.0,11.53,0.03,0.0022,309.9,80.2,0.18,0.0022,282.52,38.55,0.79,0.0204,280.93
August,22,7:30,21.41,0.85,0.0399,342.15,19.07,0.16,0.0084,283.65,133.54,0.63,0.0047,268.01,66.35,0.62,0.0094,294.14
August,22,8:00,42.18,0.33,0.0079,250.59,35.54,0.09,0.0026,277.94,246.99,0.84,0.0034,272.61,115.44,0.83,0.0072,278.17
August,22,8:30,62.16,0.08,0.0013,293.84,47.51,0.39,0.0083,314.96,331.49,1.43,0.0043,293.59,164.28,1.33,0.0081,300.68
August,22,9:00,87.7,0.33,0.0038,300.97,163.65,0.9,0.0055,312.8,471.85,1.23,0.0026,294.24,223.92,3.34,0.0149,304.45
August,22,9:30,105.56,0.81,0.0077,298.96,196.11,1.14,0.0058,317.07,551.25,4.3,0.0078,305.65,274.37,3.84,0.014,294.5
August,22,10:00,118.9,0.76,0.0064,291.78,251.32,1.83,0.0073,316.79,626.59,5.33,0.0085,312.65,330.91,3.97,0.012,295.71
August,22,10:30,146.18,1.18,0.0081,294.35,269.66,4.99,0.0185,325.33,733.63,9.02,0.0123,322.21,362.91,9.33,0.0257,299.6
August,22,11:00,148.81,0.98,0.0066,303.98,305.78,4.4,0.0144,335.88,777.66,3.89,0.005,323.36,390.8,6.68,0.0171,298.42
August,22,11:30,161.08,1.35,0.0084,311.63,340.62,4.33,0.0127,341.56,851.79,6.73,0.0079,329.31,398.91,6.3,0.0158,304.09
August,22,12:00,160.56,1.36,0.0085,315.21,339.09,2.24,0.0066,333.18,892.52,7.32,0.0082,328.74,421.38,8.98,0.0213,305.35
August,22,12:30,169.61,2.61,0.0154,317.3,367.14,3.85,0.0105,339.46,892.89,16.07,0.018,333.67,431.58,5.78,0.0134,299.41
August,22,13:00,163.43,1.96,0.012,308.79,403.08,3.14,0.0078,335.91,899.3,9.98,0.0111,339.69,427.27,4.96,0.0116,310.39
August,22,13:30,163.74,1.85,0.0113,307.35,403.69,5.97,0.0148,326.83,915.79,15.29,0.0167,334.91,434.26,6.38,0.0147,312.75
August,22,14:00,151.02,2.01,0.0133,314.79,413.71,9.1,0.022,337.67,907.87,12.62,0.0139,344.03,454.12,9.26,0.0204,306.26
August,22,14:30,154.96,2.84,0.0183,307.84,399.67,12.67,0.0317,344.83,883.87,9.99,0.0113,333.9,470.15,20.5,0.0436,314.46
August,22,15:00,165.7,3.2,0.0193,310.43,385.6,6.83,0.0177,336.06,833.43,2.67,0.0032,341.65,433.6,17.69,0.0408,305.67
August,22,15:30,164.96,4.7,0.0285,295.32,389.45,15.77,0.0405,326.55,822.82,1.32,0.0016,341.93,410.08,45.03,0.1098,303.06
August,22,16:00,162.09,1.38,0.0085,309.95,400.77,7.29,0.0182,343.18,799.09,4.32,0.0054,340.56,400.98,28.71,0.0716,316.25
August,22,16:30,147.9,0.89,0.006,303.63,379.95,4.03,0.0106,347.68,738.94,3.55,0.0048,338.34,368.14,9.31,0.0253,312.53
August,22,17:00,156.06,2.51,0.0161,324.39,374.49,3.63,0.0097,340.6,691.56,3.67,0.0053,336.97,353.55,2.9,0.0082,307.2
August,22,17:30,135.2,1.45,0.0107,321.54,358.81,3.62,0.0101,340.37,687.83,3.44,0.005,332.05,353.16,3.0,0.0085,310.28
August,22,18:00,134.56,0.83,0.0062,314.98,342.06,3.39,0.0099,349.42,619.49,2.73,0.0044,334.22,318.23,1.81,0.0057,317.82
August,22,18:30,131.07,0.9,0.0069,318.21,311.47,2.49,0.008,338.18,562.33,3.82,0.0068,337.93,268.39,2.17,0.0081,324.28
August,22,19:00,122.54,0.76,0.0062,305.6,270.87,4.04,0.0149,336.58,512.38,3.48,0.0068,337.4,271.53,2.17,0.008,318.93
August,22,19:30,119.54,1.27,0.0106,304.23,235.09,2.66,0.0113,314.91,475.33,6.23,0.0131,336.46,280.37,5.07,0.0181,329.69
August,22,20:00,78.52,2.02,0.0257,296.33,210.25,3.81,0.0181,333.3,436.74,5.55,0.0127,340.07,241.81,5.49,0.0227,315.39
August,22,20:30,61.97,1.37,0.0221,304.99,195.94,2.47,0.0126,317.24,374.15,1.83,0.0049,331.11,214.33,2.36,0.011,314.67
August,22,21:00,51.66,2.47,0.0479,298.77,160.56,1.88,0.0117,314.62,333.03,1.2,0.0036,331.19,192.54,8.72,0.0453,314.29
August,22,21:30,40.56,1.89,0.0466,316.57,158.68,1.67,0.0105,316.07,257.66,1.24,0.0048,328.06,153.06,5.07,0.0331,319.85
August,22,22:00,33.59,1.41,0.0421,336.24,127.53,1.85,0.0145,312.64,210.93,1.08,0.0051,327.4,145.8,1.94,0.0133,309.84
August,22,22:30,30.65,3.41,0.1112,328.8,101.34,1.52,0.015,305.7,179.6,0.99,0.0055,333.78,113.73,1.76,0.0155,323.57
August,22,23:00,23.34,1.64,0.0703,369.13,75.16,0.83,0.0111,321.14,151.98,0.41,0.0027,334.03,92.92,0.92,0.0099,316.73
August,22,23:30,15.75,0.25,0.0156,235.11,71.89,0.39,0.0054,311.6,124.86,0.5,0.004,319.91,74.62,1.2,0.0161,308.77
August,23,0:00,8.19,0.4,0.0489,837.35,49.93,1.87,0.0375,326.45,49.74,0.53,0.0107,300.85,39.45,0.57,0.0145,322.56
August,23,0:30,6.48,0.18,0.0277,390.93,30.93,0.97,0.0312,319.48,36.85,0.2,0.0054,317.23,27.12,0.11,0.0039,334.49
August,23,1:00,7.21,0.29,0.04,335.63,13.91,0.45,0.0322,462.63,27.61,0.52,0.0187,309.3,18.63,0.1,0.0056,369.16
August,23,1:30,5.99,0.32,0.0533,536.58,10.19,1.17,0.1144,307.61,23.91,0.33,0.014,305.27,13.55,0.51,0.0374,378.54
August,23,2:00,3.93,0.09,0.0233,395.36,6.9,0.87,0.1267,331.5,15.39,0.72,0.0469,289.45,7.84,0.46,0.059,389.41
August,23,2:30,3.76,0.03,0.0083,430.07,6.54,0.19,0.0283,367.34,11.68,0.57,0.0492,308.6,5.88,0.68,0.1155,456.01
August,23,3:00,3.67,0.03,0.0083,264.74,5.69,0.0,0.0,317.32,13.17,0.92,0.0701,291.15,2.52,0.1,0.0402,554.19
August,23,3:30,3.4,0.03,0.0083,306.44,6.2,0.05,0.0075,366.64,8.95,0.03,0.0031,314.1,2.58,0.2,0.0784,368.72
August,23,4:00,3.1,0.05,0.015,369.13,4.74,0.15,0.0325,291.23,7.57,0.0,0.0,319.58,1.85,0.14,0.0757,424.17
August,23,4:30,3.3,0.08,0.025,317.95,4.46,0.14,0.0317,308.43,6.06,0.0,0.0,319.0,1.86,0.13,0.0713,427.0
August,23,5:00,3.84,0.1,0.025,282.88,3.62,0.06,0.0178,605.44,7.98,0.0,0.0006,274.6,2.95,0.06,0.02,384.99
August,23,5:30,4.77,0.35,0.0733,360.43,5.61,0.66,0.1178,336.78,7.57,0.04,0.0056,228.55,2.73,0.08,0.0306,380.34
August,23,6:00,5.87,0.32,0.0537,321.48,5.3,0.58,0.109,304.61,21.25,0.12,0.0056,254.62,8.58,0.31,0.0357,261.42
August,23,6:30,5.21,0.31,0.0598,328.17,9.79,2.11,0.2157,384.8,26.33,0.72,0.0274,257.24,15.77,0.61,0.0387,264.05
August,23,7:00,15.4,0.43,0.0279,303.64,11.23,0.1,0.0091,339.33,45.28,0.21,0.0047,275.62,22.97,0.48,0.0207,276.16
August,23,7:30,14.66,0.63,0.0428,360.22,17.81,0.5,0.0281,285.32,84.28,0.76,0.009,266.93,40.87,0.49,0.0119,288.65
August,23,8:00,32.82,0.19,0.0058,258.57,33.38,0.13,0.0038,285.52,152.15,1.38,0.0091,277.85,77.64,0.68,0.0087,285.11
August,23,8:30,50.39,0.15,0.003,318.7,43.4,0.46,0.0106,324.73,230.3,2.6,0.0113,292.13,113.75,1.08,0.0095,306.87
August,23,9:00,59.36,0.21,0.0036,365.45,124.91,0.79,0.0063,317.41,321.46,1.96,0.0061,299.64,144.66,2.3,0.0159,306.09
August,23,9:30,69.75,0.33,0.0048,332.74,139.38,0.84,0.006,325.58,391.17,3.83,0.0098,306.79,173.37,2.41,0.0139,296.0
August,23,10:00,78.04,0.44,0.0057,320.89,180.27,1.05,0.0058,322.69,486.23,2.72,0.0056,312.86,211.19,2.56,0.0121,293.8
August,23,10:30,103.38,0.91,0.0088,309.03,194.47,3.19,0.0164,329.08,540.09,5.67,0.0105,323.72,241.4,6.9,0.0286,306.03
August,23,11:00,112.3,0.67,0.006,341.43,215.97,2.57,0.0119,335.01,574.52,3.62,0.0063,324.83,254.19,4.8,0.0189,310.02
August,23,11:30,116.5,0.62,0.0053,330.54,231.61,3.52,0.0152,337.61,611.56,4.59,0.0075,325.12,267.48,4.63,0.0173,309.0
August,23,12:00,125.91,1.01,0.008,334.12,236.06,2.2,0.0093,331.7,639.49,3.58,0.0056,326.3,288.16,6.22,0.0216,310.08
August,23,12:30,131.48,2.02,0.0154,335.69,267.98,3.03,0.0113,336.56,636.49,6.49,0.0102,326.61,283.43,3.91,0.0138,307.38
August,23,13:00,126.52,1.38,0.0109,314.44,297.98,3.34,0.0112,333.19,643.41,4.25,0.0066,338.0,286.94,3.41,0.0119,316.7
August,23,13:30,125.74,1.12,0.0089,313.54,299.51,4.37,0.0146,325.35,636.65,14.01,0.022,335.87,292.5,5.0,0.0171,327.8
August,23,14:00,117.46,1.55,0.0132,318.33,313.55,6.96,0.0222,335.84,645.6,17.82,0.0276,342.42,309.25,5.91,0.0191,323.1
August,23,14:30,120.1,2.63,0.0219,304.0,298.01,10.19,0.0342,341.34,646.96,27.5,0.0425,337.25,325.38,13.5,0.0415,325.21
August,23,15:00,129.41,3.26,0.0252,313.5,293.69,7.49,0.0255,335.58,642.4,13.75,0.0214,342.02,316.77,12.42,0.0392,322.35
August,23,15:30,131.83,4.46,0.0338,283.87,295.07,11.45,0.0388,327.92,634.72,5.46,0.0086,343.25,311.5,30.31,0.0973,325.27
August,23,16:00,121.34,0.8,0.0066,284.84,302.59,6.78,0.0224,342.83,629.06,3.46,0.0055,340.24,303.33,17.26,0.0569,325.01
August,23,16:30,115.77,0.44,0.0038,296.4,292.17,3.97,0.0136,347.65,600.31,2.04,0.0034,339.21,292.97,7.06,0.0241,324.49
August,23,17:00,118.82,1.72,0.0145,328.9,287.6,3.05,0.0106,342.42,564.96,1.47,0.0026,338.7,267.4,2.14,0.008,314.94
August,23,17:30,104.77,1.01,0.0096,327.5,273.13,2.98,0.0109,342.03,528.88,2.91,0.0055,332.07,251.68,2.19,0.0087,320.91
August,23,18:00,102.65,0.39,0.0038,315.68,250.77,3.26,0.013,349.93,477.76,2.01,0.0042,336.37,233.58,1.4,0.006,333.7
August,23,18:30,101.45,0.47,0.0046,346.33,233.38,2.36,0.0101,341.47,434.91,2.09,0.0048,342.9,214.03,1.78,0.0083,332.24
August,23,19:00,94.87,0.11,0.0012,324.44,211.51,3.49,0.0165,338.66,387.91,1.94,0.005,338.84,201.53,1.79,0.0089,324.48
August,23,19:30,74.76,0.49,0.0065,303.38,190.03,2.81,0.0148,320.78,355.15,2.45,0.0069,339.94,197.55,3.71,0.0188,336.66
August,23,20:00,49.07,1.72,0.0351,306.18,178.26,3.9,0.0219,335.56,327.03,3.3,0.0101,342.98,176.62,4.27,0.0242,323.57
August,23,20:30,40.57,1.02,0.0252,323.99,170.83,2.94,0.0172,316.27,272.54,2.73,0.01,337.01,155.8,1.96,0.0126,327.41
August,23,21:00,32.7,1.7,0.052,309.18,148.47,1.78,0.012,317.58,245.22,0.91,0.0037,327.39,131.32,6.75,0.0514,328.84
August,23,21:30,29.91,1.37,0.0457,288.7,141.88,1.76,0.0124,318.81,194.43,0.78,0.004,326.99,101.99,3.62,0.0355,338.14
August,23,22:00,26.08,1.53,0.0587,310.88,117.4,1.54,0.0131,310.88,156.92,0.78,0.005,326.19,96.06,1.37,0.0143,337.89
August,23,22:30,24.66,2.63,0.1066,299.81,96.81,1.37,0.0142,316.06,128.15,0.92,0.0072,324.07,85.31,1.43,0.0168,327.25
August,23,23:00,19.43,1.68,0.0865,379.79,77.43,0.88,0.0114,325.8,107.51,0.46,0.0043,320.17,62.27,0.74,0.0119,323.99
August,23,23:30,13.39,0.53,0.0393,240.1,70.68,0.54,0.0077,314.72,80.52,0.33,0.0041,332.67,42.8,0.97,0.0226,323.4
August,24,0:00,0.67,0.02,0.0267,475.39,17.66,0.72,0.0409,318.86,28.19,0.38,0.0134,309.45,17.18,0.28,0.0165,328.27
August,24,0:30,0.56,0.0,0.005,348.85,11.07,0.2,0.0182,304.18,22.54,0.14,0.006,329.08,15.09,0.1,0.0063,345.46
August,24,1:00,0.81,0.01,0.0117,395.18,5.2,0.17,0.0335,341.67,17.21,0.16,0.0095,321.46,8.98,0.06,0.0072,389.8
August,24,1:30,0.49,0.01,0.0142,407.68,3.35,0.13,0.0381,299.22,13.7,0.16,0.0114,306.71,7.97,0.29,0.0363,390.93
August,24,2:00,0.51,0.0,0.0083,357.48,2.54,0.08,0.0308,309.21,7.95,0.16,0.0204,311.6,4.9,0.21,0.0421,386.35
August,24,2:30,0.46,0.0,0.0083,444.31,2.39,0.0,0.0,360.79,6.17,0.09,0.0146,367.71,3.5,0.35,0.0994,436.43
August,24,3:00,0.45,0.0,0.0083,368.66,2.23,0.0,0.0,357.29,6.96,0.16,0.0231,429.02,2.28,0.12,0.0519,533.96
August,24,3:30,0.39,0.0,0.0083,293.22,2.49,0.0,0.0,314.3,4.91,0.01,0.0022,397.01,1.86,0.15,0.0816,341.82
August,24,4:00,0.34,0.01,0.015,319.57,1.74,0.01,0.005,250.5,5.1,0.0,0.0,388.55,1.82,0.17,0.0924,403.08
August,24,4:30,0.44,0.02,0.035,262.14,1.37,0.04,0.0308,272.29,3.6,0.01,0.0037,380.51,2.35,0.22,0.0927,383.5
August,24,5:00,0.44,0.02,0.035,260.08,1.2,0.01,0.0108,484.78,4.83,0.03,0.0065,369.37,2.45,0.09,0.0387,347.04
August,24,5:30,0.37,0.03,0.09,385.62,1.67,0.02,0.0148,408.65,5.25,0.14,0.0275,303.31,2.52,0.11,0.0454,344.23
August,24,6:00,0.51,0.03,0.0495,288.88,1.66,0.08,0.0492,322.26,10.02,0.03,0.003,254.42,5.08,0.17,0.0338,256.71
August,24,6:30,0.77,0.15,0.1887,302.51,3.56,0.72,0.2015,401.59,17.88,0.31,0.0173,277.85,10.71,0.34,0.0317,254.65
August,24,7:00,1.91,0.04,0.0195,273.41,10.77,0.05,0.0042,289.24,30.26,0.19,0.0062,256.9,14.11,0.23,0.0162,273.35
August,24,7:30,2.69,0.05,0.0201,334.79,12.75,0.27,0.0211,279.18,51.67,0.45,0.0088,259.04,24.61,0.28,0.0113,284.28
August,24,8:00,10.8,0.12,0.011,270.68,29.4,0.06,0.0021,284.35,107.82,0.78,0.0072,272.12,46.67,0.37,0.0079,289.95
August,24,8:30,18.28,0.11,0.0058,296.8,43.05,0.22,0.005,309.83,163.94,0.8,0.0049,301.39,66.2,0.55,0.0083,297.59
August,24,9:00,30.88,0.23,0.0073,306.04,74.49,0.3,0.004,311.45,223.48,1.01,0.0045,307.72,98.5,1.41,0.0143,297.91
August,24,9:30,42.29,0.25,0.0059,322.68,97.6,0.61,0.0062,319.0,291.54,1.52,0.0052,318.96,118.05,1.85,0.0157,294.21
August,24,10:00,54.01,0.39,0.0072,319.8,128.91,0.79,0.0061,315.46,341.76,1.71,0.005,315.93,148.61,2.21,0.0149,308.03
August,24,10:30,59.17,0.52,0.0088,321.79,144.53,1.81,0.0125,338.3,364.42,3.06,0.0084,332.49,162.96,4.4,0.027,318.74
August,24,11:00,57.97,0.35,0.006,326.51,164.68,2.06,0.0125,342.58,395.05,3.0,0.0076,338.8,172.87,2.85,0.0165,323.72
August,24,11:30,60.11,0.31,0.0051,336.75,178.93,3.29,0.0184,342.94,409.77,3.52,0.0086,340.05,186.79,3.25,0.0174,323.65
August,24,12:00,61.24,0.53,0.0086,319.45,193.26,1.97,0.0102,337.22,427.0,4.48,0.0105,340.57,199.43,4.17,0.0209,326.29
August,24,12:30,62.28,0.49,0.0078,315.75,201.54,3.39,0.0168,344.99,427.54,6.24,0.0146,340.02,195.97,2.31,0.0118,318.83
August,24,13:00,61.11,0.62,0.0101,313.43,210.03,2.0,0.0095,345.53,418.16,3.89,0.0093,347.79,199.7,2.06,0.0103,326.54
August,24,13:30,63.6,0.58,0.0091,330.7,217.32,3.61,0.0166,343.63,413.51,3.93,0.0095,346.19,199.5,4.43,0.0222,337.35
August,24,14:00,65.35,0.73,0.0111,328.3,228.23,4.82,0.0211,346.64,415.97,3.62,0.0087,348.29,210.62,5.48,0.026,335.49
August,24,14:30,67.84,1.33,0.0196,333.57,224.83,4.23,0.0188,347.9,423.87,5.04,0.0119,346.43,213.83,12.7,0.0594,333.11
August,24,15:00,66.99,1.15,0.0171,334.26,226.54,1.38,0.0061,349.56,421.69,3.04,0.0072,350.77,216.16,10.55,0.0488,329.76
August,24,15:30,69.22,1.37,0.0198,332.33,223.84,2.93,0.0131,345.16,420.04,10.12,0.0241,348.13,215.51,19.89,0.0923,330.66
August,24,16:00,63.68,0.26,0.0041,337.12,226.56,1.84,0.0081,350.24,420.39,4.67,0.0111,347.93,216.8,11.27,0.052,334.74
August,24,16:30,62.86,0.16,0.0025,330.7,218.57,1.7,0.0078,358.85,412.06,1.9,0.0046,348.58,211.54,5.06,0.0239,336.34
August,24,17:00,54.2,0.46,0.0084,333.91,203.77,1.77,0.0087,359.42,392.52,1.14,0.0029,348.69,198.78,1.61,0.0081,335.12
August,24,17:30,53.43,0.34,0.0063,326.27,193.41,1.43,0.0074,355.06,370.28,1.3,0.0035,348.43,187.86,1.71,0.0091,338.7
August,24,18:00,40.64,0.15,0.0036,318.73,173.65,1.44,0.0083,354.88,340.58,1.7,0.005,349.74,172.99,1.04,0.006,344.24
August,24,18:30,37.2,0.19,0.0052,345.12,166.62,1.6,0.0096,347.64,306.3,1.19,0.0039,350.29,163.93,1.21,0.0074,338.07
August,24,19:00,21.78,0.03,0.0013,345.77,146.69,1.36,0.0093,344.68,262.23,1.65,0.0063,351.93,152.19,1.22,0.008,330.74
August,24,19:30,17.37,0.14,0.0081,342.08,134.09,0.82,0.0061,334.77,237.72,2.78,0.0117,350.63,128.38,2.3,0.0179,338.98
August,24,20:00,13.39,0.15,0.0113,334.63,115.9,1.24,0.0107,337.65,212.86,2.72,0.0128,355.49,112.07,2.23,0.0199,328.25
August,24,20:30,11.6,0.17,0.0145,345.3,96.88,0.52,0.0054,320.46,180.15,2.0,0.0111,342.73,100.11,1.24,0.0124,331.3
August,24,21:00,7.79,0.29,0.0375,354.2,76.02,0.7,0.0092,322.8,155.65,0.75,0.0048,338.29,84.22,4.22,0.0501,331.52
August,24,21:30,6.62,0.33,0.0495,324.32,70.77,0.37,0.0052,328.92,131.08,0.92,0.007,337.8,62.41,1.98,0.0317,341.66
August,24,22:00,5.03,0.07,0.0139,345.36,54.02,0.41,0.0075,323.17,104.97,0.55,0.0052,327.54,60.81,0.82,0.0135,348.19
August,24,22:30,3.09,0.34,0.1088,322.51,38.52,0.25,0.0066,315.69,80.58,0.93,0.0115,326.95,50.94,0.85,0.0166,327.55
August,24,23:00,2.83,0.19,0.0663,285.98,30.41,0.25,0.0081,303.77,62.49,0.37,0.0059,321.54,39.64,0.49,0.0124,321.59
August,24,23:30,1.62,0.03,0.0165,294.81,24.0,0.16,0.0066,301.85,46.74,0.32,0.0069,323.88,29.28,0.61,0.021,324.52
August,25,0:00,4.56,0.14,0.0312,589.26,40.86,0.94,0.0229,328.32,70.84,0.8,0.0113,330.44,39.7,0.05,0.0012,327.23
August,25,0:30,3.76,0.05,0.014,376.01,29.02,0.63,0.0217,348.51,48.23,0.34,0.007,328.23,30.08,0.02,0.0007,331.23
August,25,1:00,3.18,0.08,0.0253,399.45,12.04,0.36,0.03,400.83,36.19,0.66,0.0183,324.75,20.68,0.0,0.0,313.85
August,25,1:30,2.35,0.22,0.095,378.58,7.1,0.2,0.0277,308.64,28.75,0.41,0.0142,325.62,17.57,0.1,0.0057,355.16
August,25,2:00,2.04,0.09,0.0433,322.68,4.31,0.0,0.0,358.35,18.67,0.66,0.0353,314.62,13.33,0.76,0.0567,351.55
August,25,2:30,1.72,0.01,0.0033,340.83,4.48,0.01,0.0029,413.21,15.52,0.32,0.0206,306.48,13.67,1.42,0.104,478.78
August,25,3:00,1.82,0.0,0.0,371.31,3.4,0.0,0.0,383.37,23.14,0.91,0.0394,330.63,3.72,0.21,0.0575,501.63
August,25,3:30,1.92,0.0,0.0,414.07,3.55,0.03,0.0075,473.98,25.64,0.08,0.0031,331.05,1.65,0.03,0.0154,277.74
August,25,4:00,1.92,0.0,0.0,591.15,3.17,0.15,0.0483,387.59,16.9,0.0,0.0,370.43,1.69,0.03,0.0187,236.98
August,25,4:30,2.07,0.0,0.0,576.38,2.9,0.1,0.0342,319.9,18.66,0.08,0.0044,326.85,1.65,0.03,0.0202,333.58
August,25,5:00,2.85,0.0,0.0,509.24,2.63,0.03,0.0108,444.74,16.39,0.09,0.0056,305.69,1.6,0.02,0.0114,347.28
August,25,5:30,2.91,0.03,0.0117,725.0,3.21,0.29,0.0908,476.52,15.09,0.2,0.0131,264.0,2.34,0.03,0.0148,327.83
August,25,6:00,2.6,0.16,0.0617,490.09,4.89,0.54,0.11,328.88,31.41,0.19,0.006,243.25,14.36,0.47,0.0325,306.72
August,25,6:30,2.84,0.7,0.2465,426.38,8.22,3.67,0.4464,560.0,52.17,1.18,0.0227,251.52,21.55,1.07,0.0498,278.02
August,25,7:00,9.39,2.09,0.2222,311.44,28.96,0.34,0.0117,356.5,88.09,0.31,0.0035,273.07,33.83,0.04,0.0012,287.86
August,25,7:30,13.8,3.17,0.2295,364.41,47.37,1.68,0.0354,292.04,146.99,0.75,0.0051,258.82,62.73,0.11,0.0018,283.65
August,25,8:00,50.54,1.16,0.023,298.53,90.03,0.56,0.0062,290.17,270.91,0.98,0.0036,279.9,128.32,1.09,0.0085,280.33
August,25,8:30,81.72,1.54,0.0188,314.13,137.71,1.43,0.0104,309.61,394.48,1.5,0.0038,303.77,170.38,0.51,0.003,302.36
August,25,9:00,119.54,0.81,0.0068,314.04,199.26,1.04,0.0052,309.51,562.61,1.01,0.0018,312.03,263.87,1.42,0.0054,302.74
August,25,9:30,163.98,1.25,0.0076,327.04,258.02,1.83,0.0071,320.42,697.05,2.09,0.003,311.94,322.42,1.77,0.0055,302.99
August,25,10:00,172.06,0.84,0.0049,321.92,320.1,1.92,0.006,329.12,815.08,3.34,0.0041,317.03,399.29,2.48,0.0062,302.16
August,25,10:30,206.97,1.08,0.0052,326.51,340.0,4.69,0.0138,337.05,907.55,6.63,0.0073,329.9,396.95,5.52,0.0139,309.23
August,25,11:00,208.96,0.69,0.0033,329.71,373.86,1.53,0.0041,343.55,971.43,3.79,0.0039,331.77,453.58,4.85,0.0107,317.81
August,25,11:30,210.51,1.01,0.0048,328.57,391.58,2.98,0.0076,346.59,996.13,5.38,0.0054,336.01,503.34,6.09,0.0121,321.55
August,25,12:00,215.15,0.9,0.0042,324.94,444.11,2.98,0.0067,348.56,1008.21,6.45,0.0064,336.05,525.39,4.41,0.0084,318.69
August,25,12:30,214.01,1.33,0.0062,328.2,443.9,5.42,0.0122,347.9,1010.85,16.58,0.0164,342.86,511.58,6.45,0.0126,322.51
August,25,13:00,219.19,0.96,0.0044,330.1,445.02,4.01,0.009,346.2,1023.57,9.62,0.0094,347.49,521.21,7.92,0.0152,320.52
August,25,13:30,217.15,0.74,0.0034,330.38,457.47,4.3,0.0094,353.66,1021.08,10.01,0.0098,343.6,517.69,7.14,0.0138,334.05
August,25,14:00,225.54,0.65,0.0029,330.75,481.67,2.65,0.0055,349.99,1015.74,6.81,0.0067,348.83,532.83,6.39,0.012,331.42
August,25,14:30,233.38,0.82,0.0035,323.68,487.61,4.88,0.01,355.05,1029.37,8.44,0.0082,354.28,532.23,7.88,0.0148,340.19
August,25,15:00,222.86,1.14,0.0051,325.45,476.76,3.15,0.0066,352.76,1028.83,6.38,0.0062,348.89,518.54,5.29,0.0102,338.64
August,25,15:30,223.23,1.99,0.0089,327.51,475.05,4.89,0.0103,348.5,1021.09,15.93,0.0156,346.31,526.13,6.0,0.0114,331.45
August,25,16:00,216.51,1.36,0.0063,330.27,490.59,2.89,0.0059,354.4,995.42,13.14,0.0132,350.49,515.68,1.6,0.0031,331.57
August,25,16:30,210.36,0.5,0.0024,337.57,471.91,3.3,0.007,351.79,946.58,6.82,0.0072,350.58,498.63,1.55,0.0031,333.61
August,25,17:00,189.83,1.1,0.0058,333.81,468.98,5.72,0.0122,356.53,914.54,7.04,0.0077,352.44,489.5,1.57,0.0032,336.21
August,25,17:30,169.8,1.43,0.0084,327.04,435.17,6.18,0.0142,361.84,809.26,5.75,0.0071,350.95,436.11,1.4,0.0032,336.95
August,25,18:00,149.8,0.9,0.006,327.1,389.16,5.56,0.0143,356.46,761.19,7.16,0.0094,351.87,402.99,1.81,0.0045,337.8
August,25,18:30,135.66,1.02,0.0075,347.05,356.57,3.96,0.0111,346.02,669.87,5.63,0.0084,348.26,361.02,0.83,0.0023,326.87
August,25,19:00,87.67,0.39,0.0044,362.43,321.21,2.06,0.0064,350.19,596.82,8.53,0.0143,351.76,339.09,1.9,0.0056,322.54
August,25,19:30,65.59,0.4,0.0061,341.1,300.66,1.98,0.0066,348.09,525.7,14.04,0.0267,353.71,299.96,3.84,0.0128,329.76
August,25,20:00,50.3,1.13,0.0225,342.69,256.23,2.95,0.0115,349.25,455.14,7.28,0.016,353.96,262.13,5.14,0.0196,326.49
August,25,20:30,44.09,1.45,0.0328,325.97,216.5,2.38,0.011,336.88,373.57,2.32,0.0062,351.31,238.69,2.84,0.0119,326.72
August,25,21:00,28.89,0.88,0.0304,332.9,171.9,1.25,0.0073,335.33,334.83,1.14,0.0034,340.66,180.9,2.95,0.0163,319.1
August,25,21:30,22.97,0.52,0.0225,347.98,154.47,1.16,0.0075,329.84,258.99,1.01,0.0039,339.81,164.04,0.84,0.0051,314.77
August,25,22:00,17.88,0.37,0.0205,347.46,125.45,2.36,0.0188,312.99,234.74,1.92,0.0082,333.97,148.51,1.19,0.008,324.9
August,25,22:30,13.39,3.47,0.2588,383.74,95.3,1.07,0.0112,310.43,174.51,0.75,0.0043,326.05,112.51,0.29,0.0026,321.47
August,25,23:00,10.67,1.09,0.1021,358.88,69.36,0.26,0.0038,331.95,146.54,0.18,0.0012,317.53,80.19,0.19,0.0024,312.32
August,25,23:30,10.03,1.35,0.1349,339.78,57.27,0.61,0.0107,322.87,103.66,0.2,0.0019,311.23,64.15,0.3,0.0046,304.69
August,26,0:00,4.36,0.14,0.0312,638.75,32.4,0.97,0.0298,308.79,60.97,0.9,0.0147,341.71,35.91,0.35,0.0097,299.25
August,26,0:30,3.36,0.05,0.014,382.94,23.53,0.56,0.0236,293.93,38.25,0.28,0.0073,317.84,25.36,0.17,0.0068,297.6
August,26,1:00,3.05,0.05,0.0153,434.46,8.98,0.33,0.0369,325.99,32.79,0.82,0.0251,320.92,19.14,0.08,0.0043,335.83
August,26,1:30,2.36,0.19,0.08,405.05,5.35,0.39,0.0737,348.94,24.26,0.47,0.0193,318.1,13.44,0.09,0.007,322.28
August,26,2:00,1.95,0.07,0.0383,300.32,3.75,0.02,0.0059,369.9,14.98,0.38,0.0257,311.63,11.39,0.46,0.0408,334.29
August,26,2:30,1.74,0.01,0.0033,347.59,3.53,0.0,0.0,421.48,15.92,0.52,0.0326,305.44,10.3,0.29,0.0286,314.92
August,26,3:00,1.85,0.0,0.0,382.22,2.97,0.0,0.0,369.78,12.25,0.33,0.0269,341.33,2.95,0.07,0.0252,379.81
August,26,3:30,1.77,0.0,0.0,406.64,2.72,0.0,0.0,282.14,11.65,0.07,0.006,322.66,1.05,0.01,0.007,410.43
August,26,4:00,1.73,0.0,0.0,603.43,1.83,0.01,0.005,294.6,10.2,0.25,0.0247,321.98,1.08,0.0,0.004,351.03
August,26,4:30,1.98,0.0,0.0,586.14,1.83,0.0,0.0025,247.43,10.35,0.37,0.0359,340.51,1.05,0.01,0.0049,372.13
August,26,5:00,2.76,0.0,0.0,512.07,1.88,0.0,0.0025,306.39,12.89,0.02,0.0018,300.36,1.16,0.01,0.0047,375.0
August,26,5:30,2.64,0.02,0.0067,758.54,2.43,0.01,0.0025,286.97,18.03,0.19,0.0104,286.25,1.8,0.01,0.0047,349.1
August,26,6:00,2.57,0.12,0.0479,500.19,3.95,0.04,0.0108,298.14,28.88,0.08,0.0029,256.67,13.0,0.06,0.0047,283.75
August,26,6:30,2.86,0.66,0.2311,414.32,6.42,0.89,0.1389,418.38,52.7,1.08,0.0204,246.19,23.93,1.39,0.058,276.18
August,26,7:00,9.27,1.74,0.1873,316.81,24.27,0.2,0.0084,306.99,78.68,0.84,0.0107,269.63,42.31,0.33,0.0079,273.84
August,26,7:30,12.73,2.55,0.2001,382.01,43.79,0.89,0.0203,296.18,152.54,1.16,0.0076,258.79,60.01,0.64,0.0106,273.23
August,26,8:00,45.45,1.04,0.0229,304.02,77.9,0.25,0.0032,288.82,255.23,1.63,0.0064,288.17,123.12,1.13,0.0092,282.04
August,26,8:30,76.06,1.17,0.0154,317.04,118.18,0.99,0.0084,294.41,350.3,2.66,0.0076,311.14,173.78,3.86,0.0222,297.73
August,26,9:00,115.62,0.67,0.0058,315.13,178.65,1.02,0.0057,296.62,531.81,2.45,0.0046,322.81,248.06,2.75,0.0111,299.14
August,26,9:30,156.51,1.17,0.0075,328.74,229.89,1.36,0.0059,319.53,657.19,6.37,0.0097,326.19,293.64,5.02,0.0171,299.22
August,26,10:00,167.4,1.05,0.0063,321.39,268.4,1.66,0.0062,323.65,723.17,5.28,0.0073,327.7,355.36,7.43,0.0209,301.85
August,26,10:30,198.73,1.03,0.0052,326.78,296.59,2.61,0.0088,329.52,852.88,9.81,0.0115,331.14,370.41,12.82,0.0346,307.74
August,26,11:00,199.71,0.54,0.0027,328.31,336.73,3.3,0.0098,336.75,898.41,5.21,0.0058,341.51,415.97,7.86,0.0189,312.75
August,26,11:30,201.76,0.77,0.0038,324.33,348.22,4.91,0.0141,335.96,910.63,7.19,0.0079,343.75,455.93,11.03,0.0242,313.74
August,26,12:00,208.77,0.94,0.0045,325.05,377.01,4.79,0.0127,340.99,929.57,12.08,0.013,346.35,486.8,6.86,0.0141,319.21
August,26,12:30,206.35,1.22,0.0059,326.23,378.99,6.22,0.0164,347.38,939.48,19.35,0.0206,358.03,474.6,6.83,0.0144,319.46
August,26,13:00,212.25,1.12,0.0053,332.03,391.17,6.42,0.0164,338.23,939.3,14.09,0.015,355.57,475.56,10.32,0.0217,318.44
August,26,13:30,209.7,0.5,0.0024,329.65,412.13,7.01,0.017,339.17,936.88,17.8,0.019,353.31,470.09,9.82,0.0209,317.63
August,26,14:00,217.45,0.5,0.0023,330.63,428.03,6.42,0.015,337.5,922.75,12.09,0.0131,355.91,503.4,12.03,0.0239,322.41
August,26,14:30,223.52,0.69,0.0031,324.01,442.69,3.81,0.0086,342.52,939.46,19.26,0.0205,365.23,498.88,11.52,0.0231,332.8
August,26,15:00,213.85,1.24,0.0058,323.38,424.16,1.87,0.0044,346.28,933.46,6.91,0.0074,365.9,480.07,10.8,0.0225,330.13
August,26,15:30,214.15,2.44,0.0114,326.54,411.42,2.76,0.0067,349.72,932.3,8.2,0.0088,361.28,491.69,15.19,0.0309,327.95
August,26,16:00,205.15,1.27,0.0062,330.11,420.4,1.47,0.0035,347.98,910.63,5.1,0.0056,360.17,497.37,8.46,0.017,327.26
August,26,16:30,198.18,0.44,0.0022,335.06,420.43,1.85,0.0044,352.47,843.56,3.04,0.0036,355.12,477.34,5.54,0.0116,326.92
August,26,17:00,182.57,1.13,0.0062,331.55,379.11,2.31,0.0061,348.98,814.92,6.19,0.0076,357.71,459.32,3.54,0.0077,335.35
August,26,17:30,164.21,0.97,0.0059,326.62,363.14,2.22,0.0061,353.86,751.62,5.26,0.007,351.72,405.11,4.62,0.0114,324.54
August,26,18:00,143.86,0.62,0.0043,326.98,313.6,2.23,0.0071,346.78,702.11,6.53,0.0093,353.1,373.13,2.24,0.006,327.12
August,26,18:30,131.68,0.78,0.0059,345.97,295.14,2.83,0.0096,345.45,620.85,3.85,0.0062,356.08,329.64,2.14,0.0065,314.07
August,26,19:00,80.72,0.27,0.0033,359.88,273.95,2.19,0.008,340.64,564.34,7.39,0.0131,350.18,311.82,5.24,0.0168,317.37
August,26,19:30,61.61,0.27,0.0044,342.84,249.8,1.22,0.0049,337.38,484.01,7.74,0.016,347.37,285.7,5.57,0.0195,317.4
August,26,20:00,53.29,0.76,0.0143,344.58,220.14,3.1,0.0141,342.04,416.86,9.75,0.0234,353.33,268.99,12.75,0.0474,315.05
August,26,20:30,42.59,1.01,0.0237,324.31,182.58,3.01,0.0165,334.23,352.28,4.54,0.0129,345.39,222.54,5.63,0.0253,322.48
August,26,21:00,28.38,0.82,0.029,327.46,151.41,3.29,0.0217,331.73,297.09,2.61,0.0088,344.31,160.15,5.62,0.0351,324.81
August,26,21:30,21.88,0.84,0.0384,343.83,120.66,1.54,0.0128,336.11,231.83,2.02,0.0087,356.87,146.25,6.3,0.0431,313.58
August,26,22:00,17.11,0.92,0.0539,353.75,108.54,2.2,0.0203,323.99,203.45,2.5,0.0123,353.81,121.73,2.97,0.0244,322.12
August,26,22:30,13.12,2.86,0.2177,391.54,83.01,0.46,0.0055,301.75,147.51,0.49,0.0033,329.59,99.37,0.97,0.0098,296.52
August,26,23:00,10.36,0.85,0.0821,356.05,59.94,0.37,0.0062,299.16,127.82,0.55,0.0043,333.9,69.97,0.5,0.0072,304.01
August,26,23:30,8.85,0.6,0.0675,349.2,45.13,0.24,0.0053,291.73,84.85,0.16,0.0019,323.14,55.91,0.63,0.0113,299.0
August,27,0:00,3.67,0.11,0.0313,914.73,34.57,0.87,0.0253,309.68,51.73,0.74,0.0143,333.93,38.79,0.66,0.0171,326.68
August,27,0:30,2.83,0.06,0.0227,406.38,23.34,0.37,0.0158,292.89,39.32,0.36,0.0092,340.73,27.78,0.16,0.0056,327.97
August,27,1:00,2.82,0.07,0.0253,372.27,8.66,0.2,0.0233,382.03,31.88,0.59,0.0185,339.99,18.84,0.18,0.0098,358.4
August,27,1:30,2.25,0.3,0.1342,511.19,6.21,0.52,0.083,304.1,27.14,0.5,0.0186,300.69,15.26,0.5,0.0326,372.15
August,27,2:00,1.91,0.13,0.0667,541.06,3.91,0.37,0.0939,339.88,17.13,0.68,0.0399,312.79,9.89,0.4,0.04,371.79
August,27,2:30,1.64,0.02,0.01,599.24,3.55,0.05,0.0139,359.63,12.96,0.3,0.0233,365.43,10.11,0.25,0.025,374.21
August,27,3:00,1.91,0.02,0.0083,510.63,3.41,0.0,0.0,320.44,13.18,0.32,0.0243,437.69,3.41,0.15,0.0452,442.31
August,27,3:30,1.71,0.01,0.0067,528.65,3.62,0.0,0.0,330.35,10.25,0.02,0.0024,397.17,2.41,0.13,0.0553,402.58
August,27,4:00,1.59,0.01,0.005,490.66,2.98,0.02,0.0083,268.44,9.18,0.09,0.0096,357.61,1.75,0.08,0.0458,442.93
August,27,4:30,1.85,0.01,0.005,466.54,2.59,0.1,0.0375,272.11,9.05,0.12,0.0137,351.38,1.91,0.05,0.0245,414.56
August,27,5:00,2.51,0.01,0.005,441.71,2.34,0.04,0.0178,503.37,11.04,0.31,0.0284,359.89,3.03,0.08,0.0249,443.82
August,27,5:30,2.44,0.02,0.01,493.32,3.73,0.29,0.0768,327.76,11.4,0.93,0.0816,339.99,3.19,0.05,0.0159,418.74
August,27,6:00,2.71,0.19,0.07,293.5,4.59,0.19,0.0405,277.43,28.91,0.28,0.0096,264.08,11.05,0.25,0.0229,279.65
August,27,6:30,2.56,0.27,0.1041,330.0,6.81,1.29,0.1896,367.72,52.97,0.81,0.0153,264.14,23.88,1.71,0.0716,262.12
August,27,7:00,9.77,0.37,0.0378,294.08,24.22,0.19,0.0079,275.89,83.4,0.55,0.0066,266.33,35.76,1.18,0.0329,273.31
August,27,7:30,19.67,0.75,0.038,346.96,40.06,0.77,0.0192,288.18,133.08,1.54,0.0116,269.07,56.06,0.81,0.0144,283.43
August,27,8:00,44.58,0.54,0.0121,281.32,77.08,0.28,0.0036,284.3,270.27,1.7,0.0063,280.01,114.61,0.91,0.0079,276.41
August,27,8:30,75.85,0.85,0.0112,311.67,122.81,0.74,0.006,301.43,364.84,2.01,0.0055,317.85,158.99,2.26,0.0142,295.59
August,27,9:00,117.79,0.67,0.0057,322.95,186.69,0.82,0.0044,303.69,526.45,2.63,0.005,319.8,235.53,3.86,0.0164,295.04
August,27,9:30,141.46,0.78,0.0055,323.13,231.09,1.57,0.0068,320.46,665.75,4.93,0.0074,314.25,293.3,4.72,0.0161,303.23
August,27,10:00,157.5,0.74,0.0047,317.01,266.72,1.15,0.0043,320.09,769.78,5.7,0.0074,320.33,348.27,4.39,0.0126,300.5
August,27,10:30,197.9,1.52,0.0077,319.13,318.74,3.73,0.0117,335.34,838.78,10.23,0.0122,327.96,358.0,11.85,0.0331,309.76
August,27,11:00,197.72,0.95,0.0048,318.21,322.22,3.38,0.0105,344.64,888.71,7.82,0.0088,327.57,401.17,10.03,0.025,313.94
August,27,11:30,196.07,0.98,0.005,317.6,362.38,5.51,0.0152,341.4,922.75,12.64,0.0137,332.6,445.8,5.88,0.0132,315.65
August,27,12:00,202.73,1.03,0.0051,314.46,370.29,2.7,0.0073,345.92,930.3,13.86,0.0149,335.58,467.95,7.72,0.0165,318.31
August,27,12:30,203.84,1.18,0.0058,323.25,364.15,4.95,0.0136,349.5,931.22,19.0,0.0204,343.14,454.2,6.9,0.0152,317.77
August,27,13:00,210.46,0.82,0.0039,329.06,377.33,4.41,0.0117,345.94,927.52,11.78,0.0127,348.74,442.23,7.39,0.0167,313.39
August,27,13:30,204.08,0.92,0.0045,327.06,398.95,5.07,0.0127,349.87,906.49,12.42,0.0137,344.85,449.85,8.1,0.018,320.57
August,27,14:00,208.85,1.21,0.0058,324.36,423.68,5.93,0.014,345.17,919.98,10.76,0.0117,347.34,456.36,9.63,0.0211,327.1
August,27,14:30,220.29,1.74,0.0079,325.11,438.16,6.0,0.0137,351.2,925.36,16.93,0.0183,350.0,465.58,24.96,0.0536,337.82
August,27,15:00,209.23,2.01,0.0096,325.78,423.44,3.64,0.0086,349.46,926.35,23.53,0.0254,342.39,452.65,23.31,0.0515,330.01
August,27,15:30,207.36,3.19,0.0154,322.99,411.81,4.94,0.012,350.24,913.53,77.74,0.0851,342.98,456.94,57.76,0.1264,327.96
August,27,16:00,202.37,2.87,0.0142,330.14,404.53,1.98,0.0049,351.45,890.08,55.72,0.0626,350.24,460.99,34.16,0.0741,326.69
August,27,16:30,196.74,1.14,0.0058,335.62,396.08,1.98,0.005,350.89,858.69,27.13,0.0316,351.09,427.25,8.37,0.0196,323.39
August,27,17:00,180.34,1.48,0.0082,327.09,336.89,3.03,0.009,350.82,815.87,13.3,0.0163,351.77,408.47,3.39,0.0083,333.7
August,27,17:30,154.51,0.87,0.0056,330.99,326.86,4.09,0.0125,354.84,726.85,5.38,0.0074,346.76,363.54,3.16,0.0087,327.69
August,27,18:00,141.99,0.88,0.0062,330.92,301.5,3.11,0.0103,352.85,670.43,8.58,0.0128,349.91,321.05,1.54,0.0048,326.57
August,27,18:30,125.06,0.7,0.0056,335.98,298.76,3.64,0.0122,352.29,625.59,6.51,0.0104,350.23,293.54,1.79,0.0061,315.29
August,27,19:00,79.86,0.23,0.0029,357.83,276.46,2.6,0.0094,344.37,542.82,4.4,0.0081,346.55,276.57,2.07,0.0075,321.89
August,27,19:30,57.28,0.21,0.0036,339.28,255.28,1.58,0.0062,348.71,478.83,4.07,0.0085,349.65,256.87,4.19,0.0163,316.62
August,27,20:00,51.91,0.79,0.0152,328.91,208.39,2.13,0.0102,351.94,423.62,6.14,0.0145,349.39,225.22,5.07,0.0225,312.85
August,27,20:30,35.96,0.64,0.0179,316.81,180.5,1.12,0.0062,337.73,349.82,2.9,0.0083,345.24,213.1,3.22,0.0151,321.97
August,27,21:00,28.7,1.33,0.0464,323.47,149.4,1.11,0.0074,334.38,313.93,1.13,0.0036,342.39,159.11,7.99,0.0502,332.11
August,27,21:30,19.21,0.46,0.0237,329.41,126.2,0.92,0.0073,328.08,248.09,1.12,0.0045,348.16,137.74,4.55,0.033,308.68
August,27,22:00,14.91,0.79,0.0528,332.38,103.75,2.15,0.0207,323.38,224.82,1.87,0.0083,330.26,127.88,1.87,0.0146,313.49
August,27,22:30,13.05,2.8,0.2142,404.6,81.87,1.12,0.0137,307.96,158.17,0.68,0.0043,326.98,92.79,1.27,0.0137,279.95
August,27,23:00,9.33,0.86,0.0923,394.21,53.89,0.3,0.0055,310.23,130.64,0.3,0.0023,319.78,71.06,0.72,0.0101,283.96
August,27,23:30,7.04,0.14,0.0193,337.27,41.52,0.39,0.0093,300.04,91.05,0.22,0.0024,314.1,51.16,0.69,0.0135,284.39
August,28,0:00,4.46,0.32,0.0719,923.92,33.73,0.66,0.0195,315.22,53.72,0.52,0.0097,315.01,38.74,0.87,0.0224,323.82
August,28,0:30,3.18,0.17,0.0528,428.48,21.46,0.3,0.0141,305.12,37.46,0.25,0.0067,321.76,27.22,0.2,0.0074,331.3
August,28,1:00,3.52,0.44,0.1247,340.58,8.12,0.19,0.0232,429.67,32.73,0.54,0.0165,322.54,19.19,0.15,0.0078,355.18
August,28,1:30,2.72,0.72,0.2635,498.83,6.55,0.67,0.1022,281.84,25.73,0.42,0.0165,312.08,14.34,0.64,0.0449,365.27
August,28,2:00,2.0,0.17,0.0833,826.01,4.32,0.56,0.1295,291.39,17.47,0.48,0.0275,294.17,8.04,0.23,0.0288,362.82
August,28,2:30,1.73,0.03,0.02,596.14,4.29,0.1,0.0233,326.73,13.22,0.48,0.0366,392.75,7.96,0.37,0.0462,390.4
August,28,3:00,1.92,0.04,0.0183,430.53,3.81,0.0,0.0,305.84,10.38,0.39,0.0376,481.26,3.42,0.21,0.0622,468.74
August,28,3:30,2.01,0.02,0.0117,480.44,4.08,0.02,0.005,362.0,9.85,0.05,0.0047,386.19,2.82,0.28,0.1005,391.89
August,28,4:00,1.74,0.01,0.005,512.1,2.96,0.08,0.0258,273.97,9.39,0.06,0.0062,401.93,2.09,0.18,0.0879,425.76
August,28,4:30,2.0,0.01,0.005,464.8,2.7,0.13,0.0475,277.55,8.68,0.05,0.0057,392.49,2.12,0.13,0.06,459.33
August,28,5:00,3.04,0.02,0.005,428.04,2.24,0.04,0.0158,448.45,10.44,0.03,0.0031,445.75,3.45,0.14,0.0394,435.71
August,28,5:30,2.82,0.01,0.005,533.41,4.07,0.3,0.0728,349.56,10.03,0.08,0.008,339.11,3.41,0.08,0.0225,409.91
August,28,6:00,3.06,0.38,0.1233,354.17,4.35,0.79,0.1827,285.35,27.67,0.03,0.0011,250.42,10.03,0.36,0.0354,282.66
August,28,6:30,2.64,0.35,0.1336,377.33,6.68,1.98,0.2966,382.07,50.08,1.46,0.0292,270.0,23.77,1.53,0.0644,261.35
August,28,7:00,10.13,1.08,0.107,320.55,26.99,0.16,0.0059,288.61,82.46,0.42,0.0051,272.37,38.38,1.34,0.0348,275.39
August,28,7:30,16.57,1.94,0.1168,358.05,36.08,0.52,0.0145,285.45,134.68,0.89,0.0066,263.85,57.85,0.81,0.014,293.4
August,28,8:00,43.99,0.64,0.0145,279.09,79.8,0.27,0.0034,285.73,266.2,0.77,0.0029,269.97,117.6,1.15,0.0098,274.59
August,28,8:30,76.46,0.75,0.0098,313.41,113.28,1.01,0.0089,294.79,356.69,0.86,0.0024,314.69,160.68,2.04,0.0127,285.93
August,28,9:00,117.25,0.53,0.0045,325.93,172.28,0.81,0.0047,300.66,526.13,1.32,0.0025,316.01,236.88,3.67,0.0155,289.44
August,28,9:30,142.84,0.76,0.0053,322.96,220.39,2.18,0.0099,320.35,653.35,3.33,0.0051,317.01,295.87,3.67,0.0124,298.92
August,28,10:00,157.37,0.66,0.0042,320.14,257.87,3.35,0.013,325.1,747.59,7.63,0.0102,327.94,351.48,3.23,0.0092,297.58
August,28,10:30,198.25,1.59,0.008,323.86,306.85,4.3,0.014,331.56,814.38,12.05,0.0148,330.2,362.37,10.69,0.0295,312.41
August,28,11:00,193.24,0.85,0.0044,321.69,317.16,4.25,0.0134,340.25,867.15,7.11,0.0082,333.92,401.12,9.47,0.0236,314.69
August,28,11:30,196.94,0.91,0.0046,321.64,350.57,6.49,0.0185,343.61,904.24,9.58,0.0106,339.18,447.23,6.4,0.0143,315.91
August,28,12:00,203.44,1.12,0.0055,315.18,371.19,3.6,0.0097,345.06,914.84,11.98,0.0131,339.34,467.71,6.41,0.0137,318.66
August,28,12:30,204.47,1.51,0.0074,324.33,369.45,5.5,0.0149,347.97,921.17,20.54,0.0223,346.77,451.46,6.77,0.015,316.51
August,28,13:00,209.46,0.8,0.0038,331.31,390.18,4.06,0.0104,344.02,917.55,13.67,0.0149,345.4,442.94,7.31,0.0165,312.44
August,28,13:30,204.26,0.76,0.0037,326.14,411.43,5.72,0.0139,345.97,907.32,16.15,0.0178,343.07,449.06,8.76,0.0195,318.49
August,28,14:00,209.6,1.43,0.0068,323.76,447.31,7.43,0.0166,342.0,920.45,12.89,0.014,346.34,455.95,9.57,0.021,324.15
August,28,14:30,220.26,2.0,0.0091,324.94,451.84,9.31,0.0206,352.0,922.08,18.72,0.0203,344.99,467.96,31.59,0.0675,335.89
August,28,15:00,209.39,2.39,0.0114,322.69,445.48,4.32,0.0097,351.25,915.39,7.6,0.0083,347.44,452.05,29.88,0.0661,330.36
August,28,15:30,207.6,3.24,0.0156,322.84,427.93,8.09,0.0189,348.94,900.27,6.57,0.0073,345.84,454.92,76.06,0.1672,327.77
August,28,16:00,203.83,2.63,0.0129,329.8,441.99,6.67,0.0151,349.78,886.58,2.93,0.0033,348.04,464.43,43.94,0.0946,328.47
August,28,16:30,197.45,1.16,0.0059,333.49,418.06,3.51,0.0084,347.9,843.86,2.87,0.0034,351.99,431.83,12.61,0.0292,321.5
August,28,17:00,177.41,1.56,0.0088,326.77,359.44,3.13,0.0087,349.33,804.75,5.79,0.0072,346.86,409.47,3.89,0.0095,333.91
August,28,17:30,154.18,0.76,0.0049,331.01,334.27,3.28,0.0098,356.05,718.04,5.24,0.0073,345.82,367.07,4.48,0.0122,327.12
August,28,18:00,143.26,0.86,0.006,337.1,303.88,2.55,0.0084,353.43,662.35,6.62,0.01,347.89,321.25,1.9,0.0059,323.91
August,28,18:30,122.0,0.71,0.0058,340.46,288.91,2.83,0.0098,345.34,600.43,6.6,0.011,347.54,287.62,2.62,0.0091,315.82
August,28,19:00,77.9,0.25,0.0032,359.33,273.56,3.06,0.0112,344.7,529.83,7.52,0.0142,339.43,258.21,2.07,0.008,322.03
August,28,19:30,58.08,0.21,0.0037,341.77,238.21,1.83,0.0077,341.97,465.07,9.39,0.0202,344.16,256.17,5.28,0.0206,313.65
August,28,20:00,50.06,1.05,0.021,339.02,194.39,2.57,0.0132,343.04,396.47,7.81,0.0197,345.96,199.16,5.26,0.0264,313.36
August,28,20:30,32.6,0.98,0.0301,324.38,177.72,1.58,0.0089,335.65,337.66,4.19,0.0124,341.37,189.17,3.16,0.0167,322.18
August,28,21:00,20.57,1.12,0.0544,335.52,148.33,1.54,0.0104,331.69,298.81,2.06,0.0069,342.34,153.4,5.98,0.039,328.5
August,28,21:30,15.43,0.52,0.034,331.13,128.74,1.17,0.0091,324.67,237.61,2.23,0.0094,346.89,130.24,4.31,0.0331,317.31
August,28,22:00,13.73,0.75,0.0548,326.0,95.42,0.84,0.0088,316.87,192.25,2.13,0.0111,328.98,121.75,1.57,0.0129,315.49
August,28,22:30,12.74,2.43,0.1909,401.43,79.75,0.5,0.0063,298.09,148.04,1.32,0.0089,325.1,87.54,1.39,0.0159,280.28
August,28,23:00,8.43,0.71,0.0847,369.32,48.26,0.2,0.0042,307.01,114.93,0.53,0.0046,324.54,66.32,0.43,0.0065,285.19
August,28,23:30,6.82,0.26,0.0377,314.89,44.44,0.24,0.0053,302.86,78.52,0.51,0.0065,313.31,45.72,0.33,0.0072,287.87
August,29,0:00,9.0,1.32,0.1468,582.63,61.77,1.3,0.021,301.57,93.22,0.51,0.0055,332.26,37.33,0.66,0.0178,322.34
August,29,0:30,6.2,1.06,0.171,438.25,34.48,0.57,0.0164,300.88,51.08,0.25,0.0049,326.76,27.37,0.18,0.0065,326.94
August,29,1:00,5.72,1.24,0.2167,361.3,14.11,0.61,0.0434,354.73,49.22,0.43,0.0088,322.36,19.44,0.32,0.0167,328.81
August,29,1:30,5.0,0.89,0.1783,486.53,9.53,0.4,0.0422,328.68,39.84,0.31,0.0078,298.95,17.13,0.57,0.0331,340.35
August,29,2:00,4.08,0.16,0.04,590.66,6.58,0.32,0.0491,338.77,22.31,0.61,0.0272,285.19,10.38,0.26,0.025,333.21
August,29,2:30,3.79,0.05,0.0142,602.52,7.2,0.04,0.0057,412.31,16.94,0.39,0.0229,402.76,6.83,0.12,0.0183,335.98
August,29,3:00,4.15,0.01,0.0025,505.37,7.34,0.0,0.0,416.12,18.73,0.87,0.0463,440.65,3.43,0.17,0.0497,444.38
August,29,3:30,3.82,0.01,0.0025,539.24,7.52,0.0,0.0,237.3,15.36,0.02,0.0016,367.68,2.45,0.13,0.0542,601.46
August,29,4:00,3.61,0.0,0.0,447.05,4.74,0.02,0.005,239.27,14.49,0.18,0.0125,390.44,1.75,0.08,0.0433,1773.2
August,29,4:30,4.11,0.0,0.0,416.68,4.37,0.13,0.0308,277.32,12.11,0.15,0.012,387.5,1.85,0.04,0.022,715.37
August,29,5:00,5.31,0.0,0.0,416.09,3.72,0.04,0.0108,589.17,15.13,0.11,0.0073,553.86,2.85,0.07,0.0229,477.31
August,29,5:30,4.91,0.05,0.01,493.03,6.87,0.1,0.0148,383.04,18.98,0.36,0.0191,362.38,2.92,0.05,0.0178,372.19
August,29,6:00,4.77,0.17,0.035,292.08,6.57,0.21,0.0325,314.73,25.04,0.27,0.0108,304.17,7.64,0.17,0.0229,246.17
August,29,6:30,4.69,0.28,0.0602,295.76,11.12,2.25,0.2025,369.34,47.21,2.28,0.0484,280.87,13.1,0.75,0.0576,289.98
August,29,7:00,14.83,0.74,0.0498,252.39,12.75,0.08,0.0059,281.17,85.67,1.33,0.0155,272.61,21.77,0.72,0.0331,277.02
August,29,7:30,20.65,1.01,0.049,347.63,17.19,0.19,0.0109,285.75,138.06,2.76,0.02,272.23,33.53,0.51,0.0152,276.8
August,29,8:00,45.93,0.53,0.0116,257.39,36.76,0.19,0.0052,283.11,273.36,3.06,0.0112,276.01,66.32,0.55,0.0083,283.45
August,29,8:30,78.69,0.78,0.0099,284.88,48.15,0.55,0.0115,290.37,341.24,3.89,0.0114,299.14,89.84,1.22,0.0136,284.08
August,29,9:00,107.82,0.56,0.0052,285.75,144.55,0.87,0.006,292.33,512.85,3.64,0.0071,299.16,128.47,2.2,0.0171,287.53
August,29,9:30,128.56,0.85,0.0066,288.36,179.23,1.27,0.0071,307.18,591.75,6.04,0.0102,315.14,158.47,2.58,0.0163,288.89
August,29,10:00,139.14,0.64,0.0046,286.31,235.65,2.05,0.0087,311.01,694.66,6.81,0.0098,317.65,188.65,2.06,0.0109,302.96
August,29,10:30,171.46,1.34,0.0078,279.43,255.26,4.59,0.018,321.89,793.81,9.53,0.012,332.72,206.27,7.14,0.0346,306.42
August,29,11:00,175.9,0.95,0.0054,283.18,290.57,5.52,0.019,330.15,847.78,9.16,0.0108,338.56,230.83,6.21,0.0269,305.0
August,29,11:30,179.74,0.99,0.0055,290.23,329.86,5.71,0.0173,339.37,889.05,15.38,0.0173,340.57,242.81,3.42,0.0141,308.53
August,29,12:00,178.37,1.11,0.0062,298.48,343.81,3.16,0.0092,330.66,933.99,18.12,0.0194,337.6,248.36,4.32,0.0174,307.2
August,29,12:30,178.93,1.29,0.0072,302.79,375.48,7.02,0.0187,332.9,938.31,22.14,0.0236,339.08,249.94,3.97,0.0159,302.45
August,29,13:00,178.6,0.75,0.0042,298.33,413.71,4.55,0.011,331.14,906.99,14.15,0.0156,340.75,251.71,4.3,0.0171,308.58
August,29,13:30,174.22,1.17,0.0067,298.43,411.53,7.28,0.0177,324.0,930.03,15.72,0.0169,341.16,258.91,4.71,0.0182,309.36
August,29,14:00,167.94,1.55,0.0092,309.99,422.59,10.99,0.026,340.01,907.6,14.07,0.0155,343.77,260.73,5.27,0.0202,304.12
August,29,14:30,169.37,1.96,0.0116,313.34,406.57,7.6,0.0187,339.29,887.82,19.71,0.0222,341.61,265.13,14.53,0.0548,310.31
August,29,15:00,172.44,2.16,0.0125,318.85,388.68,2.29,0.0059,332.48,836.4,4.68,0.0056,350.93,256.55,13.44,0.0524,303.91
August,29,15:30,172.79,2.7,0.0156,315.9,399.27,2.68,0.0067,329.44,807.75,10.42,0.0129,346.85,238.81,30.5,0.1277,300.42
August,29,16:00,166.96,1.89,0.0113,314.73,414.93,3.15,0.0076,340.13,797.09,4.46,0.0056,342.23,232.23,17.53,0.0755,314.28
August,29,16:30,158.81,0.84,0.0053,300.71,390.36,3.44,0.0088,350.19,740.14,2.96,0.004,345.63,222.16,4.58,0.0206,313.49
August,29,17:00,148.18,0.98,0.0066,308.64,379.9,3.27,0.0086,355.56,675.42,2.43,0.0036,344.28,208.92,1.9,0.0091,309.41
August,29,17:30,135.69,0.53,0.0039,303.57,362.04,3.66,0.0101,343.0,689.41,4.14,0.006,344.51,210.48,1.94,0.0092,309.2
August,29,18:00,133.74,0.84,0.0063,314.93,337.88,2.7,0.008,346.3,640.07,4.67,0.0073,341.57,188.45,1.11,0.0059,314.72
August,29,18:30,118.75,0.55,0.0046,318.13,308.41,4.63,0.015,342.67,578.94,3.36,0.0058,348.53,170.96,1.32,0.0077,323.56
August,29,19:00,116.2,0.29,0.0025,309.05,270.84,3.82,0.0141,337.74,501.98,3.51,0.007,332.54,163.28,1.29,0.0079,317.31
August,29,19:30,93.37,0.35,0.0037,319.39,238.15,1.29,0.0054,319.6,500.36,5.8,0.0116,329.2,178.12,2.73,0.0153,329.24
August,29,20:00,75.42,1.38,0.0183,291.74,220.31,3.22,0.0146,326.68,443.48,7.76,0.0175,342.4,143.3,2.98,0.0208,319.46
August,29,20:30,54.97,0.98,0.0178,291.25,193.5,2.23,0.0115,310.82,377.51,6.27,0.0166,347.56,123.9,1.52,0.0123,309.55
August,29,21:00,40.25,1.6,0.0398,284.93,165.04,2.9,0.0176,306.34,321.6,3.09,0.0096,345.93,106.26,4.94,0.0465,313.86
August,29,21:30,28.57,0.81,0.0285,327.02,156.76,1.58,0.0101,302.14,247.74,1.76,0.0071,338.82,86.39,2.67,0.0309,325.15
August,29,22:00,23.33,1.05,0.045,349.16,122.95,1.22,0.0099,304.58,205.1,1.33,0.0065,326.03,75.42,0.86,0.0114,308.36
August,29,22:30,21.03,4.44,0.2109,366.76,91.0,0.56,0.0061,316.88,156.91,0.88,0.0056,319.01,64.05,0.8,0.0125,309.41
August,29,23:00,16.15,1.59,0.0983,421.1,67.37,0.61,0.009,301.16,123.77,0.83,0.0067,327.11,51.32,0.5,0.0097,306.02
August,29,23:30,14.06,0.12,0.0087,249.39,53.01,0.25,0.0048,293.63,109.72,0.52,0.0047,321.25,43.49,0.57,0.013,296.12
August,30,0:00,8.28,0.89,0.1078,797.85,29.95,0.86,0.0286,316.95,44.77,0.59,0.0132,305.65,37.46,0.72,0.0193,324.14
August,30,0:30,6.41,0.58,0.0903,419.26,17.93,0.38,0.0213,304.78,30.59,0.26,0.0084,326.22,27.2,0.17,0.0064,338.77
August,30,1:00,5.65,0.72,0.1273,354.12,7.87,0.35,0.0441,346.63,29.25,0.64,0.0219,323.11,19.31,0.17,0.009,357.8
August,30,1:30,4.84,0.54,0.1117,371.43,5.58,0.17,0.031,348.46,24.07,0.37,0.0154,295.89,14.47,0.61,0.0419,383.51
August,30,2:00,3.87,0.11,0.0292,315.38,3.66,0.11,0.0293,326.94,13.31,0.33,0.025,300.75,8.21,0.23,0.0283,379.25
August,30,2:30,3.48,0.05,0.0142,371.7,3.4,0.02,0.0057,393.33,12.2,0.28,0.0232,314.64,6.07,0.28,0.0464,391.95
August,30,3:00,3.45,0.0,0.0,390.26,3.91,0.0,0.0,426.08,12.01,0.37,0.0312,299.9,3.39,0.25,0.0727,484.25
August,30,3:30,3.61,0.0,0.0,363.57,4.13,0.0,0.0,299.8,7.1,0.03,0.0038,317.61,2.77,0.29,0.1056,382.5
August,30,4:00,3.24,0.0,0.0,442.93,2.52,0.01,0.005,224.57,6.72,0.01,0.0011,322.54,2.08,0.19,0.0909,400.3
August,30,4:30,3.45,0.0,0.0,412.59,2.52,0.02,0.0075,282.65,5.92,0.03,0.005,303.29,2.11,0.13,0.0605,447.39
August,30,5:00,4.76,0.0,0.0,381.39,2.19,0.02,0.0075,599.57,7.63,0.02,0.0023,259.37,3.41,0.12,0.0365,524.43
August,30,5:30,4.0,0.06,0.015,458.61,4.45,0.03,0.0075,406.23,7.52,0.08,0.0104,235.73,3.21,0.08,0.025,432.89
August,30,6:00,3.98,0.17,0.0433,370.16,3.71,0.05,0.0125,303.29,19.3,0.13,0.0068,277.09,7.23,0.27,0.0379,255.05
August,30,6:30,5.27,1.13,0.214,413.08,5.87,1.01,0.1727,372.1,26.91,1.58,0.0586,263.82,13.97,0.74,0.0529,264.04
August,30,7:00,13.02,3.45,0.265,312.03,10.07,0.1,0.0099,286.05,45.02,0.45,0.01,279.65,20.74,0.72,0.0345,264.97
August,30,7:30,21.29,6.12,0.2873,328.94,14.18,0.34,0.0238,287.16,81.37,0.88,0.0108,268.91,34.84,0.52,0.0149,282.19
August,30,8:00,28.27,0.71,0.025,264.37,34.89,0.22,0.0064,281.44,149.72,1.06,0.0071,274.95,64.87,0.68,0.0105,272.55
August,30,8:30,43.25,0.94,0.0217,296.75,49.57,0.49,0.0098,297.65,234.92,1.97,0.0084,291.92,88.86,1.13,0.0127,281.49
August,30,9:00,53.75,0.29,0.0054,322.48,106.67,0.54,0.0051,294.79,310.68,1.62,0.0052,297.91,116.54,1.85,0.0159,283.64
August,30,9:30,62.71,0.41,0.0066,309.61,138.55,0.98,0.0071,303.34,388.85,3.73,0.0096,306.28,140.93,1.82,0.0129,286.61
August,30,10:00,65.69,0.28,0.0042,316.96,167.29,2.01,0.012,309.95,480.0,4.51,0.0094,313.31,166.93,1.74,0.0104,303.86
August,30,10:30,98.0,0.83,0.0085,305.06,195.14,2.63,0.0135,325.53,535.11,3.91,0.0073,323.79,177.42,5.8,0.0327,305.46
August,30,11:00,99.78,0.59,0.0059,316.28,230.19,3.48,0.0151,331.97,566.3,1.64,0.0029,323.36,189.72,4.67,0.0246,297.87
August,30,11:30,102.21,0.56,0.0055,321.43,249.61,4.59,0.0184,337.25,597.19,3.7,0.0062,322.6,197.39,2.63,0.0133,304.64
August,30,12:00,109.83,0.85,0.0077,318.37,264.15,3.51,0.0133,329.81,624.31,4.62,0.0074,324.41,201.41,2.88,0.0143,303.41
August,30,12:30,125.97,1.12,0.0089,320.9,276.57,7.47,0.027,334.63,623.85,7.67,0.0123,324.83,200.31,2.98,0.0149,299.87
August,30,13:00,142.84,0.44,0.0031,311.47,291.14,4.31,0.0148,333.13,622.69,5.6,0.009,332.68,199.61,3.41,0.0171,308.96
August,30,13:30,145.03,0.26,0.0018,313.2,304.47,4.66,0.0153,327.07,635.84,7.25,0.0114,333.73,208.26,4.96,0.0238,308.61
August,30,14:00,138.7,0.8,0.0058,312.79,311.81,5.99,0.0192,338.83,644.0,5.35,0.0083,342.97,213.67,6.03,0.0282,301.17
August,30,14:30,144.27,0.87,0.006,320.28,306.69,3.65,0.0119,338.01,635.82,7.44,0.0117,336.05,219.64,16.01,0.0729,307.48
August,30,15:00,141.0,0.83,0.0059,314.67,310.57,1.89,0.0061,333.89,626.91,2.51,0.004,341.07,207.22,14.19,0.0685,304.1
August,30,15:30,143.5,0.98,0.0068,301.29,313.89,1.7,0.0054,329.15,620.75,1.55,0.0025,340.63,195.29,31.19,0.1597,299.58
August,30,16:00,139.46,0.99,0.0071,305.8,315.42,2.27,0.0072,336.04,609.24,1.22,0.002,338.58,192.24,16.51,0.0859,313.09
August,30,16:30,134.12,0.36,0.0027,306.59,308.45,2.9,0.0094,346.37,580.3,1.45,0.0025,336.1,190.25,5.37,0.0282,310.67
August,30,17:00,114.36,0.66,0.0058,317.95,291.05,2.79,0.0096,351.17,556.57,1.56,0.0028,331.76,175.28,1.68,0.0096,306.4
August,30,17:30,108.37,0.61,0.0056,320.78,284.55,2.7,0.0095,339.0,517.92,2.28,0.0044,329.61,173.57,1.94,0.0112,308.47
August,30,18:00,91.36,0.43,0.0047,314.64,245.94,2.31,0.0094,342.76,464.73,2.0,0.0043,332.51,161.26,0.9,0.0056,315.3
August,30,18:30,85.97,0.32,0.0037,336.69,232.47,3.23,0.0139,339.39,421.39,2.28,0.0054,335.42,135.8,1.21,0.0089,321.01
August,30,19:00,71.15,0.11,0.0015,317.8,205.22,2.48,0.0121,338.57,373.76,2.95,0.0079,337.82,138.47,1.01,0.0073,313.46
August,30,19:30,50.5,0.18,0.0036,312.04,188.88,1.36,0.0072,319.33,348.81,3.14,0.009,340.99,153.67,2.98,0.0194,327.31
August,30,20:00,50.4,1.42,0.0282,307.8,154.25,2.45,0.0159,331.19,322.01,2.51,0.0078,335.13,136.46,3.41,0.025,310.38
August,30,20:30,40.58,1.35,0.0333,312.25,142.3,1.42,0.01,313.66,265.25,1.3,0.0049,335.13,117.43,1.77,0.0151,302.37
August,30,21:00,35.36,1.52,0.0429,313.78,109.66,1.2,0.0109,309.66,236.13,0.9,0.0038,325.64,106.58,4.2,0.0394,312.82
August,30,21:30,22.89,1.07,0.0468,312.91,98.11,0.85,0.0087,312.93,190.72,1.01,0.0053,324.66,84.89,2.74,0.0323,326.45
August,30,22:00,18.07,0.85,0.0468,359.39,78.28,0.63,0.008,314.67,151.44,0.88,0.0058,323.17,75.75,1.02,0.0135,304.66
August,30,22:30,17.99,3.34,0.1857,317.01,62.07,0.32,0.0051,312.93,119.79,0.85,0.0071,313.2,62.65,1.07,0.0171,311.0
August,30,23:00,13.31,0.98,0.0738,377.44,48.42,0.35,0.0072,294.66,104.98,0.49,0.0047,301.17,50.96,0.42,0.0082,302.59
August,30,23:30,12.75,1.42,0.1113,288.26,33.12,0.15,0.0044,290.94,73.72,0.44,0.006,306.96,40.19,0.44,0.0109,297.59
August,31,0:00,1.55,0.17,0.1082,526.18,14.46,0.58,0.04,325.66,25.78,0.23,0.009,316.01,36.28,0.46,0.0126,321.57
August,31,0:30,1.29,0.09,0.0678,421.04,8.8,0.2,0.0225,302.68,19.55,0.16,0.0081,323.89,26.71,0.14,0.0053,330.74
August,31,1:00,1.09,0.1,0.0907,439.81,3.8,0.13,0.0337,325.92,16.18,0.18,0.0111,335.23,19.35,0.14,0.0072,343.71
August,31,1:30,0.89,0.05,0.0533,449.37,2.78,0.1,0.0369,308.34,13.42,0.29,0.0214,305.23,13.46,0.62,0.046,380.43
August,31,2:00,0.68,0.0,0.005,357.01,2.03,0.06,0.0271,301.95,10.29,0.59,0.0569,295.31,7.61,0.21,0.0271,379.01
August,31,2:30,0.61,0.0,0.005,390.92,1.91,0.01,0.0043,412.72,12.1,0.68,0.0565,307.09,5.83,0.26,0.0442,402.52
August,31,3:00,0.55,0.0,0.0,297.34,1.99,0.01,0.005,481.13,6.32,0.23,0.0367,284.58,4.17,0.27,0.065,519.73
August,31,3:30,0.59,0.0,0.0,253.89,2.32,0.0,0.0,344.2,4.57,0.03,0.0058,313.42,3.7,0.3,0.0805,391.42
August,31,4:00,0.5,0.0,0.0,306.77,1.38,0.01,0.005,281.35,4.66,0.02,0.0044,317.36,3.15,0.23,0.0722,413.42
August,31,4:30,0.55,0.0,0.0,208.96,1.34,0.02,0.0125,268.95,3.97,0.04,0.0104,333.23,3.66,0.2,0.0533,464.99
August,31,5:00,0.6,0.0,0.0,254.22,1.12,0.01,0.0075,488.54,4.62,0.09,0.0194,288.23,3.79,0.11,0.0299,521.45
August,31,5:30,0.6,0.01,0.015,390.13,2.17,0.02,0.0115,382.16,4.82,0.14,0.0284,257.24,3.87,0.1,0.0252,428.3
August,31,6:00,0.74,0.03,0.0345,275.66,1.84,0.12,0.0663,333.08,11.48,0.11,0.0093,296.65,8.07,0.3,0.0367,275.41
August,31,6:30,1.04,0.16,0.1492,254.14,3.12,0.75,0.2389,448.42,18.68,0.77,0.0412,293.14,16.64,0.85,0.0513,268.58
August,31,7:00,2.81,0.09,0.0308,241.45,8.41,0.08,0.0092,306.56,31.79,0.27,0.0086,277.36,24.64,0.87,0.0352,275.78
August,31,7:30,5.54,0.22,0.0404,346.65,10.92,0.39,0.0353,283.21,51.83,0.7,0.0136,274.46,39.65,0.58,0.0146,276.67
August,31,8:00,14.14,0.25,0.0176,273.6,23.82,0.18,0.0074,306.93,107.09,1.16,0.0108,281.68,84.34,0.56,0.0066,267.77
August,31,8:30,20.7,0.34,0.0163,294.52,32.91,0.28,0.0086,301.12,160.64,1.99,0.0124,294.55,114.12,0.83,0.0073,284.75
August,31,9:00,34.88,0.42,0.0121,298.67,63.2,0.41,0.0065,298.0,214.65,1.89,0.0088,306.12,187.45,2.27,0.0121,291.61
August,31,9:30,48.33,0.87,0.0179,316.48,80.82,0.67,0.0083,308.6,278.09,4.31,0.0155,321.6,221.88,2.77,0.0125,289.75
August,31,10:00,59.62,0.63,0.0105,317.21,100.97,1.11,0.011,317.71,319.81,3.97,0.0124,321.88,260.83,2.3,0.0088,306.27
August,31,10:30,65.87,0.55,0.0084,318.87,118.34,1.63,0.0138,327.35,353.7,6.65,0.0188,328.9,281.23,7.54,0.0268,311.0
August,31,11:00,65.02,0.27,0.0041,325.86,136.63,2.05,0.015,332.45,376.46,4.37,0.0116,326.87,305.65,6.27,0.0205,306.75
August,31,11:30,67.18,0.42,0.0063,331.35,148.94,2.62,0.0176,327.34,390.16,4.21,0.0108,326.86,325.36,4.42,0.0136,313.29
August,31,12:00,69.29,0.62,0.0089,318.32,160.46,2.13,0.0133,326.32,404.24,3.76,0.0093,328.66,325.63,3.84,0.0118,311.44
August,31,12:30,71.11,1.02,0.0143,317.59,165.82,4.78,0.0288,336.01,402.41,5.31,0.0132,328.09,322.93,4.78,0.0148,307.83
August,31,13:00,72.66,0.74,0.0102,314.69,173.66,2.62,0.0151,334.22,397.4,3.46,0.0087,332.81,327.05,4.81,0.0147,313.89
August,31,13:30,75.59,0.6,0.008,328.77,180.06,3.15,0.0175,333.41,402.68,9.46,0.0235,340.97,331.88,8.0,0.0241,314.48
August,31,14:00,76.01,1.1,0.0145,324.61,189.65,4.57,0.0241,331.49,408.14,11.67,0.0286,349.86,345.47,10.5,0.0304,307.51
August,31,14:30,79.59,1.85,0.0232,328.36,184.72,3.75,0.0203,331.16,405.18,23.82,0.0588,343.76,358.06,29.72,0.083,310.47
August,31,15:00,78.55,1.86,0.0237,328.61,184.59,1.13,0.0061,338.26,405.21,11.99,0.0296,343.52,358.73,28.59,0.0797,309.24
August,31,15:30,79.62,1.4,0.0176,317.17,185.78,1.02,0.0055,318.03,400.24,4.56,0.0114,344.98,346.56,60.09,0.1734,310.06
August,31,16:00,74.39,0.38,0.0051,329.95,187.75,1.24,0.0066,323.88,396.25,2.06,0.0052,343.56,350.66,36.78,0.1049,316.89
August,31,16:30,73.15,0.28,0.0038,325.01,180.97,1.97,0.0109,340.12,383.0,1.03,0.0027,341.68,345.24,12.46,0.0361,318.52
August,31,17:00,63.85,0.56,0.0087,328.76,171.59,1.44,0.0084,338.06,370.57,1.11,0.003,338.78,317.67,3.18,0.01,316.76
August,31,17:30,62.38,0.38,0.0061,322.7,162.52,1.17,0.0072,332.87,336.74,2.93,0.0087,343.33,305.26,2.99,0.0098,315.04
August,31,18:00,47.69,0.19,0.0039,317.72,142.05,1.26,0.0089,344.58,314.66,2.39,0.0076,343.5,272.27,1.23,0.0045,317.01
August,31,18:30,42.09,0.17,0.0041,337.97,137.52,1.51,0.011,337.3,287.53,1.58,0.0055,339.33,244.56,1.91,0.0078,325.9
August,31,19:00,24.32,0.08,0.0034,341.08,121.57,1.13,0.0093,337.75,247.1,1.26,0.0051,352.53,235.82,1.63,0.0069,317.94
August,31,19:30,20.63,0.29,0.0142,328.8,112.53,0.64,0.0057,310.99,223.57,1.39,0.0062,355.35,199.04,4.24,0.0213,331.4
August,31,20:00,16.67,1.6,0.096,322.75,95.4,1.61,0.0169,326.94,198.1,1.56,0.0079,344.45,175.84,4.57,0.026,324.93
August,31,20:30,13.36,2.87,0.2147,328.95,79.67,0.79,0.0099,324.97,169.67,0.88,0.0052,341.43,151.45,2.51,0.0166,314.83
August,31,21:00,8.55,1.2,0.1409,349.27,62.22,0.67,0.0107,320.98,149.92,0.6,0.004,333.43,132.36,4.63,0.035,317.21
August,31,21:30,7.82,0.36,0.0461,328.41,58.59,0.49,0.0084,333.67,129.73,0.53,0.0041,336.13,107.18,3.25,0.0303,328.05
August,31,22:00,5.68,0.12,0.0207,335.75,44.96,0.34,0.0075,321.48,105.45,0.88,0.0083,333.38,94.59,1.21,0.0128,314.38
August,31,22:30,3.51,0.35,0.1005,319.09,31.87,0.09,0.0029,307.86,80.18,0.51,0.0064,319.59,82.33,1.02,0.0124,310.2
August,31,23:00,2.85,0.07,0.0256,303.29,24.91,0.16,0.0065,300.32,61.6,0.24,0.0039,311.04,61.74,0.4,0.0065,305.63
August,31,23:30,2.68,0.03,0.0125,278.45,18.41,0.12,0.0066,302.93,47.15,0.21,0.0045,328.05,44.77,0.4,0.009,292.75
