Month,Day,Interval,Calls_Offered_A,Abandoned_Calls_A,Abandoned_Rate_A,CCT_A,Calls_Offered_B,Abandoned_Calls_B,Abandoned_Rate_B,CCT_B,Calls_Offered_C,Abandoned_Calls_C,Abandoned_Rate_C,CCT_C,Calls_Offered_D,Abandoned_Calls_D,Abandoned_Rate_D,CCT_D
August,1,0:00,9.39,2.21,0.235,862.38,68.58,2.53,0.0369,318.01,118.39,0.85,0.0072,311.74,63.54,0.32,0.005,301.88
August,1,0:30,8.43,1.97,0.2333,494.17,37.74,0.4,0.0105,331.03,89.57,0.86,0.0096,305.49,49.73,0.11,0.0023,310.56
August,1,1:00,5.12,0.81,0.1583,493.84,24.58,0.73,0.0299,376.06,59.05,0.59,0.01,313.42,37.11,0.1,0.0028,324.43
August,1,1:30,3.92,0.39,0.0983,618.46,10.21,0.41,0.0403,340.87,46.88,0.58,0.0123,307.89,45.81,1.7,0.0372,398.57
August,1,2:00,3.19,0.06,0.02,655.69,9.23,0.35,0.0383,355.28,37.11,0.88,0.0237,345.95,29.29,1.0,0.0342,385.64
August,1,2:30,3.32,0.0,0.0,749.01,9.11,0.08,0.0083,341.68,35.89,0.4,0.0112,331.15,19.1,0.26,0.0135,449.67
August,1,3:00,3.41,0.01,0.0033,368.91,7.17,0.7,0.0983,379.51,20.65,0.8,0.0389,327.68,7.02,0.77,0.1102,442.73
August,1,3:30,3.66,0.0,0.0,444.96,7.34,0.17,0.0233,304.51,18.19,0.27,0.0146,349.36,7.17,0.99,0.1375,306.26
August,1,4:00,3.08,0.01,0.002,295.89,6.41,0.02,0.0033,268.59,18.9,0.61,0.0322,403.7,6.32,0.84,0.1336,341.9
August,1,4:30,3.01,0.01,0.002,243.13,5.56,0.39,0.07,224.49,19.12,0.63,0.0328,406.01,7.15,0.82,0.114,327.31
August,1,5:00,3.67,0.09,0.0249,277.78,5.48,0.04,0.0067,600.8,21.18,0.53,0.0248,392.39,14.59,0.8,0.0551,326.98
August,1,5:30,5.13,0.13,0.0249,315.86,10.63,0.09,0.0087,278.68,21.29,0.95,0.0448,296.62,12.96,0.23,0.0179,342.4
August,1,6:00,5.5,0.91,0.1653,295.39,9.85,0.44,0.0451,282.27,35.06,0.6,0.0171,245.79,16.52,0.58,0.0349,274.55
August,1,6:30,4.59,0.66,0.1443,267.7,9.76,3.32,0.3399,305.26,58.92,0.88,0.0149,255.58,21.59,1.29,0.0596,255.83
August,1,7:00,14.34,3.38,0.2359,282.39,17.87,0.11,0.0059,278.68,110.27,1.05,0.0095,265.26,38.76,0.65,0.0168,285.91
August,1,7:30,25.89,4.42,0.1708,327.88,31.29,0.52,0.0165,311.03,161.92,1.8,0.0111,264.07,67.1,1.13,0.0169,299.66
August,1,8:00,49.11,0.72,0.0147,270.75,50.27,0.43,0.0086,304.85,284.26,1.71,0.006,277.89,122.99,1.38,0.0112,285.7
August,1,8:30,77.42,0.68,0.0088,279.18,65.49,0.41,0.0063,304.21,407.79,2.37,0.0058,284.7,154.37,2.08,0.0135,302.32
August,1,9:00,111.17,0.58,0.0052,287.97,167.16,0.57,0.0034,309.53,571.91,2.97,0.0052,296.04,266.37,7.43,0.0279,297.87
August,1,9:30,136.65,1.28,0.0094,274.84,255.91,1.77,0.0069,312.34,723.45,13.89,0.0192,320.17,324.96,7.41,0.0228,288.25
August,1,10:00,159.31,0.8,0.005,265.37,343.11,1.78,0.0052,314.83,880.81,14.62,0.0166,315.54,366.6,7.44,0.0203,292.04
August,1,10:30,215.39,1.46,0.0068,277.5,370.34,6.7,0.0181,326.89,991.96,21.82,0.022,328.19,422.3,14.65,0.0347,322.29
August,1,11:00,240.56,0.87,0.0036,295.89,419.04,7.75,0.0185,326.22,1070.01,16.8,0.0157,332.28,473.35,10.27,0.0217,304.16
August,1,11:30,241.63,1.55,0.0064,284.86,493.18,9.42,0.0191,333.12,1088.35,12.95,0.0119,335.1,489.88,6.52,0.0133,306.64
August,1,12:00,265.53,4.51,0.017,293.34,505.46,7.08,0.014,327.77,1091.78,15.5,0.0142,335.38,516.63,4.65,0.009,307.97
August,1,12:30,276.71,3.96,0.0143,300.01,544.41,10.62,0.0195,330.03,1109.26,26.51,0.0239,333.36,528.86,8.57,0.0162,296.04
August,1,13:00,256.96,3.44,0.0134,300.15,602.55,16.57,0.0275,331.63,1109.13,19.96,0.018,332.18,521.17,8.7,0.0167,296.76
August,1,13:30,250.17,1.4,0.0056,298.78,595.6,20.67,0.0347,325.77,1089.52,20.92,0.0192,333.77,528.74,12.06,0.0228,306.93
August,1,14:00,250.4,2.28,0.0091,308.11,606.92,25.79,0.0425,338.76,1087.62,12.83,0.0118,337.49,533.61,11.42,0.0214,300.83
August,1,14:30,256.76,2.41,0.0094,303.5,621.18,21.06,0.0339,343.01,1078.64,11.43,0.0106,341.94,551.31,25.14,0.0456,309.93
August,1,15:00,248.2,1.44,0.0058,292.41,587.69,4.94,0.0084,333.44,1056.59,6.55,0.0062,347.83,523.57,18.48,0.0353,305.65
August,1,15:30,249.13,3.76,0.0151,297.59,572.4,4.41,0.0077,329.57,992.73,13.4,0.0135,346.6,489.88,24.79,0.0506,307.91
August,1,16:00,244.95,1.94,0.0079,313.35,578.31,2.95,0.0051,336.15,954.58,8.4,0.0088,334.84,473.35,12.17,0.0257,304.08
August,1,16:30,227.4,1.16,0.0051,302.68,545.25,3.11,0.0057,336.01,911.6,3.74,0.0041,341.52,423.3,4.53,0.0107,314.72
August,1,17:00,196.35,1.35,0.0069,310.18,555.34,3.39,0.0061,336.99,889.41,2.94,0.0033,341.25,419.31,1.76,0.0042,309.22
August,1,17:30,183.81,1.43,0.0078,320.23,521.59,6.47,0.0124,339.04,850.62,2.55,0.003,342.83,424.58,3.01,0.0071,305.5
August,1,18:00,168.76,1.6,0.0095,323.03,468.44,7.54,0.0161,342.9,804.91,3.94,0.0049,341.4,394.01,1.97,0.005,307.08
August,1,18:30,136.34,2.45,0.018,324.48,414.52,7.17,0.0173,337.96,656.21,2.89,0.0044,345.04,306.67,1.59,0.0052,299.4
August,1,19:00,109.85,0.83,0.0076,321.54,372.43,7.93,0.0213,339.53,621.4,3.29,0.0053,332.09,296.39,1.66,0.0056,295.76
August,1,19:30,72.69,0.69,0.0095,325.72,335.22,3.25,0.0097,324.38,503.12,2.62,0.0052,324.18,267.66,4.1,0.0153,307.3
August,1,20:00,62.05,2.38,0.0383,292.81,273.08,5.33,0.0195,328.57,480.85,3.03,0.0063,330.5,253.24,5.47,0.0216,324.11
August,1,20:30,55.23,4.72,0.0854,287.17,249.93,3.8,0.0152,320.29,441.91,2.34,0.0053,355.06,222.75,3.81,0.0171,302.42
August,1,21:00,47.25,5.05,0.1068,285.26,224.33,5.36,0.0239,319.54,361.53,2.02,0.0056,347.86,191.23,5.11,0.0267,304.21
August,1,21:30,34.14,2.13,0.0625,313.14,190.55,2.61,0.0137,326.72,279.13,0.84,0.003,344.8,148.55,2.7,0.0182,315.11
August,1,22:00,27.08,1.18,0.0436,400.48,139.57,0.81,0.0058,321.91,264.29,2.11,0.008,348.03,140.04,2.93,0.0209,320.69
August,1,22:30,22.65,4.9,0.2164,353.6,116.75,0.6,0.0051,320.52,233.04,1.42,0.0061,328.05,113.42,1.18,0.0104,296.78
August,1,23:00,21.87,3.4,0.1556,356.63,99.22,1.15,0.0116,275.67,156.03,0.7,0.0045,321.08,98.89,0.55,0.0056,302.68
August,1,23:30,9.81,0.31,0.0318,232.56,80.94,1.17,0.0145,284.82,164.2,0.36,0.0022,334.21,86.26,0.51,0.0059,288.81
August,2,0:00,10.34,0.16,0.0153,296.15,59.93,2.05,0.0342,327.6,79.28,1.3,0.0164,304.84,53.11,0.7,0.0131,308.51
August,2,0:30,7.86,0.08,0.01,244.91,40.83,0.74,0.0181,337.21,53.13,1.3,0.0245,306.82,34.76,0.18,0.0053,295.62
August,2,1:00,5.23,0.04,0.0067,379.84,12.81,0.47,0.0367,453.8,52.05,1.84,0.0354,313.84,27.28,0.2,0.0073,303.18
August,2,1:30,5.49,0.05,0.0092,313.32,11.35,1.57,0.1383,363.55,37.73,1.11,0.0293,288.41,15.62,0.46,0.0294,390.19
August,2,2:00,4.0,0.01,0.0033,275.59,9.52,1.68,0.1767,370.15,25.37,0.93,0.0365,367.16,12.05,0.32,0.0262,400.96
August,2,2:30,3.57,0.0,0.0,294.17,8.11,0.32,0.04,349.66,17.98,0.3,0.0166,377.6,10.2,0.22,0.0216,452.52
August,2,3:00,3.27,0.0,0.0,259.48,6.55,0.05,0.0083,394.4,18.0,1.02,0.0565,384.39,3.32,0.19,0.0582,431.04
August,2,3:30,3.37,0.0,0.0,224.97,7.02,0.02,0.0033,366.08,12.72,0.07,0.0057,415.68,3.81,0.29,0.0764,357.15
August,2,4:00,3.0,0.0,0.0,239.46,5.8,0.02,0.0033,323.09,11.64,0.17,0.0143,462.33,2.76,0.2,0.0724,411.73
August,2,4:30,3.43,0.03,0.01,215.05,5.21,0.23,0.045,248.31,11.11,0.18,0.0166,526.05,2.85,0.23,0.0824,416.46
August,2,5:00,3.92,0.04,0.01,243.3,4.49,0.01,0.0033,774.45,13.56,0.18,0.0133,430.73,4.53,0.15,0.0325,360.22
August,2,5:30,6.58,0.16,0.025,321.68,6.86,0.04,0.0053,333.62,12.78,0.21,0.0167,271.83,4.13,0.05,0.0116,351.98
August,2,6:00,6.86,0.15,0.0217,296.77,6.9,0.12,0.0179,324.12,32.17,0.15,0.0047,259.41,12.32,0.3,0.0245,261.14
August,2,6:30,4.66,0.3,0.0642,287.38,9.49,1.55,0.1632,333.55,45.02,0.79,0.0175,270.06,17.28,0.61,0.0351,257.52
August,2,7:00,11.3,0.63,0.0558,300.7,11.16,0.09,0.0079,277.66,73.81,0.41,0.0056,266.79,28.47,0.79,0.0276,297.17
August,2,7:30,19.28,1.15,0.0595,316.21,18.2,0.21,0.0118,298.28,110.44,1.02,0.0092,266.45,44.27,0.73,0.0164,295.11
August,2,8:00,39.18,0.38,0.0097,272.68,31.77,0.06,0.0019,298.16,195.05,0.8,0.0041,279.43,83.98,0.53,0.0063,285.54
August,2,8:30,57.67,0.48,0.0084,263.52,47.0,0.19,0.004,301.63,268.95,1.1,0.0041,292.35,109.0,0.84,0.0077,313.05
August,2,9:00,65.37,0.25,0.0039,276.78,134.66,0.38,0.0028,306.33,350.28,1.23,0.0035,301.31,155.4,1.32,0.0085,307.19
August,2,9:30,77.34,0.69,0.0089,279.51,160.77,0.74,0.0046,313.42,434.6,6.48,0.0149,311.81,188.42,2.28,0.0121,289.68
August,2,10:00,86.37,0.38,0.0044,254.53,208.78,1.21,0.0058,314.46,498.55,6.78,0.0136,309.4,222.67,2.47,0.0111,280.74
August,2,10:30,116.09,0.45,0.0039,259.35,231.12,3.42,0.0148,325.62,560.35,9.92,0.0177,310.1,265.44,8.2,0.0309,304.75
August,2,11:00,121.81,0.55,0.0045,282.42,257.47,3.55,0.0138,327.12,572.13,8.07,0.0141,312.04,297.99,6.53,0.0219,295.65
August,2,11:30,123.91,1.36,0.011,285.85,301.18,4.52,0.015,328.97,609.97,4.76,0.0078,317.01,317.57,4.32,0.0136,297.0
August,2,12:00,142.77,2.56,0.0179,301.02,308.01,2.4,0.0078,321.9,642.84,5.98,0.0093,316.32,329.12,4.08,0.0124,294.89
August,2,12:30,149.18,3.39,0.0227,309.07,347.83,3.37,0.0097,324.63,647.6,10.1,0.0156,320.12,333.06,4.1,0.0123,292.74
August,2,13:00,167.93,2.94,0.0175,312.87,384.9,3.5,0.0091,324.03,658.27,8.89,0.0135,328.8,341.25,3.86,0.0113,298.34
August,2,13:30,170.88,2.41,0.0141,303.55,381.53,5.84,0.0153,320.21,656.26,11.68,0.0178,324.5,354.5,8.08,0.0228,305.79
August,2,14:00,160.89,2.2,0.0137,304.41,426.65,5.67,0.0133,336.25,651.74,7.43,0.0114,326.79,352.85,11.96,0.0339,297.5
August,2,14:30,172.39,5.17,0.03,295.92,423.47,5.34,0.0126,338.83,637.82,7.14,0.0112,323.55,357.02,33.45,0.0937,294.95
August,2,15:00,169.59,4.7,0.0277,285.81,407.09,1.34,0.0033,328.02,616.96,4.69,0.0076,331.66,349.19,26.75,0.0766,299.62
August,2,15:30,175.88,2.6,0.0148,283.96,419.04,2.14,0.0051,325.54,617.74,14.7,0.0238,327.89,333.66,45.58,0.1366,301.89
August,2,16:00,175.35,2.53,0.0144,306.63,437.26,2.01,0.0046,330.64,609.4,6.83,0.0112,326.3,317.85,25.84,0.0813,299.08
August,2,16:30,167.89,2.2,0.0131,320.75,388.34,1.55,0.004,335.27,590.3,2.42,0.0041,332.16,311.45,9.94,0.0319,305.6
August,2,17:00,144.61,2.59,0.0179,327.25,393.14,2.16,0.0055,341.75,574.33,2.13,0.0037,328.86,296.15,2.43,0.0082,301.38
August,2,17:30,133.58,2.04,0.0153,316.01,353.52,2.33,0.0066,335.2,538.03,1.13,0.0021,327.52,285.78,2.4,0.0084,291.51
August,2,18:00,118.36,1.67,0.0141,313.93,329.02,2.53,0.0077,334.01,495.02,1.49,0.003,328.98,267.28,1.36,0.0051,296.58
August,2,18:30,102.85,1.76,0.0171,291.64,303.61,4.04,0.0133,333.48,448.2,2.02,0.0045,330.24,238.16,1.48,0.0062,295.26
August,2,19:00,82.83,1.13,0.0136,284.1,275.95,3.73,0.0135,327.58,405.25,1.78,0.0044,323.98,204.64,1.35,0.0066,295.21
August,2,19:30,66.72,0.99,0.0149,282.16,236.7,1.47,0.0062,320.93,365.21,2.34,0.0064,324.72,193.09,4.71,0.0244,312.9
August,2,20:00,63.16,3.01,0.0477,273.6,204.39,1.29,0.0063,326.97,334.88,2.38,0.0071,316.18,168.72,4.61,0.0273,314.25
August,2,20:30,53.05,2.51,0.0474,276.73,193.65,0.91,0.0047,311.89,308.57,1.73,0.0056,329.38,158.13,2.25,0.0142,297.37
August,2,21:00,52.58,2.92,0.0555,286.76,182.8,1.75,0.0096,313.58,271.42,1.3,0.0048,329.86,138.52,4.52,0.0326,306.63
August,2,21:30,34.85,1.75,0.0502,306.11,170.6,1.88,0.011,316.08,227.36,0.57,0.0025,324.75,113.26,2.71,0.0239,310.84
August,2,22:00,38.0,0.93,0.0246,280.45,131.1,0.63,0.0048,309.01,224.98,0.85,0.0038,319.96,106.14,1.44,0.0136,301.99
August,2,22:30,32.3,5.36,0.1658,305.77,101.86,0.42,0.0041,318.41,195.74,1.82,0.0093,312.25,89.47,1.22,0.0136,286.73
August,2,23:00,28.33,4.91,0.1733,360.21,76.55,0.41,0.0053,269.62,147.17,1.18,0.008,309.18,70.67,0.42,0.0059,297.04
August,2,23:30,15.14,0.61,0.0402,275.8,68.02,0.24,0.0035,283.82,148.23,0.8,0.0054,331.08,61.81,0.67,0.0108,284.13
August,3,0:00,1.67,0.16,0.096,641.43,20.08,0.4,0.0201,375.6,26.75,0.23,0.0086,277.03,14.97,0.21,0.0142,300.44
August,3,0:30,1.07,0.06,0.059,377.8,11.49,0.09,0.0076,361.19,20.4,0.32,0.0158,290.96,13.15,0.07,0.0052,291.49
August,3,1:00,0.94,0.13,0.1382,400.2,5.44,0.15,0.028,413.3,16.61,0.27,0.0162,311.97,8.58,0.04,0.0046,292.51
August,3,1:30,0.71,0.23,0.3171,585.28,4.48,0.19,0.0419,391.45,12.42,0.21,0.0166,315.13,5.62,0.19,0.0346,374.27
August,3,2:00,0.71,0.04,0.0537,1047.0,3.84,0.0,0.001,357.48,8.09,0.42,0.0521,345.93,4.4,0.25,0.0572,390.22
August,3,2:30,0.64,0.0,0.005,694.12,2.13,0.0,0.0,369.35,6.04,0.22,0.036,336.46,3.63,0.34,0.0943,489.43
August,3,3:00,0.57,0.0,0.005,350.49,1.99,0.0,0.0,428.95,5.7,0.19,0.034,319.84,2.12,0.18,0.0865,468.5
August,3,3:30,0.53,0.0,0.005,411.2,1.4,0.0,0.0,488.1,4.49,0.06,0.0135,393.33,1.84,0.16,0.086,341.84
August,3,4:00,0.49,0.0,0.0,295.11,1.51,0.01,0.005,387.6,4.23,0.08,0.02,427.87,1.94,0.15,0.0783,397.59
August,3,4:30,0.61,0.0,0.005,262.5,1.83,0.0,0.0025,303.33,3.98,0.09,0.0221,452.51,2.16,0.3,0.1366,401.22
August,3,5:00,0.7,0.0,0.005,255.1,1.53,0.0,0.0025,653.89,4.69,0.11,0.0225,403.61,2.27,0.09,0.0382,388.47
August,3,5:30,1.04,0.01,0.01,320.71,1.97,0.02,0.0125,321.91,4.59,0.1,0.0226,252.95,2.24,0.03,0.012,373.76
August,3,6:00,1.26,0.1,0.083,306.4,2.46,0.26,0.1067,322.91,10.97,0.02,0.0014,272.72,5.3,0.15,0.029,266.74
August,3,6:30,1.29,0.22,0.1724,305.45,4.06,0.95,0.2342,340.41,17.62,0.17,0.0098,271.93,9.38,0.32,0.0339,259.9
August,3,7:00,2.98,0.15,0.0497,299.64,12.0,0.09,0.0071,290.83,31.94,0.06,0.0019,262.42,14.34,0.38,0.0267,296.92
August,3,7:30,4.81,0.25,0.0522,327.6,16.29,0.35,0.0215,299.79,53.71,0.21,0.0039,260.6,21.98,0.38,0.0174,290.52
August,3,8:00,15.12,0.17,0.011,269.41,41.56,0.24,0.0057,300.18,105.77,0.33,0.0031,276.72,47.62,0.42,0.0089,279.08
August,3,8:30,23.75,0.22,0.0091,291.6,57.51,0.27,0.0047,303.04,172.57,0.97,0.0056,286.61,68.47,0.63,0.0092,311.02
August,3,9:00,35.29,0.07,0.0021,305.34,97.79,0.26,0.0027,304.8,228.41,1.14,0.005,303.26,115.91,0.94,0.0081,307.67
August,3,9:30,47.96,0.31,0.0064,324.94,129.37,0.61,0.0047,312.43,296.86,5.79,0.0195,314.12,131.69,1.59,0.0121,294.91
August,3,10:00,60.26,0.28,0.0047,304.68,159.36,1.18,0.0074,320.31,355.69,5.19,0.0146,318.8,154.6,1.62,0.0105,301.32
August,3,10:30,62.72,0.2,0.0032,313.27,185.6,3.21,0.0173,328.02,398.05,5.65,0.0142,323.2,180.17,5.1,0.0283,313.81
August,3,11:00,65.54,0.13,0.002,320.45,210.44,2.44,0.0116,332.54,417.38,4.13,0.0099,332.93,194.96,3.98,0.0204,313.66
August,3,11:30,67.38,0.58,0.0086,316.3,234.67,3.26,0.0139,337.46,436.37,4.23,0.0097,337.48,208.18,3.0,0.0144,313.62
August,3,12:00,69.57,0.96,0.0138,309.09,235.87,2.17,0.0092,328.47,463.1,4.03,0.0087,336.87,213.2,1.9,0.0089,317.72
August,3,12:30,71.72,1.46,0.0203,307.98,242.67,1.92,0.0079,333.36,467.88,5.94,0.0127,336.32,215.77,2.14,0.0099,313.54
August,3,13:00,71.36,1.08,0.0152,308.77,247.68,1.88,0.0076,332.84,467.99,5.19,0.0111,346.26,219.27,2.39,0.0109,318.22
August,3,13:30,71.61,0.86,0.012,316.62,249.77,3.07,0.0123,330.89,459.55,10.02,0.0218,346.6,222.63,7.5,0.0337,328.05
August,3,14:00,71.5,0.83,0.0116,313.5,267.63,3.37,0.0126,336.33,473.45,9.66,0.0204,348.71,230.48,10.92,0.0474,322.03
August,3,14:30,75.34,2.29,0.0304,309.38,267.19,6.28,0.0235,340.81,457.26,12.76,0.0279,347.29,235.75,27.7,0.1175,323.61
August,3,15:00,75.3,2.21,0.0294,314.89,264.38,1.56,0.0059,327.84,458.16,4.67,0.0102,345.15,237.32,22.31,0.094,324.49
August,3,15:30,77.62,1.58,0.0204,306.37,266.43,2.77,0.0104,328.13,453.82,1.77,0.0039,346.21,233.88,35.41,0.1514,325.12
August,3,16:00,71.8,0.95,0.0132,305.95,269.9,1.48,0.0055,334.75,456.05,0.82,0.0018,344.95,235.36,19.86,0.0844,327.79
August,3,16:30,69.83,0.86,0.0123,300.69,258.53,0.47,0.0018,340.13,437.93,0.7,0.0016,346.46,232.01,7.73,0.0333,331.67
August,3,17:00,65.17,1.15,0.0176,306.88,258.17,1.08,0.0042,334.65,420.39,1.14,0.0027,340.83,222.12,1.87,0.0084,330.94
August,3,17:30,61.25,1.0,0.0163,305.89,243.45,1.1,0.0045,333.18,381.92,1.11,0.0029,341.31,204.74,1.84,0.009,328.34
August,3,18:00,50.28,0.74,0.0148,298.93,213.72,1.43,0.0067,334.14,351.7,1.65,0.0047,344.31,182.45,0.88,0.0048,330.75
August,3,18:30,44.68,0.71,0.016,320.29,206.4,1.4,0.0068,335.22,308.69,1.11,0.0036,345.92,170.4,1.01,0.0059,329.38
August,3,19:00,29.34,0.4,0.0137,315.66,178.21,1.64,0.0092,330.97,263.22,0.97,0.0037,345.73,151.49,0.86,0.0057,324.91
August,3,19:30,24.1,0.4,0.0167,316.74,164.25,1.17,0.0071,332.44,237.59,1.71,0.0072,347.54,132.93,3.06,0.023,331.93
August,3,20:00,17.9,0.58,0.0326,306.12,135.72,1.1,0.0081,332.59,216.58,2.23,0.0103,352.2,120.24,2.95,0.0245,324.32
August,3,20:30,15.29,0.57,0.037,309.65,112.39,0.81,0.0072,318.46,179.35,1.78,0.0099,338.36,108.09,1.53,0.0142,321.14
August,3,21:00,13.76,0.84,0.061,304.34,93.8,0.81,0.0086,312.5,158.72,1.03,0.0065,336.11,87.02,2.11,0.0243,327.47
August,3,21:30,9.93,0.43,0.0438,296.81,86.21,0.57,0.0066,318.09,131.12,0.34,0.0026,331.03,65.34,1.37,0.021,330.06
August,3,22:00,8.39,0.34,0.0406,309.05,70.12,0.25,0.0035,305.35,109.31,0.45,0.0041,325.04,60.81,0.75,0.0123,333.79
August,3,22:30,5.51,1.11,0.2008,288.98,57.46,0.09,0.0015,312.11,85.66,0.62,0.0072,321.58,48.92,0.55,0.0113,324.47
August,3,23:00,5.03,0.48,0.0953,293.4,38.92,0.07,0.0017,303.31,63.27,0.45,0.0071,318.82,39.1,0.16,0.004,337.46
August,3,23:30,2.69,0.05,0.0173,303.47,31.33,0.06,0.0019,292.44,48.94,0.2,0.004,334.69,30.16,0.18,0.0061,332.82
August,4,0:00,6.38,0.08,0.0132,315.61,47.1,0.3,0.0064,328.86,85.74,0.49,0.0057,325.81,51.38,0.42,0.0082,303.25
August,4,0:30,7.03,0.02,0.0035,317.12,28.25,0.19,0.0068,328.91,64.28,0.44,0.0069,329.33,35.57,0.18,0.0052,330.19
August,4,1:00,3.29,0.05,0.0156,401.46,12.5,0.21,0.0165,365.78,45.68,0.28,0.0062,336.42,26.97,0.06,0.0021,365.76
August,4,1:30,2.99,0.06,0.0205,341.39,7.2,0.13,0.0183,365.8,32.85,0.32,0.0096,336.44,26.71,0.69,0.026,380.95
August,4,2:00,2.0,0.03,0.0153,364.64,5.4,0.02,0.0037,356.26,22.39,0.64,0.0285,289.76,18.68,0.44,0.0233,377.9
August,4,2:30,1.86,0.01,0.005,297.26,3.99,0.0,0.0,314.52,22.43,0.56,0.025,263.16,16.23,0.14,0.0088,389.98
August,4,3:00,1.83,0.0,0.0,296.53,3.44,0.0,0.0,476.86,15.84,0.58,0.0368,282.02,3.22,0.02,0.0062,408.02
August,4,3:30,1.84,0.0,0.0,302.14,3.22,0.0,0.0,392.43,14.56,0.27,0.0185,337.64,2.1,0.03,0.0125,332.81
August,4,4:00,1.79,0.0,0.0,263.35,2.99,0.0,0.0,353.04,13.34,0.36,0.027,319.25,1.52,0.01,0.0065,332.71
August,4,4:30,1.81,0.0,0.0,210.8,3.03,0.0,0.0,258.2,14.07,0.35,0.025,327.26,1.86,0.06,0.0314,431.07
August,4,5:00,1.69,0.0,0.0,242.44,3.34,0.0,0.0,658.97,13.86,0.24,0.0173,302.02,2.15,0.03,0.0139,338.4
August,4,5:30,2.27,0.0,0.0,401.47,3.7,0.06,0.015,370.35,19.28,0.36,0.0187,253.66,2.32,0.02,0.0078,355.11
August,4,6:00,2.43,0.0,0.0,293.53,5.39,0.4,0.075,351.81,35.4,0.32,0.0089,289.81,13.82,0.14,0.01,271.31
August,4,6:30,4.73,0.5,0.1054,263.28,9.28,2.94,0.3165,392.28,58.31,1.2,0.0205,259.74,22.69,1.52,0.0668,277.65
August,4,7:00,9.46,0.73,0.0774,279.13,29.75,0.32,0.0107,264.21,103.59,0.57,0.0055,271.04,34.41,0.34,0.0099,263.6
August,4,7:30,15.56,0.84,0.0539,306.03,53.11,1.27,0.024,299.14,163.36,0.96,0.0059,263.58,77.28,0.82,0.0106,281.43
August,4,8:00,47.33,0.57,0.012,275.19,100.18,0.83,0.0083,291.35,286.93,0.77,0.0027,283.16,131.75,1.44,0.0109,289.12
August,4,8:30,91.92,1.26,0.0137,294.57,157.48,1.54,0.0098,297.55,423.76,1.7,0.004,309.1,194.04,1.73,0.0089,286.19
August,4,9:00,121.06,0.94,0.0078,303.84,216.94,1.02,0.0047,299.44,617.63,3.21,0.0052,310.5,277.66,5.22,0.0188,288.21
August,4,9:30,167.08,1.35,0.0081,310.59,289.98,1.83,0.0063,312.49,767.67,11.59,0.0151,319.31,355.85,5.23,0.0147,296.66
August,4,10:00,193.22,0.73,0.0038,309.09,361.4,2.6,0.0072,314.1,911.48,12.03,0.0132,323.09,430.08,7.18,0.0167,298.12
August,4,10:30,218.47,0.83,0.0038,312.83,390.91,11.73,0.03,333.68,986.78,12.73,0.0129,330.65,457.97,10.44,0.0228,305.19
August,4,11:00,235.41,0.78,0.0033,315.54,441.74,4.59,0.0104,332.17,1094.89,10.07,0.0092,336.01,500.95,5.76,0.0115,323.79
August,4,11:30,257.0,1.54,0.006,316.13,454.01,5.63,0.0124,337.87,1141.41,8.9,0.0078,338.34,566.83,6.75,0.0119,320.06
August,4,12:00,262.46,2.23,0.0085,318.62,522.81,4.18,0.008,341.61,1146.78,8.83,0.0077,338.47,572.9,6.82,0.0119,320.02
August,4,12:30,263.27,3.53,0.0134,310.41,542.12,6.51,0.012,342.23,1144.88,12.71,0.0111,340.26,581.39,11.92,0.0205,319.97
August,4,13:00,252.19,2.42,0.0096,317.62,565.02,4.58,0.0081,338.49,1147.21,5.51,0.0048,344.29,584.01,11.86,0.0203,323.27
August,4,13:30,255.17,1.51,0.0059,324.63,557.11,8.91,0.016,342.96,1150.73,13.12,0.0114,344.31,578.96,29.47,0.0509,328.39
August,4,14:00,262.16,2.52,0.0096,322.38,581.78,3.9,0.0067,338.44,1172.45,9.85,0.0084,348.18,596.76,12.29,0.0206,327.45
August,4,14:30,255.47,2.78,0.0109,326.66,591.91,4.74,0.008,344.99,1167.36,9.57,0.0082,350.87,595.96,10.67,0.0179,324.32
August,4,15:00,256.95,2.95,0.0115,320.07,591.17,2.13,0.0036,339.04,1153.89,5.19,0.0045,351.94,593.51,4.1,0.0069,323.94
August,4,15:30,259.23,2.49,0.0096,321.03,588.48,1.94,0.0033,338.46,1154.35,3.35,0.0029,349.71,585.19,4.1,0.007,319.91
August,4,16:00,259.09,1.97,0.0076,324.8,599.7,1.5,0.0025,342.87,1132.67,3.85,0.0034,351.37,597.99,2.99,0.005,321.09
August,4,16:30,254.4,1.3,0.0051,332.02,562.7,1.46,0.0026,337.24,1083.88,3.36,0.0031,353.78,576.65,2.94,0.0051,326.61
August,4,17:00,219.01,1.25,0.0057,321.43,533.53,2.56,0.0048,344.38,1030.03,4.12,0.004,353.13,545.29,1.74,0.0032,327.15
August,4,17:30,184.07,1.25,0.0068,329.52,512.24,2.97,0.0058,348.79,937.61,5.25,0.0056,351.67,507.43,1.83,0.0036,334.23
August,4,18:00,161.77,1.13,0.007,323.89,475.29,2.99,0.0063,343.12,846.79,5.17,0.0061,348.88,450.59,2.21,0.0049,328.62
August,4,18:30,143.18,1.42,0.0099,325.35,428.36,1.37,0.0032,334.8,745.48,2.31,0.0031,346.24,400.74,1.32,0.0033,329.14
August,4,19:00,87.0,0.48,0.0055,339.23,365.42,2.85,0.0078,343.83,668.35,3.01,0.0045,345.97,376.96,3.39,0.009,320.66
August,4,19:30,77.22,0.7,0.0091,309.35,351.85,2.57,0.0073,341.23,583.46,4.61,0.0079,343.78,328.21,5.78,0.0176,340.21
August,4,20:00,50.88,0.85,0.0167,328.71,304.73,4.33,0.0142,340.98,513.38,6.31,0.0123,346.84,302.41,7.38,0.0244,327.72
August,4,20:30,47.75,1.46,0.0305,309.04,263.44,3.5,0.0133,339.41,429.93,4.73,0.011,346.55,252.98,5.29,0.0209,316.19
August,4,21:00,38.63,1.04,0.027,304.19,207.38,2.9,0.014,334.77,369.05,2.25,0.0061,339.58,216.82,5.14,0.0237,321.67
August,4,21:30,27.67,0.44,0.0158,324.37,178.81,1.68,0.0094,338.59,310.37,0.99,0.0032,335.98,186.32,1.7,0.0091,315.77
August,4,22:00,23.44,0.25,0.0107,318.94,144.26,0.98,0.0068,308.57,256.67,1.67,0.0065,334.48,143.59,2.04,0.0142,319.7
August,4,22:30,15.16,1.44,0.0947,301.39,107.95,1.01,0.0094,310.35,196.73,0.81,0.0041,324.36,124.75,1.25,0.01,309.68
August,4,23:00,13.48,1.47,0.1094,352.23,88.78,0.58,0.0065,326.46,155.9,0.48,0.0031,316.72,86.47,0.67,0.0078,315.03
August,4,23:30,7.9,0.26,0.0331,341.41,59.85,0.34,0.0056,309.14,122.52,0.16,0.0013,334.25,75.08,0.49,0.0065,318.04
August,5,0:00,6.52,0.11,0.0162,333.32,40.24,0.98,0.0244,325.92,72.72,0.57,0.0079,329.82,40.95,0.36,0.0089,303.67
August,5,0:30,7.14,0.08,0.0116,285.61,26.33,0.38,0.0144,317.61,54.69,0.28,0.0052,328.89,29.5,0.0,0.0,310.61
August,5,1:00,3.57,0.12,0.0324,358.15,10.61,0.26,0.0246,362.65,38.36,0.17,0.0045,307.16,20.75,0.05,0.0026,326.47
August,5,1:30,3.48,0.11,0.0318,276.63,5.98,0.12,0.0209,371.61,30.37,0.17,0.0057,329.43,17.23,0.17,0.01,330.56
August,5,2:00,3.08,0.05,0.0178,293.01,4.33,0.02,0.0042,361.42,17.82,0.35,0.0194,289.43,11.98,0.24,0.0202,339.9
August,5,2:30,2.44,0.02,0.0075,358.35,4.25,0.0,0.0,364.92,17.38,0.33,0.0188,319.22,10.61,0.31,0.0288,482.55
August,5,3:00,2.04,0.0,0.0,307.13,3.38,0.0,0.0,390.88,11.89,0.2,0.0169,334.95,2.71,0.22,0.0827,376.83
August,5,3:30,2.25,0.0,0.0,276.4,3.22,0.0,0.0,361.37,12.98,0.06,0.0047,341.51,2.03,0.15,0.0718,524.73
August,5,4:00,2.04,0.0,0.0,267.72,2.92,0.0,0.0,338.87,11.67,0.1,0.0082,416.49,1.53,0.09,0.0611,483.32
August,5,4:30,2.02,0.0,0.0,202.01,2.59,0.0,0.0,272.77,11.9,0.24,0.0201,400.24,1.95,0.46,0.2336,544.85
August,5,5:00,2.42,0.0,0.0,259.12,2.76,0.0,0.0,336.21,15.28,0.34,0.022,376.81,2.15,0.33,0.1533,484.74
August,5,5:30,2.39,0.0,0.0,348.83,3.36,0.02,0.005,334.53,19.24,0.16,0.0085,288.87,2.82,0.14,0.0483,535.03
August,5,6:00,2.21,0.06,0.026,322.72,4.47,0.11,0.025,346.57,31.35,0.07,0.0021,256.28,14.51,1.45,0.0997,286.72
August,5,6:30,4.93,0.34,0.0694,244.26,8.02,1.33,0.1657,333.24,56.59,0.74,0.013,253.08,24.87,1.83,0.0735,294.13
August,5,7:00,9.33,0.92,0.0983,283.3,27.48,0.29,0.0106,293.69,91.42,0.8,0.0088,259.63,42.24,0.38,0.0091,279.97
August,5,7:30,15.39,1.15,0.0747,335.38,52.84,1.94,0.0368,297.76,158.46,1.11,0.007,252.79,63.62,0.59,0.0092,288.23
August,5,8:00,46.54,0.81,0.0173,271.95,94.89,0.5,0.0053,285.23,277.83,0.67,0.0024,277.93,131.4,0.76,0.0058,288.54
August,5,8:30,90.8,2.26,0.0249,297.09,141.43,0.99,0.007,292.4,411.74,2.1,0.0051,297.88,183.22,2.07,0.0113,280.55
August,5,9:00,125.1,0.96,0.0077,299.59,210.37,1.11,0.0053,297.78,588.74,2.71,0.0046,307.82,261.51,1.12,0.0043,284.17
August,5,9:30,165.27,1.16,0.007,310.31,268.31,1.66,0.0062,313.88,728.91,5.61,0.0077,309.37,321.14,1.8,0.0056,289.37
August,5,10:00,186.31,0.71,0.0038,309.59,329.06,1.55,0.0047,314.92,824.19,4.12,0.005,314.61,382.12,4.85,0.0127,297.12
August,5,10:30,215.42,1.14,0.0053,316.31,372.09,9.6,0.0258,329.75,927.21,6.77,0.0073,323.96,415.99,11.98,0.0288,300.25
August,5,11:00,223.69,0.56,0.0025,333.79,409.09,6.87,0.0168,331.81,990.55,4.75,0.0048,328.45,445.29,7.12,0.016,307.34
August,5,11:30,242.34,0.85,0.0035,337.05,428.79,7.42,0.0173,331.13,1007.74,7.56,0.0075,332.25,498.68,5.24,0.0105,304.65
August,5,12:00,245.76,0.93,0.0038,323.11,468.89,5.81,0.0124,335.7,1031.76,6.4,0.0062,334.46,509.38,6.88,0.0135,308.81
August,5,12:30,244.89,2.74,0.0112,316.68,491.77,8.21,0.0167,344.07,1029.66,11.94,0.0116,339.46,525.92,6.89,0.0131,315.97
August,5,13:00,241.9,2.03,0.0084,328.23,501.43,8.27,0.0165,336.97,1032.85,11.98,0.0116,343.71,528.17,9.45,0.0179,319.66
August,5,13:30,239.07,0.29,0.0012,328.29,499.52,10.74,0.0215,339.41,1027.02,17.46,0.017,342.44,524.4,12.53,0.0239,316.88
August,5,14:00,251.27,0.65,0.0026,325.87,518.84,3.16,0.0061,338.05,1029.06,13.17,0.0128,342.51,540.71,8.27,0.0153,316.89
August,5,14:30,245.42,0.98,0.004,336.31,523.2,3.61,0.0069,341.2,1039.81,12.89,0.0124,344.46,535.58,13.34,0.0249,321.94
August,5,15:00,250.59,2.58,0.0103,322.63,510.82,1.48,0.0029,339.31,1043.71,4.8,0.0046,342.22,530.21,8.11,0.0153,327.01
August,5,15:30,251.95,2.19,0.0087,323.77,521.69,2.82,0.0054,341.01,1032.61,5.99,0.0058,343.02,540.03,5.99,0.0111,323.74
August,5,16:00,244.11,0.81,0.0033,332.86,517.86,1.29,0.0025,337.07,1001.29,4.61,0.0046,346.32,543.23,3.15,0.0058,320.36
August,5,16:30,242.61,0.41,0.0017,326.14,499.89,1.75,0.0035,344.99,939.99,2.73,0.0029,346.38,528.5,3.75,0.0071,320.53
August,5,17:00,210.54,1.05,0.005,321.4,474.59,1.57,0.0033,346.15,900.37,4.86,0.0054,347.16,501.91,2.76,0.0055,325.97
August,5,17:30,176.99,2.32,0.0131,332.02,469.99,1.5,0.0032,346.9,833.01,5.75,0.0069,343.0,454.41,1.95,0.0043,321.47
August,5,18:00,154.07,0.74,0.0048,324.54,444.48,2.53,0.0057,341.22,755.8,6.35,0.0084,344.43,408.95,2.09,0.0051,318.91
August,5,18:30,142.59,0.61,0.0043,339.89,375.21,1.35,0.0036,340.51,682.52,4.03,0.0059,344.6,362.66,1.99,0.0055,308.24
August,5,19:00,85.36,0.16,0.0019,350.5,339.3,2.44,0.0072,340.9,605.52,8.11,0.0134,336.56,343.53,3.33,0.0097,311.96
August,5,19:30,76.45,0.34,0.0044,340.92,313.54,2.19,0.007,337.5,536.3,16.84,0.0314,344.23,297.26,4.96,0.0167,329.41
August,5,20:00,50.61,1.5,0.0297,338.07,275.0,2.8,0.0102,346.21,465.84,18.03,0.0387,345.62,280.42,7.77,0.0277,314.34
August,5,20:30,44.85,3.22,0.0718,311.4,234.3,2.76,0.0118,341.72,403.56,6.74,0.0167,340.57,235.42,2.99,0.0127,308.73
August,5,21:00,37.15,1.45,0.0389,324.52,191.9,2.25,0.0117,336.97,333.75,1.3,0.0039,343.66,189.36,10.19,0.0538,310.8
August,5,21:30,25.89,0.75,0.0288,355.1,163.02,1.06,0.0065,336.26,262.79,0.45,0.0017,349.85,159.15,4.2,0.0264,308.03
August,5,22:00,20.33,0.21,0.0102,335.82,131.94,0.99,0.0075,314.5,240.4,0.96,0.004,338.71,137.61,1.6,0.0116,313.95
August,5,22:30,15.66,1.54,0.0986,338.93,100.77,0.75,0.0074,297.85,179.12,0.59,0.0033,326.39,118.35,1.27,0.0107,301.02
August,5,23:00,14.16,1.53,0.1078,319.18,90.09,1.21,0.0134,302.61,144.69,0.43,0.003,313.78,81.27,0.43,0.0053,305.55
August,5,23:30,9.08,0.31,0.034,297.53,57.16,0.3,0.0053,293.3,102.52,0.24,0.0023,310.59,68.75,0.63,0.0091,301.07
August,6,0:00,5.14,0.14,0.0278,507.95,36.16,0.38,0.0104,345.21,53.21,0.75,0.0141,343.71,35.61,0.45,0.0126,319.86
August,6,0:30,3.81,0.0,0.0,431.54,23.69,0.02,0.0009,349.59,34.19,0.7,0.0206,332.63,28.62,0.12,0.0043,307.8
August,6,1:00,2.31,0.0,0.0,476.63,9.34,0.09,0.01,413.19,35.57,1.22,0.0344,332.79,19.55,0.12,0.0062,298.58
August,6,1:30,1.92,0.17,0.09,436.45,6.89,0.08,0.0111,355.08,28.26,0.99,0.035,315.33,13.07,0.52,0.0396,365.02
August,6,2:00,1.6,0.07,0.045,666.39,5.0,0.08,0.015,345.41,18.81,1.21,0.0642,337.18,10.93,0.39,0.0357,384.2
August,6,2:30,1.68,0.01,0.0083,582.14,3.83,0.02,0.005,404.31,12.67,0.33,0.0259,343.89,10.82,0.1,0.0097,441.08
August,6,3:00,1.59,0.02,0.01,421.76,4.08,0.0,0.0,378.1,13.67,0.58,0.0427,356.42,3.49,0.21,0.0611,435.33
August,6,3:30,1.61,0.01,0.0033,420.33,3.19,0.0,0.0,499.53,11.82,0.12,0.0105,361.21,3.05,0.21,0.069,411.39
August,6,4:00,1.54,0.0,0.0,317.19,3.19,0.0,0.0,348.33,10.29,0.15,0.0148,388.08,2.27,0.14,0.0638,473.99
August,6,4:30,1.55,0.0,0.0,312.46,3.21,0.03,0.01,354.93,10.57,0.18,0.0169,404.02,2.47,0.15,0.0619,460.62
August,6,5:00,1.65,0.0,0.0,261.76,2.9,0.01,0.0033,470.43,12.65,0.22,0.0175,405.98,3.75,0.12,0.0328,421.23
August,6,5:30,1.58,0.0,0.0,359.72,3.95,0.06,0.015,323.63,12.94,0.38,0.029,322.55,3.8,0.04,0.0106,437.53
August,6,6:00,2.32,0.01,0.005,320.11,5.51,0.64,0.1158,366.92,30.76,0.2,0.0064,291.97,12.1,0.25,0.0204,275.63
August,6,6:30,2.48,0.18,0.0716,339.07,6.16,2.22,0.3596,437.02,54.54,0.99,0.0181,275.3,23.7,1.25,0.0529,266.74
August,6,7:00,7.5,0.48,0.0645,363.7,24.46,0.29,0.0119,312.0,87.25,0.78,0.0089,275.42,32.03,1.04,0.0325,289.47
August,6,7:30,18.31,0.96,0.0525,351.73,47.91,1.19,0.0248,287.13,139.83,1.86,0.0133,262.76,60.27,0.98,0.0163,292.9
August,6,8:00,41.03,0.39,0.0094,288.67,87.63,0.38,0.0043,289.36,272.26,2.75,0.0101,275.99,124.83,0.79,0.0063,281.0
August,6,8:30,75.48,0.53,0.007,300.76,128.37,0.73,0.0057,297.47,394.23,4.3,0.0109,297.28,180.01,1.26,0.007,308.37
August,6,9:00,104.02,0.84,0.0081,309.97,193.92,0.52,0.0027,298.3,556.87,4.73,0.0085,308.19,254.3,1.96,0.0077,296.16
August,6,9:30,134.14,1.33,0.0099,318.26,246.16,1.28,0.0052,315.68,678.42,14.59,0.0215,313.74,318.48,4.49,0.0141,302.4
August,6,10:00,151.17,1.13,0.0075,311.21,307.75,1.23,0.004,318.58,857.88,11.24,0.0131,321.16,386.25,4.4,0.0114,298.01
August,6,10:30,180.0,1.3,0.0072,309.27,355.77,6.37,0.0179,332.17,904.16,14.38,0.0159,328.64,410.06,11.44,0.0279,301.94
August,6,11:00,193.47,1.28,0.0066,308.74,360.94,2.89,0.008,331.01,935.7,11.32,0.0121,329.54,438.81,9.43,0.0215,310.78
August,6,11:30,206.46,1.49,0.0072,313.0,393.82,4.33,0.011,333.76,963.2,13.2,0.0137,330.99,487.93,6.15,0.0126,307.04
August,6,12:00,207.04,1.59,0.0077,310.37,445.49,3.3,0.0074,337.0,980.47,18.04,0.0184,332.59,503.72,5.94,0.0118,308.11
August,6,12:30,209.33,1.51,0.0072,313.66,459.67,5.52,0.012,341.59,999.96,25.0,0.025,338.79,499.48,5.79,0.0116,315.93
August,6,13:00,207.06,2.3,0.0111,320.14,459.83,5.93,0.0129,333.07,979.5,13.71,0.014,345.06,502.05,5.87,0.0117,318.66
August,6,13:30,198.96,0.97,0.0049,321.75,459.4,13.14,0.0286,338.51,967.9,17.04,0.0176,344.62,505.08,9.9,0.0196,328.27
August,6,14:00,211.53,1.14,0.0054,319.5,464.26,8.45,0.0182,336.08,998.79,14.78,0.0148,345.8,522.78,12.96,0.0248,329.71
August,6,14:30,209.85,1.53,0.0073,324.88,494.25,13.64,0.0276,343.21,987.31,14.91,0.0151,346.53,525.23,42.49,0.0809,332.86
August,6,15:00,209.07,1.63,0.0078,321.23,478.89,1.72,0.0036,339.69,983.67,12.1,0.0123,344.42,523.03,37.24,0.0712,328.93
August,6,15:30,210.79,2.59,0.0123,323.09,471.83,3.44,0.0073,338.37,980.43,14.31,0.0146,346.89,518.78,78.13,0.1506,326.69
August,6,16:00,202.06,1.21,0.006,330.29,454.17,2.0,0.0044,338.91,945.0,5.29,0.0056,347.1,511.29,46.94,0.0918,322.39
August,6,16:30,202.03,0.53,0.0026,326.24,445.82,1.65,0.0037,337.05,880.38,3.79,0.0043,349.4,490.7,15.41,0.0314,319.9
August,6,17:00,177.24,1.61,0.0091,320.33,420.75,2.23,0.0053,342.17,816.18,3.84,0.0047,347.77,460.85,4.29,0.0093,327.1
August,6,17:30,138.55,1.08,0.0078,326.85,401.53,2.29,0.0057,347.48,762.75,2.82,0.0037,347.56,422.52,3.89,0.0092,321.2
August,6,18:00,128.38,0.48,0.0037,316.03,377.98,2.34,0.0062,340.24,661.45,3.31,0.005,346.43,350.48,1.68,0.0048,323.99
August,6,18:30,114.71,0.41,0.0036,330.8,335.44,1.61,0.0048,339.48,647.78,3.63,0.0056,344.29,324.95,2.18,0.0067,310.62
August,6,19:00,70.89,0.35,0.005,351.17,313.31,2.51,0.008,339.5,551.55,2.37,0.0043,341.64,304.67,2.19,0.0072,318.38
August,6,19:30,57.56,0.24,0.0041,324.32,284.47,1.85,0.0065,337.56,498.3,2.99,0.006,346.23,284.42,7.31,0.0257,325.3
August,6,20:00,40.42,0.74,0.0182,310.69,241.09,2.89,0.012,338.13,423.01,5.46,0.0129,343.96,245.66,7.3,0.0297,309.51
August,6,20:30,32.07,0.72,0.0226,303.42,212.18,1.82,0.0086,339.33,351.35,3.23,0.0092,341.91,229.06,3.62,0.0158,307.58
August,6,21:00,28.81,1.06,0.0368,321.99,177.66,1.78,0.01,328.92,311.95,2.78,0.0089,338.95,172.62,6.09,0.0353,314.99
August,6,21:30,17.26,0.3,0.0171,317.66,147.96,1.08,0.0073,326.83,247.73,0.77,0.0031,342.34,155.51,4.34,0.0279,294.41
August,6,22:00,15.79,0.39,0.0249,299.72,112.75,0.69,0.0061,313.63,237.05,1.0,0.0042,329.83,140.3,2.48,0.0177,309.54
August,6,22:30,11.12,1.69,0.1524,392.02,89.47,0.45,0.005,304.16,163.93,0.56,0.0034,319.64,103.35,1.36,0.0132,295.62
August,6,23:00,8.75,0.91,0.1043,364.26,63.32,0.36,0.0057,335.72,135.15,0.32,0.0024,305.23,82.27,0.35,0.0043,291.37
August,6,23:30,6.38,0.27,0.0425,303.23,50.62,0.22,0.0044,314.07,101.65,0.21,0.0021,320.76,58.99,0.39,0.0066,280.87
August,7,0:00,4.95,0.29,0.0588,746.54,36.54,0.43,0.0118,309.61,53.84,0.62,0.0115,327.84,39.76,0.12,0.0031,323.49
August,7,0:30,4.23,0.13,0.0318,396.52,23.6,0.07,0.0028,322.37,33.84,0.51,0.015,326.75,26.94,0.02,0.0006,337.87
August,7,1:00,3.0,0.24,0.081,368.38,8.61,0.03,0.0032,360.29,37.51,1.1,0.0294,317.92,21.4,0.09,0.0042,357.64
August,7,1:30,2.39,0.46,0.1923,479.46,6.63,0.01,0.0022,340.79,29.45,0.92,0.0312,286.18,16.13,0.24,0.0151,398.18
August,7,2:00,1.78,0.07,0.0387,906.87,3.97,0.0,0.0,396.04,19.64,0.42,0.0213,354.35,11.74,0.69,0.0584,365.39
August,7,2:30,1.54,0.01,0.0067,589.55,3.52,0.0,0.0,422.01,15.61,0.22,0.014,346.68,9.07,0.15,0.017,379.63
August,7,3:00,1.84,0.02,0.0083,338.99,4.65,0.02,0.005,352.62,13.22,0.25,0.0188,400.0,3.91,0.3,0.0768,415.94
August,7,3:30,1.82,0.01,0.0067,375.65,3.15,0.0,0.0,405.68,11.48,0.1,0.0089,403.41,2.16,0.07,0.0331,305.76
August,7,4:00,1.65,0.0,0.0,283.89,2.94,0.0,0.0,363.86,10.28,0.25,0.024,456.38,2.06,0.06,0.0314,316.63
August,7,4:30,1.56,0.02,0.01,249.61,2.51,0.0,0.0,314.92,10.41,0.25,0.024,488.01,2.18,0.06,0.0289,291.54
August,7,5:00,1.75,0.02,0.01,251.93,2.45,0.0,0.0,533.46,12.07,0.24,0.0199,424.79,1.91,0.02,0.0099,334.08
August,7,5:30,1.97,0.04,0.02,291.5,3.28,0.0,0.0,315.73,12.37,0.24,0.0192,322.48,1.91,0.01,0.0049,336.26
August,7,6:00,2.46,0.66,0.2667,271.79,4.75,0.05,0.01,303.21,29.66,0.18,0.0062,277.25,10.58,0.11,0.01,261.49
August,7,6:30,2.27,0.29,0.1271,282.84,6.6,0.9,0.1358,305.29,53.64,1.15,0.0215,254.41,23.78,1.63,0.0686,255.48
August,7,7:00,8.02,0.59,0.0736,309.99,28.16,0.22,0.0079,273.05,89.82,0.73,0.0081,257.19,33.53,0.16,0.0049,270.08
August,7,7:30,16.0,1.1,0.0689,344.15,47.11,0.99,0.021,288.47,142.55,1.85,0.013,254.4,56.65,0.69,0.0121,278.56
August,7,8:00,41.36,0.39,0.0094,279.03,89.62,0.21,0.0023,290.84,282.47,2.12,0.0075,269.15,122.12,0.73,0.006,270.24
August,7,8:30,79.0,0.56,0.0071,295.0,129.13,0.99,0.0077,296.91,403.71,2.66,0.0066,302.59,172.55,1.0,0.0058,294.15
August,7,9:00,109.61,0.84,0.0077,304.71,203.13,0.67,0.0033,300.6,550.03,4.02,0.0073,306.85,241.54,1.23,0.0051,285.39
August,7,9:30,133.54,1.11,0.0083,313.5,230.34,0.78,0.0034,317.72,684.16,11.49,0.0168,306.36,303.23,4.28,0.0141,295.38
August,7,10:00,155.31,1.66,0.0107,313.15,294.83,1.09,0.0037,316.1,815.2,14.51,0.0178,320.3,361.35,4.44,0.0123,297.44
August,7,10:30,191.26,1.72,0.009,310.21,350.88,5.02,0.0143,327.95,882.62,22.95,0.026,329.04,388.69,8.98,0.0231,308.77
August,7,11:00,206.95,1.3,0.0063,313.09,357.31,4.39,0.0123,326.82,921.23,19.81,0.0215,332.56,419.61,5.25,0.0125,321.96
August,7,11:30,222.62,1.98,0.0089,320.28,409.69,4.92,0.012,332.9,937.57,12.84,0.0137,331.53,461.05,3.78,0.0082,316.0
August,7,12:00,225.93,1.58,0.007,308.97,435.71,2.79,0.0064,336.13,963.27,18.49,0.0192,335.96,480.5,6.97,0.0145,313.1
August,7,12:30,222.56,1.6,0.0072,321.78,449.64,3.96,0.0088,342.6,961.14,22.49,0.0234,336.14,472.47,5.2,0.011,321.91
August,7,13:00,219.69,1.96,0.0089,322.39,448.67,3.32,0.0074,335.76,911.8,13.31,0.0146,343.51,468.49,4.83,0.0103,321.64
August,7,13:30,221.47,1.0,0.0045,326.78,450.49,5.68,0.0126,343.81,921.78,12.81,0.0139,344.45,476.36,5.48,0.0115,322.23
August,7,14:00,227.41,1.73,0.0076,322.53,443.77,3.46,0.0078,339.99,912.64,9.95,0.0109,346.06,492.13,6.15,0.0125,325.34
August,7,14:30,225.59,2.01,0.0089,328.42,469.64,3.62,0.0077,338.78,916.82,13.29,0.0145,343.49,496.88,10.88,0.0219,328.02
August,7,15:00,229.19,3.0,0.0131,326.6,453.91,0.91,0.002,342.16,907.45,13.79,0.0152,345.84,493.56,5.92,0.012,326.65
August,7,15:30,230.28,9.05,0.0393,325.99,445.97,2.41,0.0054,342.83,893.62,32.71,0.0366,346.33,499.31,6.64,0.0133,325.79
August,7,16:00,225.32,4.06,0.018,333.65,421.58,1.9,0.0045,343.86,875.94,16.64,0.019,343.49,493.05,2.12,0.0043,324.56
August,7,16:30,218.72,1.18,0.0054,331.19,414.34,1.45,0.0035,341.28,856.98,8.48,0.0099,345.17,467.73,4.91,0.0105,321.33
August,7,17:00,193.91,1.67,0.0086,328.72,377.23,1.4,0.0037,345.76,828.07,5.96,0.0072,342.25,436.24,2.66,0.0061,327.26
August,7,17:30,145.67,1.11,0.0076,334.14,370.36,1.33,0.0036,348.74,751.24,2.25,0.003,345.84,393.66,2.09,0.0053,322.46
August,7,18:00,133.44,0.88,0.0066,324.48,344.8,1.55,0.0045,342.71,661.51,2.18,0.0033,344.15,342.08,1.13,0.0033,325.57
August,7,18:30,119.63,0.66,0.0055,339.57,330.76,3.57,0.0108,344.77,637.97,2.93,0.0046,344.25,314.93,0.94,0.003,316.99
August,7,19:00,74.04,0.49,0.0066,359.77,308.97,3.06,0.0099,341.85,562.36,1.69,0.003,335.49,277.7,2.08,0.0075,320.21
August,7,19:30,57.78,0.25,0.0043,327.68,272.8,1.53,0.0056,340.0,493.16,1.68,0.0034,341.19,254.16,3.51,0.0138,325.77
August,7,20:00,41.82,0.81,0.0193,315.91,227.44,1.84,0.0081,347.02,417.07,3.04,0.0073,341.65,210.55,3.01,0.0143,316.36
August,7,20:30,30.97,0.68,0.0219,312.22,208.94,0.56,0.0027,343.06,356.42,1.1,0.0031,341.94,184.34,1.95,0.0106,308.01
August,7,21:00,22.54,0.88,0.0389,343.48,178.65,1.02,0.0057,329.59,308.67,0.71,0.0023,337.56,151.56,3.33,0.022,321.08
August,7,21:30,16.58,0.31,0.0184,324.6,132.27,1.51,0.0114,332.81,246.01,0.47,0.0019,339.78,144.78,1.61,0.0111,312.38
August,7,22:00,14.72,0.34,0.0229,312.43,100.95,0.36,0.0036,324.83,207.1,0.39,0.0019,319.76,124.06,1.22,0.0098,314.28
August,7,22:30,11.52,2.07,0.1793,427.03,80.84,0.39,0.0048,315.9,159.1,0.54,0.0034,315.55,96.89,0.51,0.0053,304.32
August,7,23:00,9.17,0.93,0.1009,362.68,51.67,0.16,0.003,312.36,120.8,0.16,0.0013,306.24,66.73,0.29,0.0044,299.6
August,7,23:30,6.21,0.27,0.0432,292.91,42.2,0.08,0.002,302.9,86.69,0.16,0.0019,303.3,55.0,0.44,0.008,294.62
August,8,0:00,8.78,0.35,0.0399,644.12,59.37,1.1,0.0185,312.12,79.86,1.25,0.0156,318.4,64.79,0.95,0.0146,323.9
August,8,0:30,9.24,0.11,0.0122,356.7,33.95,0.56,0.0164,327.04,52.2,0.98,0.0187,318.75,43.38,0.18,0.0042,308.9
August,8,1:00,5.03,0.12,0.0242,395.85,13.39,0.55,0.0409,416.65,54.87,1.77,0.0322,317.18,33.07,0.2,0.0061,331.26
August,8,1:30,3.63,0.36,0.0997,520.79,10.93,0.31,0.0287,339.1,43.1,1.58,0.0366,286.28,24.24,0.8,0.033,364.8
August,8,2:00,3.05,0.14,0.047,681.14,6.31,0.01,0.001,386.1,28.32,0.82,0.0291,343.59,15.83,0.32,0.0203,358.84
August,8,2:30,2.68,0.02,0.0083,685.66,4.55,0.0,0.0,413.77,19.87,0.31,0.0158,361.22,12.22,0.31,0.0257,422.3
August,8,3:00,2.87,0.03,0.01,351.61,5.16,0.0,0.0,375.34,17.72,0.31,0.0173,404.21,5.24,0.19,0.036,434.53
August,8,3:30,2.68,0.01,0.0033,376.97,4.32,0.0,0.0,382.31,13.37,0.04,0.0032,402.42,4.4,0.37,0.0847,461.6
August,8,4:00,2.41,0.01,0.0033,237.57,3.99,0.02,0.005,307.37,12.82,0.06,0.005,440.32,3.09,0.21,0.0668,552.27
August,8,4:30,2.43,0.02,0.01,220.73,3.6,0.01,0.0025,250.53,11.73,0.08,0.0065,456.85,3.22,0.16,0.0507,484.5
August,8,5:00,2.58,0.03,0.01,213.98,3.21,0.01,0.0025,425.87,13.59,0.06,0.0047,406.69,4.67,0.12,0.0256,395.69
August,8,5:30,2.76,0.06,0.02,235.68,4.04,0.01,0.0025,247.35,14.95,0.12,0.0078,306.44,4.64,0.08,0.0173,396.6
August,8,6:00,3.46,0.02,0.005,238.59,5.44,0.09,0.0174,273.3,31.2,0.36,0.0115,267.29,12.23,0.27,0.022,237.57
August,8,6:30,2.62,0.13,0.0513,250.47,9.66,1.35,0.1397,280.46,48.35,0.68,0.014,259.6,21.21,0.91,0.043,261.64
August,8,7:00,7.78,0.18,0.0226,260.8,10.25,0.09,0.0083,274.76,90.61,0.44,0.0049,255.88,36.04,0.75,0.0209,258.22
August,8,7:30,12.13,0.41,0.0341,322.8,16.57,0.4,0.0244,304.15,140.77,1.34,0.0095,258.85,63.3,1.07,0.0169,275.58
August,8,8:00,46.43,0.16,0.0034,256.05,45.0,0.18,0.0039,299.36,278.64,1.5,0.0054,272.06,104.85,0.88,0.0084,271.02
August,8,8:30,71.19,0.14,0.0019,271.3,55.61,0.4,0.0072,295.45,365.57,1.39,0.0038,303.07,146.48,1.45,0.0099,306.34
August,8,9:00,103.95,0.73,0.007,283.5,169.24,0.78,0.0046,294.74,525.45,1.68,0.0032,299.97,235.8,2.48,0.0105,286.45
August,8,9:30,121.2,1.3,0.0107,284.86,211.55,1.02,0.0048,309.49,612.88,6.19,0.0101,309.7,289.11,3.7,0.0128,287.47
August,8,10:00,152.45,1.05,0.0069,278.68,278.55,1.31,0.0047,313.96,717.03,5.52,0.0077,310.2,345.03,3.55,0.0103,296.43
August,8,10:30,189.3,1.57,0.0083,281.82,308.28,3.95,0.0128,312.3,832.63,9.16,0.011,323.5,401.61,12.73,0.0317,302.33
August,8,11:00,208.4,1.54,0.0074,295.82,349.86,4.34,0.0124,324.43,851.77,7.67,0.009,325.16,433.28,9.32,0.0215,297.59
August,8,11:30,218.24,1.9,0.0087,300.69,414.37,5.68,0.0137,331.05,920.59,7.36,0.008,331.7,454.6,6.77,0.0149,302.19
August,8,12:00,240.91,2.46,0.0102,299.85,418.37,3.72,0.0089,324.17,954.68,10.41,0.0109,328.35,483.89,9.44,0.0195,302.7
August,8,12:30,243.8,3.46,0.0142,303.79,432.39,4.02,0.0093,330.08,970.97,12.72,0.0131,330.01,495.15,5.74,0.0116,296.83
August,8,13:00,243.45,3.65,0.015,307.23,484.82,3.98,0.0082,330.42,955.88,9.08,0.0095,332.04,486.19,5.98,0.0123,301.28
August,8,13:30,247.26,1.9,0.0077,302.49,505.98,5.82,0.0115,323.92,955.39,11.94,0.0125,332.43,487.84,6.2,0.0127,303.44
August,8,14:00,227.72,1.87,0.0082,308.34,522.88,4.6,0.0088,338.65,948.91,8.35,0.0088,334.47,503.98,6.25,0.0124,296.58
August,8,14:30,222.38,2.94,0.0132,301.95,509.76,4.38,0.0086,337.22,929.63,9.39,0.0101,336.53,527.56,16.2,0.0307,307.06
August,8,15:00,229.41,2.66,0.0116,302.63,485.44,1.5,0.0031,332.64,871.61,4.79,0.0055,344.0,497.97,14.14,0.0284,301.58
August,8,15:30,226.56,3.47,0.0153,301.65,489.49,4.31,0.0088,328.46,858.74,17.69,0.0206,340.81,470.88,30.61,0.065,299.02
August,8,16:00,207.8,0.91,0.0044,309.02,489.09,3.08,0.0063,332.72,844.99,8.2,0.0097,334.15,453.38,19.72,0.0435,313.75
August,8,16:30,197.16,0.59,0.003,303.18,438.43,1.75,0.004,340.33,742.26,4.16,0.0056,337.94,412.78,7.64,0.0185,307.9
August,8,17:00,186.5,1.81,0.0097,308.79,439.42,1.76,0.004,342.62,711.5,2.13,0.003,336.05,382.89,2.53,0.0066,304.26
August,8,17:30,170.92,1.18,0.0069,317.47,409.18,1.72,0.0042,335.34,713.05,2.07,0.0029,336.42,380.6,2.97,0.0078,299.57
August,8,18:00,167.28,0.99,0.0059,317.72,384.27,2.5,0.0065,335.04,644.46,1.8,0.0028,335.44,361.44,2.13,0.0059,303.62
August,8,18:30,132.26,0.63,0.0048,327.7,357.88,4.01,0.0112,331.92,567.05,3.23,0.0057,345.48,293.12,2.2,0.0075,310.14
August,8,19:00,100.43,0.47,0.0047,312.27,305.49,2.9,0.0095,331.07,504.7,1.77,0.0035,325.88,289.17,2.4,0.0083,305.64
August,8,19:30,79.89,0.44,0.0055,312.3,263.39,1.98,0.0075,317.01,456.84,1.83,0.004,321.09,256.04,6.71,0.0262,316.63
August,8,20:00,56.58,1.23,0.0217,288.35,234.0,2.36,0.0101,311.19,418.89,2.89,0.0069,332.17,217.57,6.48,0.0298,315.7
August,8,20:30,41.7,0.74,0.0177,283.15,206.38,1.09,0.0053,312.29,369.69,2.0,0.0054,341.63,197.02,2.56,0.013,304.89
August,8,21:00,31.24,1.29,0.0413,286.59,164.77,1.6,0.0097,308.81,329.75,0.96,0.0029,336.64,172.78,8.21,0.0475,315.27
August,8,21:30,24.01,0.66,0.0273,314.19,154.88,1.49,0.0096,307.49,254.21,0.64,0.0025,332.12,140.69,4.43,0.0315,320.34
August,8,22:00,20.27,0.39,0.0192,306.24,118.91,0.64,0.0054,304.93,215.77,0.63,0.0029,319.37,132.78,2.06,0.0155,307.1
August,8,22:30,16.81,2.45,0.1458,302.22,91.83,0.3,0.0033,317.29,172.11,1.12,0.0065,310.32,103.82,1.85,0.0178,300.71
August,8,23:00,13.28,1.51,0.1138,316.97,67.49,0.24,0.0035,291.78,142.45,0.47,0.0033,302.24,83.43,0.96,0.0115,312.03
August,8,23:30,8.07,0.27,0.0334,268.19,56.26,0.15,0.0026,298.41,124.59,0.4,0.0032,317.1,72.68,1.32,0.0181,295.3
August,9,0:00,12.39,0.3,0.024,626.47,37.47,0.55,0.0147,301.19,67.41,1.19,0.0177,335.19,56.51,1.01,0.0179,307.57
August,9,0:30,10.97,0.12,0.0108,366.42,31.46,0.23,0.0073,312.18,44.28,0.78,0.0177,346.27,37.95,0.17,0.0046,280.96
August,9,1:00,6.94,0.12,0.0173,368.57,13.32,0.04,0.0028,363.46,45.32,1.25,0.0275,319.15,28.39,0.28,0.0098,292.47
August,9,1:30,5.65,0.38,0.0672,504.53,9.37,0.0,0.0,329.47,35.35,1.05,0.0297,294.55,20.65,0.76,0.0366,325.59
August,9,2:00,4.09,0.12,0.0303,802.16,5.83,0.0,0.0,369.12,22.29,0.59,0.0263,335.3,11.96,0.59,0.0497,339.97
August,9,2:30,3.82,0.02,0.005,651.68,4.97,0.0,0.0,377.72,16.57,0.22,0.013,331.36,11.06,1.17,0.1059,442.87
August,9,3:00,4.07,0.02,0.005,348.17,6.23,0.0,0.0,331.99,16.67,0.23,0.014,368.49,3.51,0.12,0.034,461.52
August,9,3:30,3.71,0.0,0.0,364.68,4.23,0.0,0.0,373.47,12.0,0.03,0.0026,390.27,3.8,0.28,0.0738,363.73
August,9,4:00,3.19,0.0,0.0,244.22,4.09,0.0,0.0,369.96,12.05,0.07,0.0061,426.83,2.73,0.14,0.0504,413.02
August,9,4:30,3.35,0.03,0.01,223.01,3.59,0.0,0.0,299.27,10.17,0.08,0.008,438.66,2.8,0.15,0.0534,386.36
August,9,5:00,3.62,0.04,0.01,232.02,3.6,0.0,0.0,443.22,13.37,0.1,0.0072,380.03,4.14,0.06,0.0138,330.27
August,9,5:30,4.48,0.09,0.02,258.13,3.75,0.0,0.0,281.19,14.88,0.22,0.0146,301.92,3.84,0.05,0.0122,329.92
August,9,6:00,5.99,0.03,0.005,245.47,4.28,0.0,0.0,295.3,25.81,0.16,0.0061,274.78,10.49,0.27,0.0254,222.03
August,9,6:30,4.48,0.43,0.0958,259.18,9.27,0.57,0.0614,352.83,38.93,0.63,0.0163,262.41,17.53,0.53,0.0305,252.37
August,9,7:00,12.3,0.55,0.0447,296.34,9.45,0.07,0.0069,273.85,62.94,0.25,0.0039,261.43,28.19,0.37,0.0133,254.91
August,9,7:30,13.73,0.66,0.0478,336.99,14.68,0.42,0.0283,290.91,96.71,0.85,0.0088,256.81,50.42,0.66,0.0131,273.1
August,9,8:00,37.9,0.33,0.0087,259.24,24.26,0.07,0.0029,299.0,169.45,1.02,0.006,271.45,80.74,0.58,0.0072,273.5
August,9,8:30,56.57,0.14,0.0024,293.33,34.25,0.29,0.0085,302.17,246.24,1.08,0.0044,293.81,113.58,0.77,0.0068,308.58
August,9,9:00,72.95,0.18,0.0024,313.86,80.51,0.28,0.0035,306.79,327.8,1.67,0.0051,292.9,150.23,1.68,0.0112,296.91
August,9,9:30,86.78,0.5,0.0058,332.13,100.13,0.26,0.0026,324.71,405.19,4.42,0.0109,295.9,179.86,2.25,0.0125,292.92
August,9,10:00,98.86,0.43,0.0043,292.75,137.63,0.36,0.0026,307.11,470.69,3.86,0.0082,297.56,219.96,2.86,0.013,288.42
August,9,10:30,109.73,0.48,0.0044,302.5,156.49,2.36,0.0151,321.94,503.27,6.04,0.012,309.57,245.38,8.0,0.0326,293.76
August,9,11:00,117.4,0.58,0.0049,317.77,168.15,2.09,0.0124,309.38,511.02,5.52,0.0108,311.33,258.16,5.34,0.0207,298.55
August,9,11:30,121.02,0.56,0.0046,304.4,224.55,2.22,0.0099,307.08,539.96,4.91,0.0091,317.44,270.84,4.71,0.0174,300.23
August,9,12:00,122.76,0.55,0.0045,304.88,236.24,1.51,0.0064,316.22,570.05,6.9,0.0121,314.91,295.2,7.08,0.024,298.74
August,9,12:30,120.25,0.95,0.0079,310.97,264.36,2.33,0.0088,315.49,576.92,8.6,0.0149,317.21,301.93,4.17,0.0138,297.75
August,9,13:00,117.6,1.52,0.0129,303.53,299.45,2.07,0.0069,307.61,576.63,4.79,0.0083,326.81,295.3,3.1,0.0105,304.55
August,9,13:30,120.07,0.64,0.0053,302.92,304.0,3.28,0.0108,307.8,575.63,5.47,0.0095,322.59,306.15,3.77,0.0123,313.24
August,9,14:00,112.29,0.68,0.0061,310.83,348.2,2.26,0.0065,305.32,579.09,3.65,0.0063,326.78,311.52,3.43,0.011,308.58
August,9,14:30,112.72,1.74,0.0154,306.33,342.88,2.33,0.0068,313.3,567.15,4.82,0.0085,326.89,322.48,7.09,0.022,314.01
August,9,15:00,123.39,1.59,0.0129,312.82,338.68,0.88,0.0026,311.62,544.22,4.03,0.0074,332.08,305.39,4.73,0.0155,313.12
August,9,15:30,121.2,1.93,0.0159,299.5,352.88,2.22,0.0063,306.86,547.19,11.16,0.0204,326.51,306.4,13.27,0.0433,313.1
August,9,16:00,113.51,0.4,0.0035,292.93,363.83,1.71,0.0047,311.01,541.98,5.74,0.0106,325.79,292.51,8.01,0.0274,318.78
August,9,16:30,109.71,0.26,0.0024,297.71,322.34,1.22,0.0038,304.21,512.63,4.36,0.0085,329.6,286.8,4.33,0.0151,317.01
August,9,17:00,113.58,1.73,0.0152,305.22,321.39,1.16,0.0036,308.33,493.34,2.32,0.0047,329.91,262.45,1.36,0.0052,309.09
August,9,17:30,100.19,0.8,0.008,303.7,286.25,0.86,0.003,310.03,465.25,1.3,0.0028,327.26,251.23,1.46,0.0058,308.27
August,9,18:00,99.27,0.55,0.0055,304.45,271.04,0.98,0.0036,306.59,420.05,1.13,0.0027,327.21,237.6,1.4,0.0059,315.96
August,9,18:30,96.39,0.35,0.0036,330.54,244.85,2.5,0.0102,309.27,392.41,1.73,0.0044,335.4,209.15,1.23,0.0059,318.61
August,9,19:00,94.61,0.22,0.0023,330.69,213.03,1.87,0.0088,293.03,361.94,1.16,0.0032,327.55,210.81,2.21,0.0105,315.67
August,9,19:30,79.01,0.48,0.0061,303.17,199.76,1.0,0.005,308.92,381.43,1.34,0.0035,326.37,210.57,6.57,0.0312,328.3
August,9,20:00,67.22,2.18,0.0325,299.31,162.56,0.88,0.0054,303.42,334.54,2.07,0.0062,326.62,191.21,6.37,0.0333,319.75
August,9,20:30,46.53,0.99,0.0212,306.23,148.16,0.34,0.0023,304.39,296.57,1.48,0.005,325.32,173.05,2.3,0.0133,318.56
August,9,21:00,35.09,1.82,0.0519,298.55,128.56,0.57,0.0044,313.96,251.6,0.98,0.0039,321.81,140.87,7.76,0.0551,322.42
August,9,21:30,30.5,1.57,0.0515,311.63,110.84,0.71,0.0064,317.63,228.05,1.09,0.0048,319.38,116.07,3.38,0.0291,326.27
August,9,22:00,27.54,1.3,0.0471,318.72,101.51,0.28,0.0028,307.94,189.9,0.8,0.0042,316.54,109.52,1.6,0.0146,321.15
August,9,22:30,24.69,2.5,0.1013,309.47,84.2,0.36,0.0043,315.01,164.18,1.12,0.0068,308.91,98.4,1.34,0.0136,313.23
August,9,23:00,16.24,1.05,0.0645,345.08,72.38,0.12,0.0016,280.26,135.83,0.48,0.0035,295.51,78.97,1.08,0.0137,324.66
August,9,23:30,11.65,0.48,0.0413,256.03,60.05,0.04,0.0006,287.58,110.05,0.5,0.0045,289.46,65.67,1.78,0.0271,317.64
August,10,0:00,1.53,0.14,0.0928,516.68,12.82,0.16,0.0121,342.62,24.17,0.26,0.0108,310.56,16.09,0.23,0.0143,303.3
August,10,0:30,1.15,0.07,0.059,361.57,10.16,0.05,0.0045,307.9,20.02,0.26,0.0132,319.11,14.24,0.07,0.0049,284.56
August,10,1:00,0.69,0.1,0.1382,342.7,4.17,0.02,0.0043,369.43,15.66,0.24,0.0154,309.29,9.11,0.06,0.0069,293.27
August,10,1:30,0.62,0.19,0.3104,498.11,3.34,0.01,0.0044,335.67,11.62,0.17,0.0145,291.65,6.85,0.29,0.0419,328.87
August,10,2:00,0.71,0.03,0.047,1020.92,2.14,0.0,0.0014,305.8,7.37,0.42,0.0572,329.71,4.66,0.25,0.0546,340.1
August,10,2:30,0.66,0.0,0.005,662.57,1.66,0.0,0.0,352.16,5.77,0.19,0.0335,384.74,4.53,0.45,0.0994,488.85
August,10,3:00,0.6,0.0,0.005,341.43,1.65,0.02,0.01,354.54,6.36,0.18,0.0278,361.36,2.35,0.14,0.0598,483.57
August,10,3:30,0.61,0.0,0.005,364.15,1.13,0.0,0.0,499.44,4.29,0.04,0.0086,385.82,2.13,0.15,0.0721,327.4
August,10,4:00,0.54,0.0,0.0,241.98,1.1,0.0,0.0,302.27,4.21,0.09,0.0204,365.67,1.98,0.11,0.0564,360.14
August,10,4:30,0.58,0.0,0.0,207.77,1.22,0.0,0.0,292.23,3.6,0.03,0.0084,366.02,2.19,0.2,0.0933,367.88
August,10,5:00,0.66,0.0,0.0,209.1,1.07,0.0,0.0,369.64,4.37,0.04,0.0091,401.4,2.3,0.04,0.0187,335.63
August,10,5:30,0.79,0.0,0.005,257.85,1.35,0.01,0.0067,263.71,4.98,0.07,0.0146,292.69,2.27,0.03,0.0119,332.89
August,10,6:00,1.01,0.08,0.0825,232.2,1.57,0.14,0.0883,334.13,10.88,0.09,0.0081,252.44,4.85,0.1,0.02,235.67
August,10,6:30,0.85,0.11,0.1329,252.02,3.41,0.68,0.1997,376.05,16.86,0.17,0.0098,270.27,9.96,0.27,0.0275,257.59
August,10,7:00,2.44,0.13,0.0538,263.28,10.57,0.13,0.0124,293.03,30.84,0.06,0.0019,256.09,15.19,0.32,0.0209,272.23
August,10,7:30,3.57,0.19,0.0537,319.76,13.47,0.5,0.0373,287.86,51.92,0.21,0.004,262.28,23.69,0.34,0.0145,283.05
August,10,8:00,11.78,0.1,0.0087,268.83,27.72,0.19,0.0069,286.97,99.7,0.36,0.0036,278.93,45.1,0.29,0.0065,278.44
August,10,8:30,20.42,0.09,0.0042,297.44,41.75,0.33,0.0079,299.97,164.04,0.57,0.0035,290.58,66.22,0.54,0.0081,307.94
August,10,9:00,30.26,0.08,0.0025,297.04,69.8,0.25,0.0036,303.66,217.17,0.56,0.0026,304.2,102.23,0.74,0.0072,306.7
August,10,9:30,41.93,0.21,0.005,328.12,89.95,0.3,0.0033,324.04,281.99,3.3,0.0117,312.71,116.79,1.4,0.012,294.5
August,10,10:00,51.66,0.24,0.0047,305.1,120.8,0.63,0.0052,322.33,336.63,3.6,0.0107,314.29,146.2,1.59,0.0109,300.44
August,10,10:30,55.6,0.27,0.0049,314.19,139.48,2.22,0.0159,334.88,370.05,5.85,0.0158,324.54,152.09,3.8,0.025,309.17
August,10,11:00,57.17,0.19,0.0034,314.44,157.24,1.92,0.0122,333.54,402.6,4.71,0.0117,334.03,160.8,3.04,0.0189,312.88
August,10,11:30,57.91,0.23,0.0039,316.28,174.11,2.14,0.0123,335.35,407.2,4.4,0.0108,339.83,169.94,2.26,0.0133,313.06
August,10,12:00,59.96,0.22,0.0037,304.66,179.72,1.28,0.0071,326.92,419.95,4.75,0.0113,337.64,183.02,1.98,0.0108,316.98
August,10,12:30,60.48,0.22,0.0037,302.64,186.56,3.04,0.0163,331.08,418.21,6.15,0.0147,337.6,182.29,1.88,0.0103,313.85
August,10,13:00,60.39,0.56,0.0092,303.57,195.47,1.84,0.0094,332.14,413.18,4.5,0.0109,346.23,186.84,1.85,0.0099,316.98
August,10,13:30,63.06,0.44,0.007,321.49,192.81,2.58,0.0134,331.19,418.84,6.74,0.0161,345.33,187.81,7.42,0.0395,327.84
August,10,14:00,63.42,0.61,0.0096,320.95,218.72,3.08,0.0141,334.77,420.64,5.64,0.0134,349.06,194.84,9.08,0.0466,322.77
August,10,14:30,66.62,1.64,0.0246,324.53,214.64,2.64,0.0123,337.46,421.37,6.07,0.0144,347.47,196.16,23.17,0.1181,325.39
August,10,15:00,66.71,1.21,0.0181,325.51,211.94,1.23,0.0058,334.28,419.82,2.81,0.0067,344.24,198.25,18.02,0.0909,324.39
August,10,15:30,68.03,1.14,0.0168,326.31,217.09,1.3,0.006,333.08,418.84,6.07,0.0145,344.08,199.25,25.86,0.1298,324.32
August,10,16:00,62.4,0.21,0.0034,318.83,217.53,1.28,0.0059,332.53,416.59,2.0,0.0048,345.43,202.0,14.75,0.073,329.39
August,10,16:30,61.32,0.15,0.0025,317.12,207.59,1.27,0.0061,338.76,402.79,1.37,0.0034,344.82,198.15,5.55,0.028,331.04
August,10,17:00,55.76,0.52,0.0094,317.44,204.53,1.12,0.0055,344.2,382.25,1.83,0.0048,342.11,188.92,1.68,0.0089,330.27
August,10,17:30,53.8,0.42,0.0078,309.0,185.38,0.89,0.0048,338.26,362.11,1.77,0.0049,338.9,175.16,1.61,0.0092,330.1
August,10,18:00,43.04,0.3,0.007,302.92,170.31,1.04,0.0061,335.98,332.08,2.39,0.0072,343.09,159.37,0.84,0.0053,333.35
August,10,18:30,38.97,0.15,0.0038,324.25,165.37,1.17,0.0071,332.5,293.23,1.29,0.0044,346.02,153.5,0.86,0.0056,329.43
August,10,19:00,26.71,0.1,0.0037,339.25,141.36,1.17,0.0083,326.57,248.77,0.77,0.0031,346.6,144.74,1.01,0.007,325.59
August,10,19:30,21.08,0.17,0.0082,332.73,130.18,0.95,0.0073,334.53,226.67,1.25,0.0055,342.72,133.94,3.32,0.0248,335.67
August,10,20:00,15.85,0.4,0.0252,321.67,109.19,1.02,0.0093,333.53,199.91,2.2,0.011,349.23,121.77,2.91,0.0239,325.08
August,10,20:30,12.58,0.31,0.025,329.2,86.73,0.55,0.0063,322.78,168.93,1.4,0.0083,334.71,107.58,1.4,0.013,324.49
August,10,21:00,10.72,0.45,0.0419,323.43,71.5,0.42,0.0059,324.91,149.72,0.54,0.0036,339.63,86.58,2.61,0.0301,330.62
August,10,21:30,8.43,0.22,0.0261,322.65,66.76,0.39,0.0059,327.06,124.08,0.22,0.0018,330.53,63.36,1.22,0.0193,331.07
August,10,22:00,6.48,0.08,0.0124,315.98,53.33,0.14,0.0027,311.76,101.33,0.35,0.0035,327.04,60.13,0.79,0.0131,333.22
August,10,22:30,4.02,0.67,0.1662,318.68,38.46,0.13,0.0035,318.68,78.35,0.46,0.0059,322.41,51.75,0.75,0.0144,327.47
August,10,23:00,4.01,0.28,0.0687,304.62,31.25,0.06,0.0019,299.84,57.85,0.21,0.0036,313.4,39.6,0.29,0.0072,337.24
August,10,23:30,2.45,0.09,0.0381,332.22,23.86,0.03,0.0011,286.16,45.2,0.24,0.0052,330.23,32.21,0.33,0.0103,331.46
August,11,0:00,6.57,0.18,0.0267,544.95,42.51,0.6,0.0141,307.76,76.83,0.49,0.0064,313.73,50.81,0.38,0.0075,336.65
August,11,0:30,5.76,0.03,0.0048,376.74,30.29,0.17,0.0055,315.86,55.67,0.53,0.0096,320.34,30.94,0.04,0.0013,341.81
August,11,1:00,3.91,0.07,0.0189,377.99,12.47,0.11,0.0086,359.57,39.21,0.45,0.0114,326.62,25.57,0.03,0.0011,342.9
August,11,1:30,3.67,0.08,0.0205,336.36,6.99,0.09,0.0132,321.35,31.25,0.28,0.009,332.78,27.67,1.0,0.0363,366.09
August,11,2:00,3.04,0.04,0.012,333.41,5.03,0.03,0.0057,381.38,18.69,0.8,0.0427,299.19,19.61,1.07,0.0544,365.71
August,11,2:30,2.58,0.01,0.005,349.03,5.74,0.11,0.02,445.72,15.07,0.29,0.0192,276.38,14.02,0.2,0.0146,386.91
August,11,3:00,2.51,0.0,0.0,353.17,4.26,0.01,0.0029,505.54,15.91,0.8,0.0505,295.89,3.77,0.16,0.0428,406.34
August,11,3:30,2.42,0.0,0.0,231.35,3.23,0.02,0.0054,500.63,15.72,0.45,0.0285,332.02,2.61,0.11,0.0406,372.44
August,11,4:00,2.33,0.0,0.0,293.46,3.11,0.02,0.0079,374.4,11.9,0.38,0.0322,314.52,2.22,0.09,0.0398,399.99
August,11,4:30,2.3,0.0,0.0,272.5,3.21,0.02,0.0054,325.12,12.58,0.44,0.0346,341.45,2.47,0.1,0.0425,379.2
August,11,5:00,2.65,0.0,0.0,254.6,3.16,0.01,0.0029,277.0,12.11,0.34,0.0278,321.54,2.86,0.05,0.0166,292.97
August,11,5:30,2.35,0.0,0.0,382.34,3.34,0.22,0.065,445.89,18.6,0.46,0.0249,266.56,3.51,0.04,0.0109,298.6
August,11,6:00,2.33,0.0,0.0008,384.39,5.32,0.2,0.0383,390.75,30.74,0.15,0.005,286.97,16.9,0.28,0.0166,282.48
August,11,6:30,5.79,0.88,0.1515,371.4,9.14,2.81,0.3076,392.33,54.68,0.9,0.0164,259.93,21.94,1.34,0.0611,260.41
August,11,7:00,10.64,1.32,0.1242,336.2,28.31,1.02,0.036,290.04,92.4,0.43,0.0046,262.29,38.84,0.45,0.0116,264.84
August,11,7:30,15.75,2.06,0.1308,324.03,49.38,2.87,0.0581,287.69,159.12,1.59,0.01,259.51,76.4,0.99,0.0129,286.01
August,11,8:00,49.62,0.81,0.0164,280.37,90.14,0.57,0.0063,279.79,273.85,1.29,0.0047,282.83,131.39,1.5,0.0114,277.51
August,11,8:30,92.5,2.32,0.0251,293.49,140.36,1.66,0.0118,306.49,410.13,4.1,0.01,300.09,182.95,1.74,0.0095,301.69
August,11,9:00,127.61,1.2,0.0094,304.11,202.26,1.05,0.0052,306.03,593.06,4.33,0.0073,307.63,279.47,7.07,0.0253,294.52
August,11,9:30,156.1,1.26,0.0081,315.69,261.36,2.38,0.0091,336.84,720.2,17.14,0.0238,318.08,344.33,7.51,0.0218,305.36
August,11,10:00,177.16,0.8,0.0045,315.14,333.6,2.77,0.0083,340.9,871.56,14.29,0.0164,320.45,412.88,8.67,0.021,306.35
August,11,10:30,215.88,0.91,0.0042,320.06,353.0,8.19,0.0232,341.24,979.31,15.77,0.0161,330.03,442.65,12.62,0.0285,312.75
August,11,11:00,225.31,0.72,0.0032,330.68,378.17,3.37,0.0089,338.23,1009.96,12.32,0.0122,333.49,470.2,5.69,0.0121,323.66
August,11,11:30,238.88,0.98,0.0041,332.22,405.25,4.34,0.0107,335.77,1020.85,12.96,0.0127,335.82,512.22,6.61,0.0129,322.31
August,11,12:00,248.05,2.03,0.0082,319.24,462.42,3.24,0.007,336.44,1046.83,10.99,0.0105,337.39,523.51,5.76,0.011,321.13
August,11,12:30,239.03,1.91,0.008,321.48,471.84,4.81,0.0102,337.93,1037.54,13.07,0.0126,340.08,526.73,11.17,0.0212,322.3
August,11,13:00,242.31,3.0,0.0124,326.07,470.5,3.86,0.0082,331.26,1037.5,10.38,0.01,345.38,528.92,9.84,0.0186,322.53
August,11,13:30,245.5,1.23,0.005,331.96,481.93,6.27,0.013,336.77,1041.43,16.04,0.0154,342.83,530.43,28.7,0.0541,333.97
August,11,14:00,251.24,1.18,0.0047,326.66,516.58,3.93,0.0076,337.8,1035.82,12.33,0.0119,345.91,549.62,15.66,0.0285,330.06
August,11,14:30,250.13,2.2,0.0088,332.19,518.6,4.3,0.0083,340.57,1046.13,9.21,0.0088,347.65,552.09,13.8,0.025,329.78
August,11,15:00,254.35,3.08,0.0121,324.15,516.56,2.38,0.0046,335.8,1054.62,4.64,0.0044,347.96,544.97,7.25,0.0133,330.21
August,11,15:30,254.53,3.0,0.0118,329.5,509.68,2.91,0.0057,333.83,1045.4,3.76,0.0036,347.87,545.03,10.25,0.0188,326.56
August,11,16:00,250.26,0.93,0.0037,338.47,519.02,2.6,0.005,344.89,1025.98,2.05,0.002,346.65,543.84,4.24,0.0078,326.24
August,11,16:30,236.43,0.66,0.0028,333.21,488.01,1.66,0.0034,338.34,980.95,1.86,0.0019,349.69,522.17,3.76,0.0072,328.59
August,11,17:00,206.96,1.49,0.0072,330.11,491.67,1.72,0.0035,343.19,926.94,2.69,0.0029,351.27,485.97,2.62,0.0054,330.99
August,11,17:30,175.38,1.47,0.0084,339.28,459.3,2.8,0.0061,338.75,860.58,3.36,0.0039,348.76,440.6,2.69,0.0061,334.7
August,11,18:00,151.12,0.62,0.0041,326.26,421.96,3.33,0.0079,336.92,776.99,4.74,0.0061,347.43,398.88,2.83,0.0071,332.22
August,11,18:30,134.52,0.48,0.0036,335.85,363.13,1.71,0.0047,327.1,698.27,4.26,0.0061,345.1,376.57,1.51,0.004,334.13
August,11,19:00,89.89,0.29,0.0032,344.96,336.69,1.92,0.0057,333.63,619.78,2.91,0.0047,342.75,354.09,2.37,0.0067,325.87
August,11,19:30,68.29,0.44,0.0064,338.44,311.45,1.65,0.0053,333.22,554.35,4.27,0.0077,346.07,305.07,4.15,0.0136,337.31
August,11,20:00,51.14,1.52,0.0297,332.11,266.63,2.88,0.0108,336.66,469.39,6.85,0.0146,347.64,268.82,5.38,0.02,324.59
August,11,20:30,48.5,1.36,0.028,317.8,231.07,2.7,0.0117,331.45,394.51,5.52,0.014,343.72,244.77,4.43,0.0181,319.2
August,11,21:00,32.12,0.87,0.0271,319.73,191.84,2.07,0.0108,339.46,340.49,2.59,0.0076,344.02,195.6,5.09,0.026,328.01
August,11,21:30,24.23,0.44,0.0181,331.56,164.51,1.5,0.0091,333.42,275.11,0.85,0.0031,339.71,184.34,1.62,0.0088,315.17
August,11,22:00,19.19,0.37,0.0194,297.92,128.13,0.62,0.0048,304.05,253.6,1.14,0.0045,325.96,148.64,3.15,0.0212,322.17
August,11,22:30,16.88,3.71,0.2195,356.32,98.48,0.82,0.0083,306.15,192.88,1.27,0.0066,316.61,114.89,0.94,0.0082,322.64
August,11,23:00,12.52,1.46,0.1167,350.13,72.18,0.66,0.0091,336.38,158.09,0.55,0.0035,308.9,85.7,0.45,0.0053,314.18
August,11,23:30,8.76,0.92,0.105,310.3,54.2,0.36,0.0067,312.52,117.43,0.19,0.0016,338.51,69.52,0.4,0.0057,318.91
August,12,0:00,4.54,0.09,0.0204,347.4,28.78,0.54,0.0186,320.09,53.76,0.48,0.0089,319.61,36.74,0.23,0.0062,305.59
August,12,0:30,4.07,0.01,0.0033,350.03,23.61,0.28,0.012,346.17,41.09,0.37,0.009,319.55,27.7,0.04,0.0013,310.93
August,12,1:00,2.78,0.03,0.01,432.83,8.77,0.11,0.0128,425.52,32.8,0.39,0.0119,307.95,23.42,0.03,0.0011,304.16
August,12,1:30,2.51,0.02,0.0067,318.03,6.7,0.03,0.0043,370.05,27.69,0.43,0.0156,316.02,25.18,0.8,0.0317,307.96
August,12,2:00,2.25,0.0,0.0,306.4,5.18,0.02,0.0029,354.6,25.28,0.86,0.0342,284.11,18.3,0.46,0.0253,297.12
August,12,2:30,1.78,0.0,0.0,388.92,3.55,0.02,0.0057,393.58,23.98,0.52,0.0216,245.36,15.24,0.15,0.0096,330.66
August,12,3:00,1.61,0.0,0.0,297.48,3.46,0.0,0.0,415.36,12.92,0.22,0.0167,262.08,4.25,0.08,0.0186,400.24
August,12,3:30,1.73,0.0,0.0,305.85,2.27,0.0,0.0,424.8,10.91,0.11,0.0104,314.07,1.82,0.02,0.0118,312.05
August,12,4:00,1.65,0.0,0.0,463.83,2.68,0.0,0.0,301.81,9.02,0.25,0.0272,285.36,1.37,0.01,0.0061,272.48
August,12,4:30,1.77,0.0,0.0,381.08,2.16,0.0,0.0,303.62,9.53,0.17,0.0183,325.23,1.66,0.02,0.0141,316.04
August,12,5:00,2.09,0.0,0.0,332.97,2.1,0.0,0.0,265.35,10.61,0.08,0.008,296.97,1.81,0.01,0.0028,279.85
August,12,5:30,2.03,0.0,0.0,619.92,3.08,0.0,0.0,365.82,10.67,0.16,0.0149,313.11,1.89,0.0,0.0026,267.32
August,12,6:00,2.01,0.0,0.0,567.56,5.28,0.11,0.0217,309.52,25.81,0.19,0.0075,259.25,13.24,0.07,0.0055,276.4
August,12,6:30,2.23,0.3,0.134,412.75,6.08,1.31,0.2148,310.99,52.32,0.94,0.018,251.59,24.41,2.04,0.0837,270.72
August,12,7:00,8.27,0.39,0.0467,315.58,25.78,0.34,0.013,267.34,82.12,0.41,0.005,265.84,35.15,0.36,0.0102,268.93
August,12,7:30,11.19,0.58,0.0522,359.9,43.22,1.74,0.0402,284.41,134.5,0.52,0.0039,260.05,59.63,0.69,0.0116,292.15
August,12,8:00,41.1,1.11,0.027,286.72,78.93,0.24,0.0031,279.75,251.62,0.53,0.0021,276.03,123.97,1.26,0.0102,286.41
August,12,8:30,79.87,1.86,0.0233,304.55,119.5,0.66,0.0055,291.74,377.77,1.44,0.0038,294.4,160.39,1.35,0.0084,293.48
August,12,9:00,109.68,1.0,0.0091,298.94,175.15,0.53,0.003,294.98,540.85,2.0,0.0037,308.29,243.89,6.8,0.0279,292.32
August,12,9:30,148.07,1.44,0.0097,316.33,224.62,0.9,0.004,311.48,677.13,7.99,0.0118,315.41,297.49,6.81,0.0229,302.08
August,12,10:00,158.16,0.7,0.0044,310.61,280.11,0.98,0.0035,310.28,821.93,8.63,0.0105,322.79,374.42,8.27,0.0221,296.78
August,12,10:30,186.11,0.69,0.0037,318.52,313.73,4.05,0.0129,331.18,885.0,13.01,0.0147,326.65,387.44,9.65,0.0249,302.94
August,12,11:00,178.89,0.55,0.0031,328.16,339.57,2.31,0.0068,330.05,937.37,9.56,0.0102,331.81,423.13,4.95,0.0117,313.22
August,12,11:30,189.19,0.89,0.0047,328.07,364.18,3.28,0.009,331.01,956.4,8.99,0.0094,333.67,465.33,5.63,0.0121,310.68
August,12,12:00,193.67,1.28,0.0066,324.91,406.53,2.36,0.0058,336.87,978.8,8.32,0.0085,335.14,498.09,4.68,0.0094,313.23
August,12,12:30,191.56,1.49,0.0078,324.3,399.7,3.76,0.0094,343.7,972.24,12.54,0.0129,338.8,481.03,10.2,0.0212,320.69
August,12,13:00,195.63,1.96,0.01,326.26,415.16,3.32,0.008,332.74,975.05,10.14,0.0104,342.96,478.63,10.91,0.0228,321.42
August,12,13:30,202.81,0.83,0.0041,328.21,439.05,6.67,0.0152,340.31,968.64,13.17,0.0136,344.51,474.9,23.56,0.0496,332.29
August,12,14:00,209.53,0.42,0.002,329.72,459.59,4.0,0.0087,333.69,969.39,6.01,0.0062,347.18,498.79,11.57,0.0232,333.64
August,12,14:30,209.69,0.94,0.0045,333.97,466.53,3.5,0.0075,341.57,983.7,9.44,0.0096,350.67,502.47,10.75,0.0214,335.33
August,12,15:00,197.76,1.5,0.0076,320.23,456.42,1.23,0.0027,337.07,980.59,3.33,0.0034,352.45,490.46,6.18,0.0126,332.05
August,12,15:30,205.06,1.95,0.0095,319.66,444.48,2.0,0.0045,337.99,975.18,2.54,0.0026,349.65,502.64,6.28,0.0125,329.4
August,12,16:00,199.34,0.4,0.002,330.87,445.17,2.18,0.0049,340.06,952.31,2.1,0.0022,354.16,499.24,3.29,0.0066,329.54
August,12,16:30,192.25,0.31,0.0016,329.36,418.63,1.34,0.0032,333.66,893.72,1.7,0.0019,353.74,482.05,2.12,0.0044,325.64
August,12,17:00,175.5,0.84,0.0048,325.44,382.4,1.45,0.0038,339.96,850.93,2.04,0.0024,354.53,459.68,1.61,0.0035,330.98
August,12,17:30,147.56,1.34,0.0091,328.41,372.92,1.75,0.0047,343.1,788.23,4.49,0.0057,353.31,410.17,2.13,0.0052,329.07
August,12,18:00,125.85,0.44,0.0035,322.34,317.11,1.87,0.0059,336.09,714.77,5.15,0.0072,352.99,374.48,2.36,0.0063,329.23
August,12,18:30,115.72,0.58,0.005,342.2,302.54,1.82,0.006,331.51,660.64,2.91,0.0044,348.87,335.84,1.48,0.0044,318.66
August,12,19:00,67.24,0.18,0.0027,347.76,291.41,2.21,0.0076,338.78,559.54,1.73,0.0031,344.19,313.01,1.85,0.0059,323.75
August,12,19:30,59.05,0.3,0.005,342.09,268.15,1.72,0.0064,340.34,494.33,3.31,0.0067,347.43,285.44,4.14,0.0145,329.13
August,12,20:00,43.05,1.14,0.0264,325.4,231.53,3.03,0.0131,348.82,431.71,2.55,0.0059,346.66,267.89,6.27,0.0234,314.33
August,12,20:30,40.65,1.21,0.0298,319.71,209.63,2.49,0.0119,335.24,373.89,1.5,0.004,343.6,220.13,4.47,0.0203,315.2
August,12,21:00,26.86,0.67,0.025,346.94,169.35,2.08,0.0123,332.95,308.06,0.71,0.0023,342.64,176.66,4.88,0.0276,316.49
August,12,21:30,20.49,0.2,0.0098,353.39,137.56,1.13,0.0082,340.68,239.37,0.45,0.0019,345.88,162.34,1.67,0.0103,300.96
August,12,22:00,15.75,0.14,0.0086,358.35,109.66,0.49,0.0045,307.15,240.28,2.4,0.01,338.91,137.06,2.49,0.0182,312.63
August,12,22:30,12.07,1.78,0.1478,382.19,92.18,0.51,0.0055,298.89,162.59,0.93,0.0057,324.31,107.2,0.91,0.0085,305.68
August,12,23:00,11.44,0.99,0.0862,318.17,58.62,0.4,0.0069,334.06,134.88,0.28,0.0021,306.97,79.13,0.51,0.0065,298.1
August,12,23:30,8.91,0.9,0.1009,340.79,45.2,0.17,0.0038,301.8,97.08,0.18,0.0019,326.92,65.81,0.36,0.0054,291.62
August,13,0:00,4.61,0.38,0.0828,430.84,29.58,0.24,0.0082,305.07,64.7,0.56,0.0087,321.21,38.52,0.34,0.0088,328.93
August,13,0:30,4.34,0.22,0.0498,432.7,22.1,0.17,0.0077,317.01,42.13,0.29,0.0069,309.77,29.12,0.08,0.0026,310.06
August,13,1:00,2.79,0.34,0.122,351.8,8.16,0.03,0.0039,401.69,31.9,0.18,0.0057,314.42,21.21,0.07,0.0032,336.04
August,13,1:30,2.32,0.6,0.2578,387.65,6.01,0.01,0.0011,356.33,25.45,0.16,0.0062,303.57,16.18,0.35,0.0214,345.9
August,13,2:00,1.82,0.11,0.0617,997.87,3.72,0.0,0.0005,375.56,16.81,0.28,0.0167,317.11,10.25,0.47,0.0461,317.62
August,13,2:30,1.84,0.02,0.0092,433.2,3.1,0.0,0.0005,385.14,14.18,0.12,0.0085,374.12,10.05,0.18,0.0183,303.73
August,13,3:00,1.81,0.01,0.0067,328.28,3.81,0.0,0.0,329.69,12.94,0.34,0.0262,396.16,3.31,0.06,0.0187,379.92
August,13,3:30,1.84,0.01,0.0067,299.61,2.94,0.0,0.0,347.92,13.21,0.01,0.0006,346.63,2.27,0.06,0.025,428.12
August,13,4:00,1.72,0.0,0.0,265.38,2.66,0.0,0.0,327.94,11.01,0.04,0.0034,374.52,1.6,0.01,0.0082,498.21
August,13,4:30,1.65,0.0,0.0,248.97,2.39,0.0,0.0,307.66,8.9,0.05,0.0055,353.53,1.88,0.01,0.0057,404.79
August,13,5:00,1.82,0.0,0.0,250.72,2.38,0.01,0.0033,498.61,10.35,0.08,0.008,483.39,2.46,0.02,0.0083,392.07
August,13,5:30,2.01,0.0,0.0,298.17,2.99,0.02,0.0067,355.05,13.54,0.07,0.0051,373.25,2.86,0.01,0.0043,398.78
August,13,6:00,2.64,0.24,0.09,281.72,4.5,0.02,0.0053,300.42,25.51,0.16,0.0061,263.7,10.46,0.04,0.004,234.89
August,13,6:30,2.11,0.12,0.0558,292.46,6.17,0.65,0.106,337.62,54.21,0.56,0.0103,257.77,23.48,1.79,0.0761,251.75
August,13,7:00,8.2,0.35,0.0421,336.14,23.91,0.15,0.0062,268.47,83.72,0.49,0.0058,255.58,35.53,0.54,0.0152,265.12
August,13,7:30,18.73,0.66,0.0352,343.1,42.93,1.8,0.0419,284.69,141.34,1.72,0.0122,252.31,57.24,1.13,0.0198,277.27
August,13,8:00,42.77,0.37,0.0087,278.47,78.25,0.38,0.0049,286.58,256.07,0.95,0.0037,278.81,114.52,0.42,0.0037,266.16
August,13,8:30,76.63,0.51,0.0067,300.37,120.48,0.94,0.0078,299.16,383.47,0.84,0.0022,301.04,167.73,0.82,0.0049,301.91
August,13,9:00,112.66,0.77,0.0068,304.25,191.36,0.59,0.0031,304.26,539.74,1.51,0.0028,311.3,239.67,2.61,0.0109,291.85
August,13,9:30,133.21,1.17,0.0088,317.04,219.99,0.81,0.0037,320.48,658.52,2.24,0.0034,314.8,289.66,5.36,0.0185,302.29
August,13,10:00,150.1,1.28,0.0085,311.85,267.86,0.64,0.0024,316.95,748.89,3.07,0.0041,322.86,349.72,4.86,0.0139,300.49
August,13,10:30,182.06,1.33,0.0073,312.26,328.28,4.63,0.0141,329.41,857.46,6.0,0.007,331.78,381.85,10.16,0.0266,304.46
August,13,11:00,187.5,1.26,0.0067,313.23,329.75,3.46,0.0105,329.15,885.99,4.25,0.0048,339.31,409.59,7.5,0.0183,319.71
August,13,11:30,196.15,1.69,0.0086,319.91,383.39,5.6,0.0146,332.03,938.5,8.73,0.0093,342.07,458.58,4.68,0.0102,310.82
August,13,12:00,199.18,1.37,0.0069,310.62,389.75,4.44,0.0114,336.71,994.71,17.21,0.0173,340.74,484.11,10.46,0.0216,311.7
August,13,12:30,195.48,1.08,0.0055,319.06,381.78,3.44,0.009,341.27,970.81,10.29,0.0106,345.93,465.7,6.19,0.0133,318.25
August,13,13:00,196.9,2.11,0.0107,325.82,390.64,4.18,0.0107,334.52,938.94,6.67,0.0071,345.9,447.9,5.29,0.0118,318.56
August,13,13:30,202.92,0.91,0.0045,323.85,409.7,5.86,0.0143,345.44,938.16,6.66,0.0071,346.55,453.44,5.08,0.0112,326.55
August,13,14:00,206.17,1.28,0.0062,322.4,414.36,2.4,0.0058,340.43,953.46,6.1,0.0064,347.96,467.19,4.91,0.0105,328.46
August,13,14:30,211.44,1.82,0.0086,328.34,438.31,2.54,0.0058,338.76,953.99,8.59,0.009,350.28,477.57,8.36,0.0175,335.12
August,13,15:00,198.46,2.12,0.0107,320.04,421.96,0.93,0.0022,344.11,944.16,3.21,0.0034,354.0,468.29,6.65,0.0142,333.93
August,13,15:30,201.61,3.75,0.0186,320.01,414.09,1.82,0.0044,344.22,938.16,3.28,0.0035,350.32,478.07,25.05,0.0524,330.23
August,13,16:00,196.18,1.8,0.0092,333.72,390.4,1.44,0.0037,344.04,921.87,2.12,0.0023,349.17,471.06,15.31,0.0325,328.42
August,13,16:30,192.04,0.86,0.0045,330.81,387.43,1.2,0.0031,339.71,877.41,2.9,0.0033,349.2,438.57,5.13,0.0117,323.49
August,13,17:00,182.39,1.57,0.0086,320.92,351.02,1.23,0.0035,344.29,838.99,2.35,0.0028,346.48,412.12,2.51,0.0061,333.13
August,13,17:30,145.8,1.2,0.0082,328.83,346.5,1.28,0.0037,351.32,764.78,2.37,0.0031,347.8,364.92,2.55,0.007,320.08
August,13,18:00,126.58,0.96,0.0076,319.9,321.11,1.35,0.0042,343.63,705.36,2.05,0.0029,353.06,328.0,1.77,0.0054,323.37
August,13,18:30,113.3,0.76,0.0067,335.69,307.05,1.97,0.0064,344.47,638.22,4.15,0.0065,354.06,303.62,1.52,0.005,313.82
August,13,19:00,69.9,0.5,0.0072,354.59,289.54,2.17,0.0075,338.23,545.84,2.89,0.0053,347.08,284.85,2.62,0.0092,327.02
August,13,19:30,55.38,0.28,0.0051,325.25,259.62,1.32,0.0051,332.92,481.94,2.55,0.0053,355.45,256.7,4.47,0.0174,331.35
August,13,20:00,42.47,0.66,0.0156,315.56,223.66,1.57,0.007,342.64,413.28,2.48,0.006,349.6,227.34,5.68,0.025,317.48
August,13,20:30,32.67,0.71,0.0216,302.44,201.7,0.95,0.0047,339.57,348.99,2.58,0.0074,340.58,210.97,2.38,0.0113,314.72
August,13,21:00,27.45,0.8,0.0293,317.81,168.86,0.71,0.0042,330.34,305.74,1.25,0.0041,339.63,161.81,7.44,0.046,325.76
August,13,21:30,18.81,0.13,0.007,321.39,123.9,0.31,0.0025,344.29,236.04,1.23,0.0052,340.37,147.53,3.95,0.0268,312.98
August,13,22:00,13.78,0.04,0.0029,303.48,102.33,0.46,0.0045,331.51,218.62,1.11,0.0051,321.75,128.94,1.93,0.015,318.61
August,13,22:30,11.47,1.54,0.1345,389.66,82.89,0.38,0.0046,320.32,152.9,1.04,0.0068,320.14,93.76,1.08,0.0115,311.57
August,13,23:00,9.94,0.94,0.0946,351.44,57.15,0.47,0.0082,316.24,138.26,0.44,0.0032,323.28,78.08,0.8,0.0102,315.66
August,13,23:30,7.36,0.1,0.0135,286.62,41.5,0.14,0.0033,304.97,95.83,0.45,0.0047,328.61,56.67,1.21,0.0213,298.15
August,14,0:00,4.17,0.02,0.0054,370.11,29.59,0.44,0.0149,301.7,56.27,0.47,0.0083,317.48,41.16,0.59,0.0144,324.13
August,14,0:30,4.06,0.01,0.0035,261.91,21.61,0.19,0.0086,303.96,39.82,0.19,0.0047,315.45,27.39,0.09,0.0034,304.94
August,14,1:00,2.71,0.04,0.0156,351.82,7.7,0.05,0.0067,373.64,34.59,0.28,0.0082,292.49,19.82,0.13,0.0067,335.13
August,14,1:30,2.61,0.12,0.0455,287.01,6.31,0.05,0.0074,331.58,26.67,0.18,0.0069,324.94,16.15,0.39,0.0243,348.8
August,14,2:00,1.83,0.06,0.0353,326.04,3.79,0.0,0.0,362.87,18.32,0.21,0.0115,287.76,13.6,0.2,0.0146,345.99
August,14,2:30,1.86,0.02,0.0083,343.41,3.09,0.0,0.0,407.96,16.15,0.22,0.0139,320.82,9.76,0.15,0.0158,341.07
August,14,3:00,1.76,0.04,0.0233,312.67,3.56,0.0,0.0,359.37,11.26,0.16,0.0141,356.73,3.22,0.1,0.031,432.33
August,14,3:30,1.85,0.01,0.0067,222.45,2.64,0.0,0.0,363.92,10.68,0.03,0.0027,351.86,2.5,0.15,0.058,487.97
August,14,4:00,1.66,0.01,0.0033,231.62,2.77,0.0,0.0,273.41,9.57,0.05,0.0055,389.45,1.77,0.06,0.0322,581.2
August,14,4:30,1.73,0.0,0.0,239.18,2.7,0.0,0.0,296.29,9.28,0.06,0.0065,346.72,1.8,0.04,0.0209,479.55
August,14,5:00,1.83,0.0,0.0,230.12,2.65,0.0,0.0,438.26,10.38,0.08,0.008,347.99,3.02,0.06,0.0204,419.6
August,14,5:30,1.82,0.0,0.0,314.81,2.82,0.0,0.0,311.29,10.1,0.04,0.0038,314.04,3.03,0.05,0.0155,402.9
August,14,6:00,2.5,0.01,0.005,265.43,4.43,0.0,0.0,318.31,27.58,0.09,0.0031,262.59,8.9,0.11,0.0125,248.68
August,14,6:30,2.09,0.15,0.074,278.09,5.58,0.7,0.125,360.82,51.29,0.46,0.009,251.13,22.27,1.45,0.0652,244.42
August,14,7:00,8.82,0.25,0.0286,331.77,27.6,0.1,0.0037,256.02,84.67,0.27,0.0032,261.03,39.58,0.56,0.0142,259.51
August,14,7:30,12.72,0.31,0.0246,341.43,42.72,1.17,0.0274,274.07,142.9,0.81,0.0057,254.36,58.21,0.59,0.0101,276.63
August,14,8:00,44.49,0.18,0.004,280.47,81.56,0.29,0.0036,275.13,266.59,0.51,0.0019,272.12,113.23,0.43,0.0038,268.06
August,14,8:30,80.02,0.26,0.0032,299.0,116.29,0.7,0.006,301.21,385.96,0.85,0.0022,302.04,174.57,1.54,0.0088,302.03
August,14,9:00,117.76,0.8,0.0068,302.04,185.13,0.48,0.0026,302.65,556.62,1.5,0.0027,305.23,244.44,3.45,0.0141,289.27
August,14,9:30,141.18,1.19,0.0084,316.88,212.16,0.55,0.0026,317.28,668.25,3.61,0.0054,304.75,300.81,4.63,0.0154,299.52
August,14,10:00,153.48,0.98,0.0064,314.18,263.3,1.24,0.0047,312.44,757.21,4.24,0.0056,321.09,346.57,3.99,0.0115,296.75
August,14,10:30,189.87,1.31,0.0069,312.42,320.6,4.33,0.0135,326.44,832.76,6.16,0.0074,326.13,384.77,11.04,0.0287,313.36
August,14,11:00,193.49,1.24,0.0064,313.68,323.23,4.36,0.0135,325.84,897.37,3.5,0.0039,332.51,411.02,7.81,0.019,320.91
August,14,11:30,204.86,1.74,0.0085,320.17,361.73,5.46,0.0151,332.67,929.59,2.97,0.0032,336.23,441.29,6.35,0.0144,314.05
August,14,12:00,208.15,1.81,0.0087,311.56,387.18,3.1,0.008,337.12,954.91,5.44,0.0057,337.66,461.67,12.42,0.0269,312.78
August,14,12:30,203.48,1.3,0.0064,320.54,375.42,2.29,0.0061,341.55,952.85,6.29,0.0066,337.14,447.3,6.71,0.015,322.83
August,14,13:00,205.04,2.36,0.0115,329.77,386.12,2.09,0.0054,334.83,919.51,6.34,0.0069,341.14,439.59,6.11,0.0139,319.49
August,14,13:30,206.7,0.95,0.0046,326.86,408.86,4.17,0.0102,345.14,915.69,8.42,0.0092,342.03,452.04,6.06,0.0134,324.41
August,14,14:00,211.81,1.33,0.0063,325.47,406.04,4.3,0.0106,341.41,929.58,4.74,0.0051,343.08,465.92,5.54,0.0119,326.66
August,14,14:30,224.74,1.91,0.0085,331.39,432.25,4.54,0.0105,340.11,928.53,5.29,0.0057,342.95,475.33,7.42,0.0156,331.31
August,14,15:00,208.94,2.17,0.0104,320.26,414.17,1.08,0.0026,343.97,916.94,2.75,0.003,344.47,467.69,6.13,0.0131,329.09
August,14,15:30,208.57,2.79,0.0134,319.32,405.7,2.07,0.0051,345.53,904.55,3.53,0.0039,345.44,465.21,25.26,0.0543,331.65
August,14,16:00,203.54,1.16,0.0057,336.52,382.93,1.46,0.0038,346.89,901.19,1.89,0.0021,343.47,479.3,16.97,0.0354,324.04
August,14,16:30,200.44,0.88,0.0044,333.24,375.31,1.16,0.0031,339.12,874.86,2.8,0.0032,345.27,439.7,6.86,0.0156,320.61
August,14,17:00,191.4,1.61,0.0084,324.2,342.99,1.58,0.0046,344.76,825.03,2.64,0.0032,343.05,411.63,2.92,0.0071,329.35
August,14,17:30,150.02,1.04,0.0069,329.05,334.85,1.51,0.0045,349.9,742.73,2.38,0.0032,344.01,357.48,2.72,0.0076,322.84
August,14,18:00,132.49,0.85,0.0064,318.35,308.01,1.66,0.0054,344.15,675.81,2.23,0.0033,343.45,323.88,2.01,0.0062,324.89
August,14,18:30,115.98,0.73,0.0063,337.33,302.58,2.54,0.0084,346.63,620.49,3.54,0.0057,345.48,297.98,1.91,0.0064,316.58
August,14,19:00,73.89,0.39,0.0053,358.76,283.5,2.49,0.0088,334.95,549.28,2.14,0.0039,337.48,270.82,2.14,0.0079,319.17
August,14,19:30,58.22,0.27,0.0047,327.62,247.59,1.34,0.0054,332.4,476.43,2.29,0.0048,344.22,251.05,3.44,0.0137,320.62
August,14,20:00,41.85,0.41,0.0098,315.84,209.38,1.44,0.0069,340.72,404.29,3.96,0.0098,343.45,195.24,3.94,0.0202,311.27
August,14,20:30,31.13,0.39,0.0126,297.52,197.2,0.57,0.0029,339.46,352.85,1.52,0.0043,342.93,182.6,1.75,0.0096,304.2
August,14,21:00,20.36,0.41,0.0203,314.62,164.37,0.79,0.0048,327.54,299.21,0.57,0.0019,338.86,149.75,9.73,0.065,322.0
August,14,21:30,16.55,0.11,0.0064,313.95,122.86,0.84,0.0068,329.23,237.28,0.43,0.0018,341.97,138.29,4.65,0.0336,314.11
August,14,22:00,14.38,0.05,0.0036,302.16,89.74,0.27,0.003,320.47,204.23,0.31,0.0015,322.66,122.35,1.97,0.0161,318.15
August,14,22:30,11.25,1.52,0.1352,405.69,75.54,0.32,0.0043,316.66,155.78,0.97,0.0062,320.55,93.11,1.4,0.015,310.49
August,14,23:00,10.46,1.08,0.1028,368.0,49.37,0.14,0.0029,309.6,120.65,0.36,0.003,316.16,66.82,0.83,0.0124,303.69
August,14,23:30,8.39,0.12,0.0138,291.27,38.45,0.07,0.0019,295.37,86.48,0.32,0.0037,313.93,51.36,1.32,0.0257,283.7
August,15,0:00,8.26,0.37,0.0453,935.52,49.2,0.26,0.0052,317.51,83.52,1.06,0.0127,319.37,81.54,1.26,0.0154,326.77
August,15,0:30,7.62,0.06,0.0083,381.09,33.55,0.16,0.0048,314.64,51.09,0.84,0.0164,319.43,53.35,0.2,0.0038,315.7
August,15,1:00,6.51,0.08,0.012,391.91,11.8,0.03,0.0026,405.01,53.07,2.08,0.0392,316.15,38.48,0.19,0.0049,326.18
August,15,1:30,5.83,0.3,0.0508,536.52,10.8,0.04,0.0036,318.02,42.89,1.45,0.0337,325.7,26.37,1.06,0.0403,354.11
August,15,2:00,3.99,0.07,0.0183,620.34,6.88,0.01,0.0012,300.37,31.69,1.4,0.0442,282.41,22.96,0.68,0.0298,352.43
August,15,2:30,3.68,0.0,0.0,597.36,5.33,0.0,0.0,278.55,26.91,0.87,0.0323,290.68,12.4,0.44,0.0357,396.7
August,15,3:00,3.19,0.01,0.0017,277.69,6.37,0.0,0.0,328.85,18.14,1.08,0.0598,316.21,6.23,0.39,0.0624,442.88
August,15,3:30,3.41,0.0,0.0,312.85,3.41,0.0,0.0,419.36,14.23,0.18,0.0128,357.0,5.55,0.67,0.1215,457.32
August,15,4:00,3.21,0.0,0.0,297.91,3.92,0.0,0.0,252.5,12.53,0.16,0.0128,335.1,4.36,0.47,0.1073,520.18
August,15,4:30,3.5,0.04,0.01,249.32,3.8,0.0,0.0,290.29,12.2,0.18,0.0151,357.42,4.54,0.34,0.0753,503.82
August,15,5:00,4.32,0.04,0.01,235.78,3.67,0.0,0.0,302.91,13.76,0.13,0.0097,370.68,8.35,0.4,0.0474,437.34
August,15,5:30,4.12,0.08,0.02,303.27,4.48,0.02,0.005,224.95,13.61,0.17,0.0128,295.4,7.79,0.14,0.0176,422.03
August,15,6:00,5.03,0.03,0.0067,310.05,5.93,0.08,0.0133,251.57,31.9,0.13,0.0042,285.57,13.72,0.53,0.0388,284.4
August,15,6:30,3.85,0.25,0.0647,330.55,9.19,1.78,0.1938,279.8,49.03,0.76,0.0155,256.31,23.02,1.37,0.0597,281.62
August,15,7:00,10.63,0.18,0.0168,287.75,10.66,0.05,0.0049,273.8,86.23,0.27,0.0031,262.04,40.31,1.42,0.0353,283.94
August,15,7:30,15.73,0.37,0.0238,311.2,18.8,0.73,0.0389,281.23,143.31,1.0,0.007,261.0,67.51,0.94,0.0139,285.2
August,15,8:00,49.42,0.19,0.0039,247.66,32.72,0.12,0.0037,279.1,276.47,0.91,0.0033,270.82,130.49,1.49,0.0114,275.52
August,15,8:30,69.88,0.14,0.002,277.89,43.89,0.1,0.0023,298.78,362.35,2.97,0.0082,281.69,161.77,3.04,0.0188,306.94
August,15,9:00,87.56,0.53,0.006,295.68,161.1,0.14,0.0009,303.13,537.45,2.9,0.0054,289.37,243.72,3.56,0.0146,301.19
August,15,9:30,108.27,1.13,0.0104,280.38,188.3,0.66,0.0035,316.73,624.16,11.05,0.0177,308.99,290.64,3.6,0.0124,298.62
August,15,10:00,123.15,0.99,0.008,292.06,249.37,0.87,0.0035,311.39,715.45,9.94,0.0139,314.26,340.31,3.81,0.0112,297.18
August,15,10:30,150.9,1.21,0.008,291.98,270.13,2.62,0.0097,317.25,814.29,13.35,0.0164,315.84,374.74,16.41,0.0438,302.5
August,15,11:00,167.96,1.29,0.0077,303.92,309.88,1.89,0.0061,315.03,872.19,8.55,0.0098,316.25,407.51,14.71,0.0361,296.81
August,15,11:30,177.15,1.59,0.009,310.58,342.12,2.94,0.0086,313.46,934.04,10.46,0.0112,326.37,416.11,6.95,0.0167,303.18
August,15,12:00,182.11,1.86,0.0102,303.98,345.94,1.94,0.0056,307.07,963.94,9.93,0.0103,325.2,434.77,7.65,0.0176,304.53
August,15,12:30,192.92,2.6,0.0135,315.08,378.08,3.89,0.0103,307.63,978.28,16.53,0.0169,325.24,443.01,7.04,0.0159,297.29
August,15,13:00,183.42,2.53,0.0138,307.81,413.74,2.81,0.0068,306.8,980.38,11.08,0.0113,334.2,440.09,9.64,0.0219,303.28
August,15,13:30,187.98,1.45,0.0077,312.74,420.14,4.5,0.0107,302.01,975.08,19.5,0.02,331.35,452.87,9.69,0.0214,306.2
August,15,14:00,170.15,1.57,0.0092,314.59,434.51,4.13,0.0095,309.56,965.78,16.9,0.0175,337.79,462.6,10.87,0.0235,297.31
August,15,14:30,170.2,2.59,0.0152,313.14,419.43,5.37,0.0128,316.62,940.86,21.92,0.0233,332.39,479.17,31.48,0.0657,309.68
August,15,15:00,177.73,2.51,0.0141,306.02,407.66,1.47,0.0036,314.2,883.19,9.8,0.0111,339.44,448.2,23.53,0.0525,304.05
August,15,15:30,175.47,3.47,0.0198,297.12,413.5,5.95,0.0144,308.76,869.48,5.22,0.006,338.56,422.83,50.87,0.1203,302.24
August,15,16:00,165.17,0.86,0.0052,316.45,420.33,3.36,0.008,307.04,855.53,3.17,0.0037,334.69,412.3,29.03,0.0704,308.56
August,15,16:30,155.29,0.57,0.0037,310.14,391.58,1.53,0.0039,316.0,755.32,1.66,0.0022,335.87,381.37,8.92,0.0234,312.79
August,15,17:00,157.33,2.31,0.0147,317.67,388.61,2.37,0.0061,320.66,720.76,1.66,0.0023,332.44,380.24,3.54,0.0093,304.37
August,15,17:30,143.24,1.56,0.0109,331.64,377.32,2.53,0.0067,312.76,729.24,2.92,0.004,329.52,384.53,5.15,0.0134,300.46
August,15,18:00,145.32,0.97,0.0067,322.0,349.66,3.11,0.0089,317.8,643.91,4.06,0.0063,333.86,352.14,2.57,0.0073,304.02
August,15,18:30,124.24,0.86,0.0069,319.36,317.39,2.16,0.0068,316.65,570.75,2.4,0.0042,341.18,278.66,3.2,0.0115,306.11
August,15,19:00,123.88,0.72,0.0058,302.05,274.29,2.28,0.0083,304.45,511.17,1.89,0.0037,325.63,276.8,3.21,0.0116,305.94
August,15,19:30,99.56,0.63,0.0063,313.11,240.51,1.68,0.007,312.23,465.71,3.35,0.0072,325.21,284.44,6.63,0.0233,315.23
August,15,20:00,58.94,1.53,0.0259,300.53,199.94,2.22,0.0111,322.76,429.31,4.21,0.0098,334.36,251.51,7.22,0.0287,312.95
August,15,20:30,47.42,1.06,0.0223,296.68,177.07,1.56,0.0088,309.5,381.04,4.08,0.0107,331.67,225.44,4.28,0.019,303.89
August,15,21:00,36.55,1.79,0.0489,313.65,152.32,1.65,0.0108,303.68,341.94,2.26,0.0066,328.67,196.76,9.98,0.0507,312.97
August,15,21:30,30.28,1.44,0.0475,310.53,141.08,1.24,0.0088,309.9,260.31,0.65,0.0025,322.36,160.37,5.76,0.0359,317.89
August,15,22:00,24.36,0.91,0.0375,324.33,114.37,0.7,0.0061,306.06,216.4,1.13,0.0052,325.09,149.01,2.8,0.0188,308.55
August,15,22:30,22.73,2.56,0.1127,300.2,96.47,0.66,0.0068,296.26,178.51,1.09,0.0061,322.87,118.6,3.15,0.0266,303.82
August,15,23:00,17.79,1.19,0.0671,345.37,69.78,0.18,0.0026,317.87,143.37,0.42,0.0029,317.53,100.36,0.92,0.0092,308.86
August,15,23:30,11.76,0.12,0.01,274.44,63.98,0.1,0.0015,303.11,132.22,0.2,0.0015,343.26,86.18,0.73,0.0085,296.4
August,16,0:00,10.62,0.28,0.0262,568.71,40.12,0.66,0.0164,325.81,70.27,0.98,0.0139,314.35,39.41,0.55,0.014,310.99
August,16,0:30,7.25,0.02,0.0033,373.91,26.8,0.41,0.0153,317.01,50.47,0.38,0.0075,320.06,26.55,0.09,0.0034,290.23
August,16,1:00,5.7,0.0,0.0,353.34,12.02,0.13,0.0106,366.74,40.78,0.77,0.0189,300.93,18.97,0.11,0.0059,321.74
August,16,1:30,5.65,0.34,0.0608,512.52,8.73,0.1,0.0109,322.25,33.38,0.53,0.0158,322.81,13.26,0.45,0.034,336.8
August,16,2:00,4.17,0.09,0.0217,737.7,6.15,0.0,0.0,315.94,21.43,0.93,0.0434,297.58,8.89,0.51,0.0577,348.23
August,16,2:30,3.9,0.01,0.0033,628.5,4.66,0.0,0.0,355.44,17.84,0.52,0.0289,316.51,8.44,0.97,0.1155,423.89
August,16,3:00,3.61,0.01,0.0017,329.78,5.24,0.03,0.005,366.22,16.31,0.8,0.0492,317.04,2.46,0.15,0.0594,449.31
August,16,3:30,3.59,0.01,0.0017,332.26,3.52,0.0,0.0,357.01,11.67,0.02,0.0017,337.09,2.83,0.32,0.1119,354.85
August,16,4:00,3.39,0.0,0.0,262.12,3.52,0.01,0.0025,237.46,11.49,0.04,0.0039,352.86,2.12,0.21,0.0996,419.64
August,16,4:30,3.73,0.04,0.01,245.35,2.74,0.01,0.0025,314.33,9.74,0.03,0.0034,347.42,2.19,0.21,0.095,405.51
August,16,5:00,4.24,0.04,0.01,211.64,3.24,0.01,0.0025,334.13,12.56,0.06,0.005,307.12,3.63,0.15,0.0421,350.16
August,16,5:30,4.61,0.09,0.02,273.44,2.74,0.01,0.0025,307.91,13.07,0.09,0.0071,255.74,3.25,0.08,0.0259,341.53
August,16,6:00,5.89,0.03,0.005,231.69,4.24,0.01,0.0025,309.96,24.11,0.02,0.0007,254.53,8.15,0.43,0.0528,229.11
August,16,6:30,5.6,0.23,0.0408,256.84,7.39,0.52,0.0697,322.26,34.0,0.62,0.0183,247.2,14.96,0.8,0.0534,257.06
August,16,7:00,16.05,0.71,0.0442,264.65,8.11,0.03,0.0038,280.12,59.38,0.27,0.0046,264.37,23.76,0.81,0.0342,273.03
August,16,7:30,19.76,0.85,0.0428,341.25,12.95,0.7,0.0543,278.01,100.95,0.97,0.0096,262.65,40.2,0.51,0.0128,277.25
August,16,8:00,43.67,0.27,0.0061,253.82,27.47,0.09,0.0031,279.18,176.21,1.64,0.0093,270.76,76.74,1.06,0.0138,276.48
August,16,8:30,64.5,0.14,0.0022,290.92,35.34,0.1,0.0027,315.6,246.99,2.84,0.0115,287.48,113.89,2.13,0.0187,307.83
August,16,9:00,81.18,0.31,0.0038,293.87,100.67,0.13,0.0013,311.24,325.38,2.08,0.0064,287.58,142.13,2.42,0.017,298.65
August,16,9:30,99.8,0.64,0.0064,326.7,120.13,0.18,0.0015,315.98,372.29,7.56,0.0203,289.96,170.46,2.27,0.0133,294.87
August,16,10:00,108.53,0.59,0.0054,295.23,161.37,0.36,0.0022,305.7,436.32,4.41,0.0101,295.39,207.89,2.06,0.0099,289.81
August,16,10:30,120.88,0.54,0.0045,305.34,177.16,1.54,0.0087,317.63,500.09,4.75,0.0095,306.22,238.81,10.2,0.0427,298.67
August,16,11:00,126.84,0.61,0.0048,303.76,192.24,1.33,0.0069,326.67,525.78,4.26,0.0081,309.81,252.79,8.04,0.0318,300.85
August,16,11:30,130.09,0.55,0.0042,295.39,216.66,2.08,0.0096,333.38,571.16,6.57,0.0115,310.91,262.7,3.97,0.0151,302.15
August,16,12:00,132.03,0.46,0.0035,297.81,227.75,1.14,0.005,324.47,605.48,5.75,0.0095,313.35,282.02,4.79,0.017,302.9
August,16,12:30,129.19,1.07,0.0083,297.18,257.95,2.4,0.0093,331.64,611.85,8.75,0.0143,312.5,281.05,4.38,0.0156,302.57
August,16,13:00,128.54,1.68,0.0131,292.18,283.87,2.1,0.0074,329.45,622.02,7.59,0.0122,324.12,284.33,5.86,0.0206,308.2
August,16,13:30,128.83,0.75,0.0058,292.54,289.03,3.35,0.0116,319.03,635.2,16.01,0.0252,321.67,289.48,6.83,0.0236,317.62
August,16,14:00,122.11,0.96,0.0079,308.19,299.09,4.1,0.0137,334.09,631.09,16.09,0.0255,328.0,300.5,8.77,0.0292,311.09
August,16,14:30,122.28,2.01,0.0164,313.91,279.19,3.74,0.0134,340.49,619.48,15.49,0.025,321.83,316.39,25.53,0.0807,317.11
August,16,15:00,133.0,1.9,0.0143,319.12,283.18,0.79,0.0028,331.73,594.31,5.94,0.01,327.77,307.66,19.26,0.0626,317.44
August,16,15:30,129.41,2.42,0.0187,308.01,292.81,2.2,0.0075,326.27,591.8,3.49,0.0059,330.54,303.53,37.61,0.1239,318.93
August,16,16:00,124.15,0.66,0.0053,298.33,293.64,1.73,0.0059,335.89,575.03,3.51,0.0061,328.02,298.95,19.22,0.0643,321.15
August,16,16:30,120.54,0.51,0.0042,294.98,278.23,1.56,0.0056,339.79,537.42,1.88,0.0035,325.22,287.85,6.45,0.0224,320.42
August,16,17:00,121.12,1.79,0.0148,291.86,278.1,1.78,0.0064,334.44,511.2,1.48,0.0029,324.75,263.76,2.27,0.0086,311.68
August,16,17:30,108.32,0.97,0.009,290.96,269.34,1.89,0.007,330.42,484.49,1.74,0.0036,317.53,248.97,2.71,0.0109,313.91
August,16,18:00,106.42,0.9,0.0085,300.7,251.22,1.78,0.0071,328.35,436.55,1.83,0.0042,325.04,229.85,1.56,0.0068,321.46
August,16,18:30,104.34,0.61,0.0058,317.92,223.23,1.96,0.0088,325.92,400.35,2.64,0.0066,330.87,209.93,2.1,0.01,321.65
August,16,19:00,98.32,0.57,0.0058,324.24,198.98,1.65,0.0083,324.25,373.76,1.16,0.0031,328.12,194.73,2.01,0.0103,318.98
August,16,19:30,81.01,0.6,0.0074,300.66,178.18,1.21,0.0068,312.45,345.14,1.76,0.0051,328.4,194.84,4.33,0.0222,331.27
August,16,20:00,72.06,1.07,0.0149,299.64,170.54,1.19,0.007,329.07,314.76,4.44,0.0141,326.27,182.03,4.99,0.0274,319.97
August,16,20:30,54.46,0.93,0.017,305.82,156.33,0.69,0.0044,311.16,287.47,3.65,0.0127,325.35,159.22,2.74,0.0172,320.13
August,16,21:00,36.86,1.24,0.0336,292.5,137.92,0.74,0.0054,309.81,254.99,1.45,0.0057,314.7,131.77,6.48,0.0492,330.25
August,16,21:30,33.41,0.74,0.0222,322.8,123.69,0.31,0.0025,305.51,204.85,0.76,0.0037,314.5,103.56,3.4,0.0328,329.72
August,16,22:00,27.3,0.51,0.0186,308.9,97.67,0.21,0.0022,295.89,170.95,0.63,0.0037,320.01,97.29,1.66,0.0171,328.86
August,16,22:30,23.42,2.76,0.1179,301.15,77.56,0.73,0.0094,303.5,155.16,0.7,0.0045,319.05,84.74,2.16,0.0255,319.77
August,16,23:00,15.64,0.9,0.0576,322.63,64.88,0.24,0.0037,283.25,129.29,0.63,0.0049,307.69,61.98,0.71,0.0114,328.09
August,16,23:30,11.95,0.12,0.01,252.23,51.42,0.09,0.0017,291.4,105.68,0.54,0.0051,322.65,46.04,0.73,0.0158,320.48
August,17,0:00,1.45,0.1,0.0698,460.42,13.37,0.11,0.0085,327.87,24.66,0.22,0.0089,316.27,13.83,0.18,0.0129,307.92
August,17,0:30,1.25,0.06,0.0466,461.13,9.33,0.05,0.005,296.79,19.42,0.21,0.0106,316.4,13.07,0.06,0.0045,286.93
August,17,1:00,0.97,0.12,0.1203,318.56,4.12,0.01,0.0015,355.79,14.01,0.21,0.015,300.09,9.23,0.05,0.0053,298.44
August,17,1:30,0.82,0.19,0.2378,363.07,3.59,0.01,0.0016,296.91,12.61,0.15,0.0119,315.34,5.79,0.26,0.0446,338.46
August,17,2:00,0.61,0.02,0.032,1005.14,2.33,0.0,0.0005,263.35,8.84,0.34,0.0388,290.96,4.21,0.25,0.0583,346.48
August,17,2:30,0.69,0.0,0.005,458.63,1.7,0.0,0.0005,374.07,8.43,0.29,0.0341,278.67,3.88,0.38,0.0982,428.56
August,17,3:00,0.58,0.0,0.005,447.44,1.77,0.02,0.01,374.2,5.8,0.19,0.0336,272.6,2.21,0.16,0.071,473.55
August,17,3:30,0.55,0.0,0.0,440.02,1.18,0.0,0.0,516.25,4.18,0.0,0.0009,317.67,1.89,0.14,0.0716,364.47
August,17,4:00,0.49,0.0,0.0,358.95,1.24,0.0,0.0,272.81,3.97,0.02,0.0052,304.65,1.71,0.11,0.062,412.53
August,17,4:30,0.53,0.01,0.01,356.88,1.32,0.0,0.0,295.34,3.55,0.01,0.0031,314.26,1.96,0.18,0.0905,426.39
August,17,5:00,0.66,0.01,0.01,310.93,1.14,0.0,0.0,383.62,4.27,0.02,0.004,288.43,1.97,0.05,0.024,376.77
August,17,5:30,0.74,0.02,0.025,364.96,1.49,0.0,0.0,294.91,4.84,0.02,0.0047,268.43,1.95,0.02,0.0114,375.64
August,17,6:00,0.82,0.21,0.2575,315.3,1.78,0.0,0.0,295.23,10.43,0.06,0.0053,260.44,4.47,0.11,0.0247,257.74
August,17,6:30,0.93,0.08,0.0881,324.64,3.28,0.56,0.1711,444.99,17.31,0.36,0.0209,262.1,8.85,0.31,0.0349,250.58
August,17,7:00,2.34,0.11,0.047,318.66,10.6,0.05,0.0049,333.93,28.38,0.11,0.004,261.51,13.92,0.42,0.0302,281.68
August,17,7:30,5.87,0.23,0.0394,352.04,13.85,0.61,0.044,277.57,51.78,0.18,0.0035,260.32,21.43,0.3,0.0141,282.41
August,17,8:00,13.38,0.25,0.0188,269.59,29.95,0.14,0.0046,278.28,101.46,0.21,0.0021,273.46,42.44,0.42,0.0098,273.45
August,17,8:30,22.17,0.3,0.0134,296.58,43.32,0.31,0.0071,303.03,158.96,0.67,0.0042,287.69,64.13,0.7,0.0109,310.64
August,17,9:00,33.33,0.1,0.0029,306.4,69.88,0.21,0.003,299.6,215.47,0.71,0.0033,298.48,105.84,1.13,0.0107,306.51
August,17,9:30,47.04,0.19,0.004,322.81,92.92,0.35,0.0038,321.02,276.89,2.77,0.01,315.2,120.61,1.54,0.0128,295.58
August,17,10:00,58.8,0.38,0.0064,306.58,123.97,0.63,0.0051,324.36,332.4,2.99,0.009,318.68,148.87,1.46,0.0098,297.15
August,17,10:30,60.31,0.3,0.005,300.58,143.15,1.76,0.0123,329.53,370.48,5.22,0.0141,323.04,169.18,4.53,0.0268,310.18
August,17,11:00,64.44,0.18,0.0028,308.79,155.37,1.6,0.0103,332.84,398.98,3.75,0.0094,328.99,186.05,3.78,0.0203,313.58
August,17,11:30,66.69,0.27,0.004,317.46,168.33,1.72,0.0102,331.78,415.0,4.61,0.0111,335.19,191.75,2.55,0.0133,312.94
August,17,12:00,68.44,0.12,0.0018,313.33,181.39,1.02,0.0056,326.66,426.04,4.56,0.0107,334.38,198.97,2.25,0.0113,317.2
August,17,12:30,71.37,0.36,0.005,308.38,187.88,2.4,0.0128,332.0,424.64,7.94,0.0187,335.54,198.89,2.33,0.0117,312.74
August,17,13:00,71.61,0.49,0.0068,307.53,196.65,1.73,0.0088,330.98,424.2,6.07,0.0143,342.87,203.53,2.56,0.0126,317.36
August,17,13:30,70.36,0.39,0.0055,322.04,193.52,2.79,0.0144,330.67,422.71,7.95,0.0188,346.8,204.76,6.86,0.0335,327.34
August,17,14:00,70.8,0.57,0.008,322.19,213.05,3.94,0.0185,332.14,429.13,6.44,0.015,349.92,214.47,10.02,0.0467,323.35
August,17,14:30,73.08,1.12,0.0153,322.65,211.21,4.86,0.023,337.83,429.69,10.74,0.025,345.74,226.55,28.98,0.1279,326.13
August,17,15:00,73.14,0.9,0.0123,325.4,209.42,1.74,0.0083,335.57,431.81,4.66,0.0108,344.95,231.16,23.99,0.1038,324.5
August,17,15:30,75.91,2.33,0.0307,326.46,213.77,1.26,0.0059,333.72,427.05,3.12,0.0073,345.47,227.58,35.96,0.158,327.12
August,17,16:00,69.62,0.75,0.0108,316.49,214.8,1.14,0.0053,334.86,427.51,1.58,0.0037,352.54,228.72,19.01,0.0831,330.05
August,17,16:30,69.47,0.23,0.0033,316.31,206.48,1.24,0.006,339.23,412.05,1.15,0.0028,349.23,220.93,7.14,0.0323,331.65
August,17,17:00,60.93,0.49,0.0081,324.24,204.04,1.35,0.0066,343.1,385.84,1.35,0.0035,345.4,207.01,2.01,0.0097,329.38
August,17,17:30,56.79,0.39,0.0069,318.05,187.24,1.12,0.006,339.92,359.87,1.91,0.0053,342.86,190.8,1.83,0.0096,330.61
August,17,18:00,50.06,0.33,0.0066,316.31,170.17,1.7,0.01,337.48,327.41,2.68,0.0082,343.81,172.56,0.79,0.0046,333.66
August,17,18:30,44.81,0.34,0.0075,321.14,165.99,1.36,0.0082,330.51,294.6,2.5,0.0085,349.91,160.17,0.99,0.0062,329.8
August,17,19:00,27.18,0.17,0.0064,322.9,144.91,1.17,0.0081,328.39,250.29,1.05,0.0042,348.39,147.73,1.08,0.0073,324.3
August,17,19:30,21.8,0.22,0.0102,340.98,133.23,1.16,0.0087,335.74,227.56,1.77,0.0078,347.22,125.37,2.51,0.02,332.85
August,17,20:00,16.58,0.29,0.0173,325.77,111.76,1.02,0.0091,331.38,201.13,1.83,0.0091,345.37,110.64,2.61,0.0236,326.1
August,17,20:30,13.16,0.32,0.0245,332.77,90.61,0.39,0.0043,325.26,171.77,1.41,0.0082,339.84,101.32,1.49,0.0147,323.13
August,17,21:00,10.15,0.35,0.0346,326.27,74.47,0.39,0.0053,325.7,151.33,1.04,0.0069,334.07,80.16,3.01,0.0376,332.46
August,17,21:30,7.63,0.19,0.0248,346.31,69.06,0.34,0.0049,329.13,127.18,0.45,0.0035,328.67,61.33,1.43,0.0233,332.67
August,17,22:00,6.61,0.04,0.0065,318.32,55.61,0.21,0.0038,314.16,102.02,0.62,0.0061,333.53,56.27,0.74,0.0131,339.79
August,17,22:30,4.1,0.47,0.1148,321.85,41.16,0.16,0.0039,306.66,76.18,0.43,0.0057,328.52,45.91,0.67,0.0146,328.29
August,17,23:00,3.29,0.26,0.0805,332.87,31.96,0.06,0.002,325.81,56.01,0.24,0.0042,314.46,36.68,0.24,0.0066,336.67
August,17,23:30,2.67,0.09,0.0331,315.75,24.63,0.03,0.0012,312.44,44.86,0.22,0.0048,336.32,27.24,0.3,0.011,328.75
August,18,0:00,3.94,0.08,0.0208,334.39,41.39,0.6,0.0146,311.13,78.31,0.83,0.0106,335.58,40.68,0.34,0.0083,315.38
August,18,0:30,3.14,0.01,0.0033,317.69,29.25,0.38,0.013,332.67,55.65,0.39,0.007,328.86,30.34,0.13,0.0042,329.95
August,18,1:00,2.27,0.02,0.0067,400.35,13.07,0.3,0.0226,385.83,39.13,0.55,0.014,311.2,22.19,0.04,0.0016,352.95
August,18,1:30,2.63,0.01,0.0033,258.7,7.76,0.24,0.0307,292.95,29.06,0.41,0.014,327.15,22.13,0.43,0.0195,344.86
August,18,2:00,1.61,0.0,0.0,304.52,4.43,0.0,0.0,346.58,27.55,0.61,0.022,284.11,19.19,0.63,0.0326,356.14
August,18,2:30,1.61,0.0,0.0,290.83,4.28,0.01,0.0029,399.89,28.96,0.47,0.0162,276.14,18.68,0.36,0.0191,321.31
August,18,3:00,1.61,0.0,0.0,263.5,3.8,0.0,0.0,405.91,13.48,0.43,0.0318,308.67,3.73,0.09,0.0253,419.53
August,18,3:30,1.6,0.0,0.0,297.63,3.4,0.01,0.0025,404.24,13.36,0.13,0.0099,309.65,1.46,0.02,0.0147,416.72
August,18,4:00,1.54,0.0,0.0,261.06,2.93,0.02,0.0083,323.97,11.87,0.22,0.0186,304.85,1.37,0.02,0.0127,440.14
August,18,4:30,1.52,0.0,0.0,247.38,2.87,0.06,0.0217,301.75,12.98,0.42,0.0324,326.92,1.51,0.04,0.0238,508.27
August,18,5:00,1.75,0.0,0.0,252.37,2.47,0.02,0.0083,395.68,13.38,0.27,0.0202,296.12,1.51,0.01,0.0063,417.71
August,18,5:30,1.89,0.0,0.0,371.42,2.67,0.12,0.0433,415.14,25.91,0.37,0.0144,302.07,2.1,0.01,0.0061,372.55
August,18,6:00,2.02,0.0,0.0,268.5,4.92,0.2,0.0408,287.98,27.42,0.17,0.0063,259.91,14.8,0.15,0.0103,300.21
August,18,6:30,2.45,0.27,0.1097,269.47,9.14,3.48,0.3809,387.15,58.58,1.08,0.0184,252.19,21.13,2.07,0.0981,293.38
August,18,7:00,7.82,0.13,0.0163,279.8,29.8,0.39,0.013,312.49,92.19,0.69,0.0075,263.11,38.19,0.22,0.0057,290.6
August,18,7:30,13.07,0.09,0.007,324.77,46.75,3.14,0.0672,283.35,165.87,0.7,0.0042,258.18,66.41,0.55,0.0083,287.89
August,18,8:00,43.66,1.31,0.0299,267.99,86.56,0.55,0.0063,280.04,279.13,0.78,0.0028,274.75,127.15,1.04,0.0082,288.25
August,18,8:30,83.74,1.72,0.0205,305.45,136.16,1.35,0.0099,304.62,411.16,2.14,0.0052,295.67,169.81,0.85,0.005,297.06
August,18,9:00,119.37,0.93,0.0078,302.48,201.22,1.11,0.0055,305.17,581.16,4.42,0.0076,308.08,263.92,4.28,0.0162,292.04
August,18,9:30,154.3,1.19,0.0077,324.5,258.68,2.46,0.0095,317.81,751.91,14.96,0.0199,319.58,327.46,4.98,0.0152,296.13
August,18,10:00,170.8,0.65,0.0038,317.14,327.33,2.82,0.0086,323.84,881.15,11.1,0.0126,319.42,402.68,5.96,0.0148,294.59
August,18,10:30,197.11,0.43,0.0022,316.57,347.47,7.57,0.0218,338.75,954.7,9.55,0.01,327.65,402.73,9.67,0.024,301.66
August,18,11:00,200.03,0.54,0.0027,322.13,380.68,2.36,0.0062,340.13,1017.75,6.51,0.0064,333.1,448.61,5.47,0.0122,311.32
August,18,11:30,208.41,1.15,0.0055,325.05,411.56,3.87,0.0094,341.43,1033.62,17.67,0.0171,332.97,501.21,5.81,0.0116,309.83
August,18,12:00,213.43,1.26,0.0059,321.54,449.27,3.01,0.0067,345.77,1046.87,17.69,0.0169,336.52,511.84,5.22,0.0102,313.47
August,18,12:30,209.93,1.51,0.0072,320.75,442.41,4.42,0.01,343.95,1049.16,24.45,0.0233,340.93,517.94,11.55,0.0223,317.35
August,18,13:00,214.79,2.28,0.0106,325.86,458.94,4.22,0.0092,343.13,1048.04,19.7,0.0188,345.76,516.5,10.74,0.0208,320.3
August,18,13:30,210.42,0.9,0.0043,320.12,465.46,6.33,0.0136,347.35,1042.28,26.16,0.0251,345.96,518.98,26.42,0.0509,328.83
August,18,14:00,218.22,0.44,0.002,322.97,485.17,4.12,0.0085,341.73,1036.86,13.89,0.0134,347.25,540.45,9.57,0.0177,325.52
August,18,14:30,220.95,0.86,0.0039,328.92,498.3,4.93,0.0099,344.86,1058.5,10.69,0.0101,347.24,535.36,9.69,0.0181,328.24
August,18,15:00,213.9,1.22,0.0057,320.03,491.2,2.01,0.0041,343.45,1054.81,4.01,0.0038,352.12,528.22,6.6,0.0125,328.86
August,18,15:30,216.27,1.38,0.0064,318.38,476.97,2.91,0.0061,340.82,1054.23,5.38,0.0051,349.55,535.18,8.03,0.015,327.53
August,18,16:00,209.0,0.63,0.003,337.2,505.26,2.07,0.0041,345.84,1029.31,4.12,0.004,354.8,526.45,4.84,0.0092,329.81
August,18,16:30,202.26,0.38,0.0019,338.21,462.62,1.85,0.004,341.66,968.29,4.07,0.0042,353.42,517.83,3.68,0.0071,327.0
August,18,17:00,190.12,0.78,0.0041,322.91,458.82,2.06,0.0045,346.27,933.39,13.44,0.0144,353.82,498.59,1.55,0.0031,330.49
August,18,17:30,164.0,0.72,0.0044,319.36,431.17,3.06,0.0071,349.08,876.99,12.54,0.0143,350.51,456.95,1.83,0.004,331.14
August,18,18:00,140.08,0.41,0.0029,313.65,390.58,3.24,0.0083,345.95,784.09,7.84,0.01,351.26,420.5,1.89,0.0045,331.77
August,18,18:30,125.38,0.84,0.0067,344.28,354.5,1.45,0.0041,337.03,709.64,4.19,0.0059,347.31,375.55,1.24,0.0033,319.74
August,18,19:00,74.93,0.25,0.0033,355.35,333.5,2.37,0.0071,341.69,627.71,9.42,0.015,342.95,353.48,3.78,0.0107,318.23
August,18,19:30,60.17,0.36,0.0059,332.55,303.19,1.67,0.0055,339.79,540.66,16.65,0.0308,347.19,307.41,6.61,0.0215,329.14
August,18,20:00,46.64,0.89,0.019,314.59,255.49,2.78,0.0109,336.82,483.61,14.31,0.0296,349.85,285.44,10.85,0.038,317.07
August,18,20:30,43.54,1.16,0.0266,300.67,220.85,2.14,0.0097,329.16,411.45,6.58,0.016,344.77,244.33,8.89,0.0364,314.27
August,18,21:00,29.62,0.53,0.0178,326.11,172.64,1.17,0.0068,328.04,343.74,2.03,0.0059,350.79,188.82,6.65,0.0352,322.2
August,18,21:30,20.28,0.1,0.005,355.13,157.99,1.06,0.0067,327.7,266.14,0.93,0.0035,349.03,174.18,2.4,0.0138,313.75
August,18,22:00,16.15,0.05,0.0031,364.88,123.49,0.49,0.004,307.01,250.19,1.6,0.0064,344.75,154.14,4.55,0.0295,320.92
August,18,22:30,10.54,1.61,0.1529,416.61,94.18,0.57,0.0061,306.82,182.93,0.77,0.0042,330.02,116.65,1.15,0.0099,316.59
August,18,23:00,10.57,0.69,0.0652,322.06,68.29,0.31,0.0046,331.19,142.48,0.33,0.0023,318.24,87.08,0.54,0.0062,316.7
August,18,23:30,8.93,0.12,0.0133,340.43,56.14,0.34,0.0061,309.85,109.34,0.19,0.0017,327.44,74.15,0.39,0.0053,307.52
August,19,0:00,3.92,0.06,0.0142,297.81,34.96,0.82,0.0234,308.23,55.34,1.25,0.0225,335.76,35.05,0.21,0.006,302.6
August,19,0:30,3.42,0.01,0.0033,272.36,25.93,0.56,0.0216,305.55,40.42,0.46,0.0115,323.7,27.06,0.13,0.0049,314.16
August,19,1:00,2.45,0.02,0.0067,323.18,10.96,0.45,0.0411,327.52,34.88,1.22,0.0351,308.4,19.53,0.12,0.0063,341.89
August,19,1:30,2.6,0.01,0.0033,242.16,5.52,0.45,0.0807,298.65,25.67,0.65,0.0255,338.04,13.89,0.1,0.0071,323.54
August,19,2:00,1.66,0.0,0.0,274.83,3.84,0.02,0.005,342.6,15.38,0.48,0.0311,298.38,11.46,0.24,0.0206,347.54
August,19,2:30,1.52,0.0,0.0,335.81,3.35,0.0,0.0,424.66,14.95,0.33,0.0219,308.17,9.55,0.12,0.0125,339.67
August,19,3:00,1.46,0.0,0.0,272.9,3.53,0.0,0.0,343.1,12.15,0.78,0.0642,353.12,3.46,0.15,0.0424,393.43
August,19,3:30,1.56,0.0,0.0,348.32,3.78,0.0,0.0,247.59,9.81,0.09,0.0088,351.26,1.25,0.01,0.005,411.88
August,19,4:00,1.36,0.0,0.0,280.5,2.74,0.01,0.005,347.13,9.8,0.12,0.0121,358.51,1.26,0.01,0.0057,377.76
August,19,4:30,1.49,0.0,0.0,247.3,2.64,0.01,0.0025,267.92,9.96,0.35,0.0347,355.04,1.28,0.01,0.007,377.77
August,19,5:00,1.72,0.0,0.0,281.97,2.22,0.01,0.0025,433.82,12.89,0.31,0.024,320.08,1.47,0.0,0.0024,372.2
August,19,5:30,1.8,0.0,0.0017,353.15,2.57,0.01,0.0025,348.63,15.01,0.2,0.0134,290.26,2.07,0.0,0.0014,378.5
August,19,6:00,2.29,0.02,0.0093,273.08,5.6,0.06,0.0108,286.5,27.82,0.09,0.0031,237.85,12.89,0.08,0.0065,320.79
August,19,6:30,2.73,0.25,0.092,276.33,7.42,1.68,0.2262,365.64,52.44,0.93,0.0177,242.03,23.86,1.67,0.0701,272.83
August,19,7:00,8.68,0.03,0.0035,288.89,23.08,0.15,0.0064,306.91,79.22,0.6,0.0076,256.89,39.71,0.23,0.0058,286.27
August,19,7:30,12.49,0.08,0.0062,314.71,44.74,1.54,0.0344,288.66,150.99,1.25,0.0083,245.12,60.48,0.32,0.0053,272.73
August,19,8:00,42.45,0.82,0.0192,267.04,84.0,0.53,0.0063,285.08,255.14,1.58,0.0062,275.6,117.87,0.6,0.0051,280.41
August,19,8:30,83.54,1.94,0.0232,311.24,131.4,1.33,0.0101,302.4,380.34,3.35,0.0088,300.1,171.15,1.13,0.0066,286.86
August,19,9:00,119.51,1.16,0.0097,304.12,190.74,1.16,0.0061,297.74,548.66,5.16,0.0094,309.94,239.89,1.44,0.006,286.31
August,19,9:30,151.14,1.04,0.0069,323.11,250.75,1.48,0.0059,316.17,668.98,15.92,0.0238,310.21,287.45,3.33,0.0116,296.76
August,19,10:00,170.94,0.67,0.0039,316.08,288.82,1.68,0.0058,315.84,785.73,8.8,0.0112,316.24,349.87,3.46,0.0099,299.55
August,19,10:30,197.19,0.37,0.0019,313.48,328.33,6.47,0.0197,336.64,856.44,7.88,0.0092,322.57,373.01,9.25,0.0248,304.45
August,19,11:00,195.65,0.65,0.0033,319.24,370.12,4.89,0.0132,337.0,916.47,6.42,0.007,327.83,410.12,3.73,0.0091,307.47
August,19,11:30,201.8,1.57,0.0078,324.47,393.14,5.94,0.0151,337.64,926.78,17.79,0.0192,330.22,452.78,5.25,0.0116,305.03
August,19,12:00,207.86,1.85,0.0089,324.37,401.0,5.13,0.0128,342.24,936.11,18.82,0.0201,333.64,479.59,5.52,0.0115,307.78
August,19,12:30,204.69,2.31,0.0113,322.21,401.14,7.62,0.019,347.0,937.36,24.0,0.0256,339.38,472.21,6.52,0.0138,315.82
August,19,13:00,209.11,2.43,0.0116,326.55,421.85,7.0,0.0166,339.78,940.69,20.98,0.0223,343.88,464.23,7.47,0.0161,317.38
August,19,13:30,206.71,0.83,0.004,318.0,439.12,8.52,0.0194,339.57,936.48,31.37,0.0335,341.99,465.48,6.89,0.0148,320.59
August,19,14:00,211.91,0.57,0.0027,321.27,447.35,4.43,0.0099,341.08,928.47,20.15,0.0217,342.31,486.37,5.3,0.0109,322.41
August,19,14:30,212.76,1.45,0.0068,329.57,461.28,3.28,0.0071,347.45,946.98,18.28,0.0193,344.28,486.77,7.4,0.0152,329.05
August,19,15:00,208.34,1.6,0.0077,318.61,449.54,1.71,0.0038,340.99,945.26,5.39,0.0057,342.02,475.44,5.61,0.0118,329.1
August,19,15:30,210.78,1.71,0.0081,316.37,431.95,2.63,0.0061,343.2,942.57,8.2,0.0087,341.78,484.09,6.97,0.0144,326.52
August,19,16:00,201.6,0.77,0.0038,334.82,435.43,1.61,0.0037,346.18,920.66,7.73,0.0084,346.96,480.6,3.12,0.0065,327.35
August,19,16:30,192.28,0.4,0.0021,334.27,426.58,2.09,0.0049,344.81,863.14,4.49,0.0052,346.04,472.64,3.97,0.0084,324.46
August,19,17:00,183.32,0.64,0.0035,321.41,400.33,1.68,0.0042,343.95,821.18,15.77,0.0192,347.37,465.7,3.77,0.0081,334.14
August,19,17:30,163.12,1.0,0.0061,316.22,385.12,2.31,0.006,349.78,773.58,12.69,0.0164,341.31,405.2,3.2,0.0079,320.75
August,19,18:00,137.75,0.58,0.0042,313.3,337.55,2.4,0.0071,347.2,692.63,8.93,0.0129,342.79,376.84,2.19,0.0058,321.68
August,19,18:30,123.99,0.86,0.0069,346.28,309.54,1.83,0.0059,348.39,628.78,4.97,0.0079,342.98,324.59,2.17,0.0067,310.1
August,19,19:00,73.52,0.26,0.0035,356.87,294.38,1.94,0.0066,346.28,557.95,10.82,0.0194,335.49,309.3,4.18,0.0135,317.01
August,19,19:30,60.06,0.35,0.0059,334.71,260.03,0.96,0.0037,347.35,485.73,19.62,0.0404,340.84,278.61,5.35,0.0192,326.26
August,19,20:00,45.5,0.44,0.0097,318.8,238.75,2.82,0.0118,350.32,427.19,17.86,0.0418,343.65,261.84,7.72,0.0295,315.84
August,19,20:30,41.17,0.6,0.0145,301.62,192.97,2.66,0.0138,335.01,364.71,7.88,0.0216,342.5,212.3,4.2,0.0198,313.67
August,19,21:00,29.97,0.31,0.0103,322.32,164.52,2.06,0.0125,329.47,306.33,2.85,0.0093,348.04,176.9,9.69,0.0548,310.79
August,19,21:30,20.87,0.08,0.0036,350.17,142.08,0.97,0.0068,329.06,231.89,1.23,0.0053,352.78,155.01,3.75,0.0242,315.6
August,19,22:00,15.62,0.03,0.002,371.33,117.35,1.03,0.0088,314.6,222.53,1.65,0.0074,350.21,129.3,1.97,0.0152,318.04
August,19,22:30,10.96,0.78,0.0712,416.44,86.33,0.76,0.0088,302.89,159.78,0.66,0.0041,327.83,98.32,1.1,0.0112,310.44
August,19,23:00,10.87,0.54,0.05,322.53,62.79,0.4,0.0063,300.64,128.41,0.36,0.0028,327.72,74.2,0.36,0.0048,315.08
August,19,23:30,8.88,0.1,0.0118,329.31,50.84,0.33,0.0065,315.58,92.3,0.22,0.0024,321.51,63.06,0.61,0.0097,301.75
August,20,0:00,4.57,0.4,0.0872,509.41,37.65,0.67,0.0177,315.54,53.73,0.46,0.0085,316.66,38.17,0.6,0.0158,327.0
August,20,0:30,3.8,0.2,0.053,407.01,26.76,0.32,0.012,314.9,39.24,0.38,0.0096,318.2,30.58,0.17,0.0055,317.17
August,20,1:00,3.1,0.37,0.1202,361.64,10.12,0.21,0.0205,420.04,33.56,0.51,0.0151,315.92,18.66,0.1,0.0055,327.58
August,20,1:30,2.21,0.59,0.2682,455.66,7.66,0.59,0.0772,288.1,24.83,0.34,0.0138,326.81,14.12,0.57,0.0406,347.23
August,20,2:00,1.75,0.1,0.0587,1023.39,4.47,0.37,0.0833,295.85,17.49,0.98,0.0563,281.01,10.62,0.46,0.0431,350.94
August,20,2:30,1.8,0.02,0.0117,563.78,4.11,0.03,0.0083,323.79,14.24,0.66,0.0464,262.59,9.82,0.36,0.0369,378.66
August,20,3:00,1.74,0.02,0.0117,392.99,3.93,0.0,0.0,322.33,12.54,0.73,0.0581,289.75,3.63,0.17,0.0459,478.0
August,20,3:30,1.87,0.01,0.0067,366.65,3.82,0.02,0.005,448.4,10.87,0.06,0.0051,324.38,2.92,0.24,0.0831,391.51
August,20,4:00,1.7,0.0,0.0,296.93,3.13,0.08,0.0258,285.93,9.08,0.02,0.0019,292.22,2.21,0.15,0.07,440.4
August,20,4:30,1.62,0.0,0.0,290.74,2.77,0.1,0.0358,306.6,8.94,0.04,0.004,315.35,2.36,0.12,0.0492,426.52
August,20,5:00,1.87,0.0,0.0,259.65,2.21,0.03,0.0158,403.94,10.54,0.06,0.0055,286.3,3.76,0.12,0.0331,403.72
August,20,5:30,1.94,0.0,0.0,316.1,3.7,0.31,0.0828,293.87,10.24,0.04,0.004,271.42,3.83,0.05,0.0121,392.02
August,20,6:00,2.36,0.18,0.075,300.4,5.19,0.97,0.1873,288.03,29.14,0.16,0.0054,282.54,11.22,0.36,0.0322,281.8
August,20,6:30,3.01,0.17,0.0579,324.05,8.38,2.72,0.3245,440.69,53.52,1.02,0.0191,263.89,24.33,1.38,0.0569,255.2
August,20,7:00,10.34,0.44,0.0422,313.31,27.97,0.27,0.0095,346.18,82.28,0.39,0.0047,269.19,36.94,1.2,0.0324,273.2
August,20,7:30,20.61,0.69,0.0337,329.51,45.36,1.34,0.0296,283.41,138.2,1.85,0.0134,266.28,60.2,0.72,0.0119,276.74
August,20,8:00,45.48,0.6,0.0131,272.22,88.42,0.5,0.0056,280.8,255.93,3.28,0.0128,282.76,123.98,0.95,0.0077,271.98
August,20,8:30,79.36,0.49,0.0062,300.28,134.08,1.26,0.0094,305.56,372.46,5.25,0.0141,296.51,178.11,1.62,0.0091,311.02
August,20,9:00,120.18,0.79,0.0066,312.25,206.96,0.79,0.0038,304.14,544.74,5.99,0.011,306.58,248.52,3.45,0.0139,302.34
August,20,9:30,144.71,1.1,0.0076,317.92,267.38,2.06,0.0077,323.48,659.02,8.76,0.0133,308.13,313.26,4.01,0.0128,306.21
August,20,10:00,156.96,1.35,0.0086,308.38,310.08,1.61,0.0052,326.47,803.78,6.27,0.0078,317.88,375.84,3.91,0.0104,299.75
August,20,10:30,199.98,1.94,0.0097,307.77,370.83,8.08,0.0218,335.1,857.89,10.12,0.0118,324.1,390.7,11.84,0.0303,302.49
August,20,11:00,204.98,1.56,0.0076,308.9,367.25,3.97,0.0108,338.47,911.34,8.29,0.0091,325.9,429.9,10.53,0.0245,308.13
August,20,11:30,203.71,1.87,0.0092,311.66,417.19,5.92,0.0142,339.49,935.83,9.45,0.0101,327.91,455.68,6.52,0.0143,306.57
August,20,12:00,211.57,2.05,0.0097,309.87,419.9,4.74,0.0113,344.28,928.35,8.36,0.009,331.13,478.85,6.7,0.014,308.45
August,20,12:30,212.0,1.91,0.009,314.89,413.19,8.64,0.0209,344.73,966.12,16.13,0.0167,335.93,458.8,5.69,0.0124,315.74
August,20,13:00,217.17,1.89,0.0087,322.51,427.98,7.62,0.0178,343.76,956.03,8.89,0.0093,343.47,456.84,6.67,0.0146,312.45
August,20,13:30,210.74,1.5,0.0071,322.34,452.14,10.04,0.0222,346.54,951.16,17.22,0.0181,342.83,461.67,9.79,0.0212,331.82
August,20,14:00,213.37,2.18,0.0102,320.96,451.12,6.05,0.0134,338.72,979.47,18.51,0.0189,343.95,480.26,12.97,0.027,333.25
August,20,14:30,226.92,2.0,0.0088,325.33,489.59,8.96,0.0183,350.47,968.81,29.45,0.0304,346.07,488.96,36.87,0.0754,337.31
August,20,15:00,214.71,2.08,0.0097,322.64,464.57,4.65,0.01,351.5,971.92,13.32,0.0137,342.06,474.23,33.58,0.0708,334.15
August,20,15:30,210.57,5.03,0.0239,323.03,455.03,8.51,0.0187,345.98,959.28,5.37,0.0056,343.21,472.67,82.01,0.1735,329.61
August,20,16:00,202.62,2.74,0.0135,330.52,442.55,3.81,0.0086,342.49,915.92,3.3,0.0036,348.23,471.77,45.05,0.0955,323.08
August,20,16:30,198.32,1.29,0.0065,328.98,426.27,2.81,0.0066,343.9,847.28,3.3,0.0039,347.82,432.4,12.32,0.0285,320.18
August,20,17:00,196.58,2.65,0.0135,320.68,412.57,4.5,0.0109,346.34,797.24,4.62,0.0058,346.48,423.93,4.2,0.0099,329.21
August,20,17:30,158.11,1.5,0.0095,327.46,394.52,6.04,0.0153,349.82,746.36,8.88,0.0119,346.41,385.15,4.04,0.0105,321.31
August,20,18:00,137.45,0.93,0.0068,324.61,367.85,4.56,0.0124,348.67,653.9,8.11,0.0124,345.15,344.62,1.55,0.0045,323.55
August,20,18:30,118.95,0.68,0.0057,331.17,332.31,2.72,0.0082,345.48,624.65,6.75,0.0108,343.02,321.86,2.45,0.0076,303.91
August,20,19:00,81.26,0.57,0.007,357.11,318.36,3.88,0.0122,344.48,535.0,3.69,0.0069,339.38,299.37,2.37,0.0079,317.2
August,20,19:30,57.22,0.38,0.0067,311.46,291.58,2.71,0.0093,345.17,470.46,6.54,0.0139,344.26,274.76,4.97,0.0181,322.6
August,20,20:00,46.46,0.67,0.0145,311.72,240.02,3.72,0.0155,346.26,417.93,7.48,0.0179,345.21,242.23,5.4,0.0223,303.48
August,20,20:30,34.37,0.55,0.0161,299.65,206.26,2.68,0.013,333.97,353.04,6.53,0.0185,344.2,224.19,2.8,0.0125,305.13
August,20,21:00,29.73,0.81,0.0274,308.75,167.76,1.63,0.0097,323.05,309.03,2.63,0.0085,342.02,171.6,5.63,0.0328,312.2
August,20,21:30,19.87,0.26,0.013,316.43,153.7,1.17,0.0076,319.57,240.55,2.14,0.0089,339.5,155.89,4.55,0.0292,294.02
August,20,22:00,14.08,0.26,0.0185,311.15,119.39,1.56,0.0131,310.62,237.47,2.73,0.0115,327.21,143.48,2.07,0.0144,309.09
August,20,22:30,11.98,2.18,0.1823,411.27,98.05,1.71,0.0174,303.59,165.01,1.67,0.0101,325.51,99.75,1.66,0.0166,298.54
August,20,23:00,9.14,0.56,0.0612,350.53,62.75,0.55,0.0088,325.97,133.88,0.6,0.0045,313.08,80.9,0.59,0.0073,286.75
August,20,23:30,7.15,0.06,0.008,295.09,56.12,0.52,0.0093,311.78,96.7,0.51,0.0053,335.65,56.44,0.4,0.0071,269.58
August,21,0:00,3.55,0.07,0.0185,438.19,33.58,0.68,0.0202,304.98,49.77,0.72,0.0144,309.42,43.77,0.67,0.0152,331.93
August,21,0:30,3.39,0.01,0.0033,303.91,23.95,0.32,0.0135,312.82,37.19,0.44,0.0118,311.0,28.94,0.11,0.0038,318.4
August,21,1:00,2.29,0.02,0.0067,342.33,8.86,0.18,0.0208,430.15,29.58,0.7,0.0237,302.86,19.3,0.09,0.0045,338.22
August,21,1:30,2.34,0.1,0.0433,400.1,7.0,0.7,0.1005,273.2,23.04,0.3,0.0131,307.72,16.36,0.51,0.0311,354.04
August,21,2:00,1.56,0.04,0.0267,372.24,4.47,0.5,0.1117,261.11,16.6,0.39,0.0234,283.29,10.82,0.23,0.0213,355.14
August,21,2:30,1.45,0.0,0.0033,439.3,4.16,0.08,0.0183,322.65,13.82,0.28,0.02,278.48,8.74,0.16,0.0187,361.56
August,21,3:00,1.39,0.03,0.0217,383.3,4.01,0.0,0.0,303.0,11.73,0.53,0.0449,296.39,3.53,0.06,0.0182,424.99
August,21,3:30,1.43,0.01,0.0067,297.91,4.16,0.02,0.005,422.15,10.08,0.02,0.0017,334.36,2.43,0.08,0.0321,437.34
August,21,4:00,1.26,0.0,0.0033,326.65,2.98,0.08,0.0258,295.39,8.86,0.02,0.0024,336.1,1.63,0.01,0.0087,551.54
August,21,4:30,1.3,0.0,0.0,312.32,2.6,0.11,0.0425,305.17,8.57,0.04,0.005,311.73,1.69,0.0,0.0017,493.61
August,21,5:00,1.45,0.0,0.0,251.64,2.08,0.03,0.0158,416.89,10.33,0.09,0.0088,290.36,2.44,0.01,0.005,389.88
August,21,5:30,1.34,0.0,0.0,313.89,3.42,0.25,0.0728,311.0,9.09,0.07,0.0075,264.24,2.74,0.02,0.0065,405.57
August,21,6:00,1.67,0.01,0.005,278.39,4.35,0.85,0.1943,272.16,26.88,0.17,0.0064,228.51,9.76,0.09,0.0096,271.47
August,21,6:30,2.1,0.15,0.0704,275.23,7.12,2.18,0.3063,446.97,47.26,1.29,0.0274,242.73,22.92,1.35,0.0588,249.24
August,21,7:00,7.58,0.17,0.0226,299.3,27.76,0.2,0.0073,341.29,77.77,0.3,0.0038,273.82,38.94,0.64,0.0164,270.71
August,21,7:30,9.87,0.25,0.0255,361.31,40.18,0.81,0.0202,278.72,131.3,0.8,0.0061,257.62,60.32,0.62,0.0103,279.7
August,21,8:00,40.83,0.24,0.0059,278.77,81.86,0.1,0.0012,280.11,252.4,1.19,0.0047,274.37,118.58,0.74,0.0062,270.28
August,21,8:30,74.41,0.3,0.004,301.43,116.43,0.65,0.0056,312.01,350.65,1.54,0.0044,299.74,174.97,1.75,0.01,292.48
August,21,9:00,102.26,0.63,0.0062,306.67,183.81,0.74,0.004,311.88,501.23,1.25,0.0025,306.9,248.63,3.78,0.0152,288.47
August,21,9:30,126.09,0.87,0.0069,321.11,231.09,1.62,0.007,323.17,616.31,3.39,0.0055,303.18,311.63,4.89,0.0157,298.8
August,21,10:00,136.2,0.71,0.0052,313.22,270.42,2.22,0.0082,326.35,709.12,5.03,0.0071,318.72,365.08,4.23,0.0116,297.63
August,21,10:30,173.73,1.08,0.0062,311.72,329.77,5.71,0.0173,333.16,786.12,6.84,0.0087,324.41,391.56,8.38,0.0214,313.84
August,21,11:00,178.61,0.71,0.004,313.84,327.03,4.12,0.0126,335.78,858.31,3.6,0.0042,328.15,424.11,6.45,0.0152,319.88
August,21,11:30,191.44,1.13,0.0059,316.04,371.36,6.05,0.0163,341.31,887.56,5.77,0.0065,330.91,451.83,5.29,0.0117,314.4
August,21,12:00,198.76,1.87,0.0094,311.74,380.32,3.58,0.0094,344.82,884.24,5.84,0.0066,332.48,472.72,8.75,0.0185,314.28
August,21,12:30,197.06,2.72,0.0138,320.55,376.66,4.44,0.0118,346.12,919.62,14.71,0.016,336.94,458.36,5.27,0.0115,321.44
August,21,13:00,197.87,2.35,0.0119,328.5,400.21,3.12,0.0078,344.85,910.6,9.01,0.0099,339.12,452.11,4.02,0.0089,318.88
August,21,13:30,196.05,2.22,0.0113,322.75,420.53,5.3,0.0126,347.81,910.84,13.84,0.0152,337.11,464.14,6.31,0.0136,328.1
August,21,14:00,207.0,2.61,0.0126,324.37,425.0,7.86,0.0185,338.86,936.0,10.02,0.0107,338.89,478.92,7.57,0.0158,333.34
August,21,14:30,212.67,5.02,0.0236,329.51,444.8,12.54,0.0282,351.57,925.42,8.79,0.0095,338.69,488.09,11.47,0.0235,333.82
August,21,15:00,201.53,3.33,0.0165,322.75,431.74,7.12,0.0165,351.76,915.44,4.49,0.0049,340.6,471.5,9.76,0.0207,333.73
August,21,15:30,203.3,4.74,0.0233,321.23,417.95,16.22,0.0388,346.77,911.39,3.65,0.004,339.7,473.5,35.18,0.0743,332.29
August,21,16:00,194.89,1.34,0.0069,338.08,424.52,8.53,0.0201,344.32,885.16,5.22,0.0059,341.48,490.1,24.51,0.05,325.87
August,21,16:30,188.34,1.02,0.0054,335.43,396.5,3.57,0.009,344.05,823.48,4.78,0.0058,343.6,453.95,6.9,0.0152,325.51
August,21,17:00,167.83,1.76,0.0105,321.31,364.9,3.58,0.0098,347.22,776.82,4.74,0.0061,343.0,427.06,2.95,0.0069,334.82
August,21,17:30,134.57,1.14,0.0085,321.41,340.86,3.99,0.0117,352.75,701.69,4.63,0.0066,339.95,371.38,2.45,0.0066,327.22
August,21,18:00,120.86,0.7,0.0058,316.05,309.91,3.29,0.0106,351.62,623.81,4.87,0.0078,341.79,338.27,1.89,0.0056,328.77
August,21,18:30,103.19,0.55,0.0053,337.4,295.9,2.93,0.0099,345.91,569.52,4.27,0.0075,343.64,305.95,1.68,0.0055,315.95
August,21,19:00,64.9,0.29,0.0044,360.51,281.19,4.53,0.0161,346.03,502.38,3.37,0.0067,337.34,278.7,2.34,0.0084,322.0
August,21,19:30,50.19,0.34,0.0068,327.75,243.94,3.02,0.0124,344.89,441.98,6.06,0.0137,337.46,260.37,4.19,0.0161,323.52
August,21,20:00,36.08,0.38,0.0105,318.97,205.34,3.88,0.0189,347.84,380.14,4.98,0.0131,341.54,202.29,4.25,0.021,316.17
August,21,20:30,27.39,0.29,0.0106,310.03,185.27,3.02,0.0163,335.47,337.6,2.09,0.0062,338.9,187.17,1.74,0.0093,306.37
August,21,21:00,17.73,0.45,0.0255,319.53,153.35,2.39,0.0156,322.18,281.48,1.66,0.0059,335.81,155.91,7.19,0.0461,327.26
August,21,21:30,14.05,0.27,0.0194,322.35,138.08,1.49,0.0108,319.45,222.78,1.4,0.0063,339.28,142.34,5.08,0.0357,321.13
August,21,22:00,11.58,0.13,0.0113,331.56,99.87,1.06,0.0106,311.46,184.52,1.25,0.0068,331.08,129.08,1.87,0.0145,319.32
August,21,22:30,9.91,1.49,0.1501,413.3,84.27,0.85,0.0101,307.33,142.43,1.08,0.0076,325.25,89.86,0.7,0.0078,312.87
August,21,23:00,8.45,0.68,0.0804,355.66,50.89,0.31,0.006,329.66,107.46,0.23,0.0021,318.99,70.52,0.59,0.0083,306.56
August,21,23:30,6.28,0.06,0.01,325.65,48.54,0.3,0.0062,324.09,79.68,0.21,0.0026,313.62,52.01,0.83,0.016,288.65
August,22,0:00,11.68,1.21,0.1032,670.51,59.78,0.85,0.0143,296.16,81.87,1.31,0.016,314.26,73.66,1.09,0.0148,333.04
August,22,0:30,9.57,0.66,0.0689,404.7,32.65,0.52,0.0158,293.94,61.11,0.58,0.0095,316.44,48.05,0.19,0.004,321.73
August,22,1:00,9.3,1.45,0.1559,337.04,12.99,0.4,0.0305,361.61,51.26,1.15,0.0224,305.94,34.4,0.16,0.0047,345.93
August,22,1:30,7.62,2.47,0.3237,561.48,11.34,0.4,0.0351,270.98,40.06,0.34,0.0084,309.29,26.51,1.07,0.0403,350.38
August,22,2:00,5.14,0.27,0.052,1103.68,7.09,0.01,0.001,278.23,26.46,0.7,0.0264,277.49,17.17,0.38,0.0223,372.89
August,22,2:30,4.96,0.05,0.01,602.74,5.07,0.0,0.0,303.37,19.71,0.37,0.0189,302.71,9.74,0.29,0.0302,428.58
August,22,3:00,4.59,0.05,0.01,351.3,5.24,0.0,0.0,283.69,18.55,1.53,0.0826,316.38,6.33,0.21,0.0331,496.44
August,22,3:30,4.5,0.02,0.005,392.02,3.36,0.0,0.0,380.88,14.42,0.01,0.0009,341.84,4.73,0.37,0.0789,433.59
August,22,4:00,4.04,0.0,0.0,316.39,3.97,0.02,0.005,268.15,15.71,0.04,0.0023,360.14,3.3,0.19,0.0577,513.71
August,22,4:30,4.4,0.0,0.0,254.98,3.32,0.01,0.0025,293.99,12.63,0.05,0.0042,337.43,3.33,0.14,0.0412,505.83
August,22,5:00,4.77,0.0,0.0,229.72,3.22,0.01,0.0025,291.05,16.97,0.12,0.0069,324.59,5.55,0.15,0.0268,410.5
August,22,5:30,5.78,0.0,0.0,278.91,4.32,0.05,0.0108,316.34,14.55,0.07,0.0045,269.25,5.31,0.13,0.0254,391.89
August,22,6:00,7.19,0.49,0.0687,306.58,5.87,0.16,0.0278,297.47,28.37,0.07,0.0024,234.2,14.19,0.39,0.0273,275.42
August,22,6:30,6.3,0.69,0.1099,332.89,11.7,2.72,0.2324,423.19,44.93,0.86,0.0192,247.89,22.7,1.02,0.0448,258.1
August,22,7:00,16.18,0.47,0.029,310.78,11.53,0.03,0.0022,303.82,80.2,0.18,0.0022,276.98,38.55,0.79,0.0204,275.43
August,22,7:30,21.41,0.85,0.0399,335.44,19.07,0.16,0.0084,278.08,133.54,0.63,0.0047,262.75,66.35,0.62,0.0094,288.38
August,22,8:00,42.18,0.33,0.0079,245.67,35.54,0.09,0.0026,272.49,246.99,0.84,0.0034,267.27,115.44,0.83,0.0072,272.71
August,22,8:30,62.16,0.08,0.0013,288.08,47.51,0.39,0.0083,308.78,331.49,1.43,0.0043,287.83,164.28,1.33,0.0081,294.79
August,22,9:00,87.7,0.33,0.0038,295.06,163.65,0.9,0.0055,306.66,471.85,1.23,0.0026,288.47,223.92,3.34,0.0149,298.48
August,22,9:30,105.56,0.81,0.0077,293.1,196.11,1.14,0.0058,310.86,551.25,4.3,0.0078,299.66,274.37,3.84,0.014,288.73
August,22,10:00,118.9,0.76,0.0064,286.06,251.32,1.83,0.0073,310.58,626.59,5.33,0.0085,306.52,330.91,3.97,0.012,289.91
August,22,10:30,146.18,1.18,0.0081,288.58,269.66,4.99,0.0185,318.95,733.63,9.02,0.0123,315.9,362.91,9.33,0.0257,293.72
August,22,11:00,148.81,0.98,0.0066,298.02,305.78,4.4,0.0144,329.29,777.66,3.89,0.005,317.02,390.8,6.68,0.0171,292.56
August,22,11:30,161.08,1.35,0.0084,305.52,340.62,4.33,0.0127,334.86,851.79,6.73,0.0079,322.85,398.91,6.3,0.0158,298.12
August,22,12:00,160.56,1.36,0.0085,309.03,339.09,2.24,0.0066,326.64,892.52,7.32,0.0082,322.29,421.38,8.98,0.0213,299.36
August,22,12:30,169.61,2.61,0.0154,311.07,367.14,3.85,0.0105,332.8,892.89,16.07,0.018,327.13,431.58,5.78,0.0134,293.54
August,22,13:00,163.43,1.96,0.012,302.73,403.08,3.14,0.0078,329.33,899.3,9.98,0.0111,333.03,427.27,4.96,0.0116,304.3
August,22,13:30,163.74,1.85,0.0113,301.33,403.69,5.97,0.0148,320.42,915.79,15.29,0.0167,328.34,434.26,6.38,0.0147,306.61
August,22,14:00,151.02,2.01,0.0133,308.62,413.71,9.1,0.022,331.04,907.87,12.62,0.0139,337.28,454.12,9.26,0.0204,300.25
August,22,14:30,154.96,2.84,0.0183,301.8,399.67,12.67,0.0317,338.07,883.87,9.99,0.0113,327.35,470.15,20.5,0.0436,308.3
August,22,15:00,165.7,3.2,0.0193,304.34,385.6,6.83,0.0177,329.48,833.43,2.67,0.0032,334.95,433.6,17.69,0.0408,299.68
August,22,15:30,164.96,4.7,0.0285,289.53,389.45,15.77,0.0405,320.15,822.82,1.32,0.0016,335.23,410.08,45.03,0.1098,297.12
August,22,16:00,162.09,1.38,0.0085,303.87,400.77,7.29,0.0182,336.45,799.09,4.32,0.0054,333.88,400.98,28.71,0.0716,310.05
August,22,16:30,147.9,0.89,0.006,297.68,379.95,4.03,0.0106,340.86,738.94,3.55,0.0048,331.71,368.14,9.31,0.0253,306.4
August,22,17:00,156.06,2.51,0.0161,318.03,374.49,3.63,0.0097,333.92,691.56,3.67,0.0053,330.37,353.55,2.9,0.0082,301.18
August,22,17:30,135.2,1.45,0.0107,315.24,358.81,3.62,0.0101,333.7,687.83,3.44,0.005,325.54,353.16,3.0,0.0085,304.2
August,22,18:00,134.56,0.83,0.0062,308.81,342.06,3.39,0.0099,342.56,619.49,2.73,0.0044,327.67,318.23,1.81,0.0057,311.59
August,22,18:30,131.07,0.9,0.0069,311.97,311.47,2.49,0.008,331.55,562.33,3.82,0.0068,331.3,268.39,2.17,0.0081,317.92
August,22,19:00,122.54,0.76,0.0062,299.61,270.87,4.04,0.0149,329.98,512.38,3.48,0.0068,330.78,271.53,2.17,0.008,312.68
August,22,19:30,119.54,1.27,0.0106,298.27,235.09,2.66,0.0113,308.74,475.33,6.23,0.0131,329.86,280.37,5.07,0.0181,323.23
August,22,20:00,78.52,2.02,0.0257,290.52,210.25,3.81,0.0181,326.76,436.74,5.55,0.0127,333.4,241.81,5.49,0.0227,309.2
August,22,20:30,61.97,1.37,0.0221,299.01,195.94,2.47,0.0126,311.02,374.15,1.83,0.0049,324.62,214.33,2.36,0.011,308.5
August,22,21:00,51.66,2.47,0.0479,292.91,160.56,1.88,0.0117,308.45,333.03,1.2,0.0036,324.69,192.54,8.72,0.0453,308.13
August,22,21:30,40.56,1.89,0.0466,310.37,158.68,1.67,0.0105,309.88,257.66,1.24,0.0048,321.63,153.06,5.07,0.0331,313.58
August,22,22:00,33.59,1.41,0.0421,329.64,127.53,1.85,0.0145,306.51,210.93,1.08,0.0051,320.98,145.8,1.94,0.0133,303.76
August,22,22:30,30.65,3.41,0.1112,322.36,101.34,1.52,0.015,299.71,179.6,0.99,0.0055,327.24,113.73,1.76,0.0155,317.23
August,22,23:00,23.34,1.64,0.0703,361.89,75.16,0.83,0.0111,314.85,151.98,0.41,0.0027,327.48,92.92,0.92,0.0099,310.52
August,22,23:30,15.75,0.25,0.0156,230.5,71.89,0.39,0.0054,305.49,124.86,0.5,0.004,313.64,74.62,1.2,0.0161,302.72
August,23,0:00,8.19,0.4,0.0489,820.94,49.93,1.87,0.0375,320.05,45.25,0.48,0.0107,294.95,39.45,0.57,0.0145,316.23
August,23,0:30,6.48,0.18,0.0277,383.27,30.93,0.97,0.0312,313.22,33.53,0.18,0.0054,311.01,27.12,0.11,0.0039,327.93
August,23,1:00,7.21,0.29,0.04,329.05,13.91,0.45,0.0322,453.56,25.12,0.47,0.0187,303.24,18.63,0.1,0.0056,361.92
August,23,1:30,5.99,0.32,0.0533,526.06,10.19,1.17,0.1144,301.57,21.75,0.3,0.014,299.29,13.55,0.51,0.0374,371.12
August,23,2:00,3.93,0.09,0.0233,387.6,6.9,0.87,0.1267,325.0,14.0,0.66,0.0469,283.77,7.84,0.46,0.059,381.77
August,23,2:30,3.76,0.03,0.0083,421.63,6.54,0.19,0.0283,360.14,10.63,0.52,0.0492,302.55,5.88,0.68,0.1155,447.07
August,23,3:00,3.67,0.03,0.0083,259.55,5.69,0.0,0.0,311.1,11.98,0.84,0.0701,285.44,2.52,0.1,0.0402,543.32
August,23,3:30,3.4,0.03,0.0083,300.43,6.2,0.05,0.0075,359.45,8.14,0.03,0.0031,307.94,2.58,0.2,0.0784,361.49
August,23,4:00,3.1,0.05,0.015,361.9,4.74,0.15,0.0325,285.52,6.89,0.0,0.0,313.32,1.85,0.14,0.0757,415.86
August,23,4:30,3.3,0.08,0.025,311.71,4.46,0.14,0.0317,302.39,5.51,0.0,0.0,312.75,1.86,0.13,0.0713,418.63
August,23,5:00,3.84,0.1,0.025,277.33,3.62,0.06,0.0178,593.57,7.26,0.0,0.0006,269.22,2.95,0.06,0.02,377.44
August,23,5:30,4.77,0.35,0.0733,353.36,5.61,0.66,0.1178,330.17,6.89,0.04,0.0056,224.07,2.73,0.08,0.0306,372.88
August,23,6:00,5.87,0.32,0.0537,315.17,5.3,0.58,0.109,298.64,19.33,0.11,0.0056,249.63,8.58,0.31,0.0357,256.3
August,23,6:30,5.21,0.31,0.0598,321.74,9.79,2.11,0.2157,377.25,23.96,0.66,0.0274,252.2,15.77,0.61,0.0387,258.87
August,23,7:00,15.4,0.43,0.0279,297.68,11.23,0.1,0.0091,332.68,41.2,0.19,0.0047,270.22,22.97,0.48,0.0207,270.74
August,23,7:30,14.66,0.63,0.0428,353.15,17.81,0.5,0.0281,279.73,76.68,0.69,0.009,261.69,40.87,0.49,0.0119,282.99
August,23,8:00,32.82,0.19,0.0058,253.5,33.38,0.13,0.0038,279.92,138.43,1.26,0.0091,272.4,77.64,0.68,0.0087,279.52
August,23,8:30,50.39,0.15,0.003,312.45,43.4,0.46,0.0106,318.36,209.53,2.37,0.0113,286.4,113.75,1.08,0.0095,300.85
August,23,9:00,59.36,0.21,0.0036,358.28,124.91,0.79,0.0063,311.19,292.47,1.78,0.0061,293.76,144.66,2.3,0.0159,300.08
August,23,9:30,69.75,0.33,0.0048,326.22,139.38,0.84,0.006,319.2,355.9,3.49,0.0098,300.78,173.37,2.41,0.0139,290.2
August,23,10:00,78.04,0.44,0.0057,314.6,180.27,1.05,0.0058,316.36,442.39,2.48,0.0056,306.73,211.19,2.56,0.0121,288.04
August,23,10:30,103.38,0.91,0.0088,302.97,194.47,3.19,0.0164,322.63,491.39,5.16,0.0105,317.38,241.4,6.9,0.0286,300.03
August,23,11:00,112.3,0.67,0.006,334.73,215.97,2.57,0.0119,328.44,522.71,3.29,0.0063,318.46,254.19,4.8,0.0189,303.94
August,23,11:30,116.5,0.62,0.0053,324.06,231.61,3.52,0.0152,330.99,556.41,4.17,0.0075,318.74,267.48,4.63,0.0173,302.94
August,23,12:00,125.91,1.01,0.008,327.56,236.06,2.2,0.0093,325.2,581.83,3.26,0.0056,319.9,288.16,6.22,0.0216,304.0
August,23,12:30,131.48,2.02,0.0154,329.11,267.98,3.03,0.0113,329.96,579.1,5.91,0.0102,320.2,283.43,3.91,0.0138,301.35
August,23,13:00,126.52,1.38,0.0109,308.27,297.98,3.34,0.0112,326.65,585.39,3.86,0.0066,331.37,286.94,3.41,0.0119,310.49
August,23,13:30,125.74,1.12,0.0089,307.4,299.51,4.37,0.0146,318.97,579.24,12.74,0.022,329.28,292.5,5.0,0.0171,321.37
August,23,14:00,117.46,1.55,0.0132,312.08,313.55,6.96,0.0222,329.25,587.39,16.21,0.0276,335.71,309.25,5.91,0.0191,316.76
August,23,14:30,120.1,2.63,0.0219,298.04,298.01,10.19,0.0342,334.65,588.62,25.02,0.0425,330.64,325.38,13.5,0.0415,318.83
August,23,15:00,129.41,3.26,0.0252,307.35,293.69,7.49,0.0255,329.0,584.47,12.51,0.0214,335.32,316.77,12.42,0.0392,316.03
August,23,15:30,131.83,4.46,0.0338,278.3,295.07,11.45,0.0388,321.49,577.49,4.97,0.0086,336.52,311.5,30.31,0.0973,318.89
August,23,16:00,121.34,0.8,0.0066,279.25,302.59,6.78,0.0224,336.1,572.34,3.15,0.0055,333.57,303.33,17.26,0.0569,318.63
August,23,16:30,115.77,0.44,0.0038,290.58,292.17,3.97,0.0136,340.83,546.18,1.86,0.0034,332.56,292.97,7.06,0.0241,318.13
August,23,17:00,118.82,1.72,0.0145,322.45,287.6,3.05,0.0106,335.7,514.02,1.34,0.0026,332.06,267.4,2.14,0.008,308.77
August,23,17:30,104.77,1.01,0.0096,321.08,273.13,2.98,0.0109,335.32,481.19,2.65,0.0055,325.56,251.68,2.19,0.0087,314.61
August,23,18:00,102.65,0.39,0.0038,309.49,250.77,3.26,0.013,343.07,434.68,1.83,0.0042,329.77,233.58,1.4,0.006,327.15
August,23,18:30,101.45,0.47,0.0046,339.54,233.38,2.36,0.0101,334.77,395.69,1.9,0.0048,336.18,214.03,1.78,0.0083,325.72
August,23,19:00,94.87,0.11,0.0012,318.08,211.51,3.49,0.0165,332.02,352.93,1.76,0.005,332.19,201.53,1.79,0.0089,318.11
August,23,19:30,74.76,0.49,0.0065,297.43,190.03,2.81,0.0148,314.49,323.13,2.23,0.0069,333.28,197.55,3.71,0.0188,330.05
August,23,20:00,49.07,1.72,0.0351,300.18,178.26,3.9,0.0219,328.98,297.54,3.01,0.0101,336.25,176.62,4.27,0.0242,317.22
August,23,20:30,40.57,1.02,0.0252,317.63,170.83,2.94,0.0172,310.07,247.96,2.48,0.01,330.41,155.8,1.96,0.0126,320.99
August,23,21:00,32.7,1.7,0.052,303.12,148.47,1.78,0.012,311.35,223.11,0.83,0.0037,320.97,131.32,6.75,0.0514,322.39
August,23,21:30,29.91,1.37,0.0457,283.03,141.88,1.76,0.0124,312.56,176.9,0.71,0.004,320.57,101.99,3.62,0.0355,331.51
August,23,22:00,26.08,1.53,0.0587,304.78,117.4,1.54,0.0131,304.78,142.77,0.71,0.005,319.8,96.06,1.37,0.0143,331.26
August,23,22:30,24.66,2.63,0.1066,293.94,96.81,1.37,0.0142,309.86,116.59,0.84,0.0072,317.72,85.31,1.43,0.0168,320.84
August,23,23:00,19.43,1.68,0.0865,372.34,77.43,0.88,0.0114,319.41,97.82,0.42,0.0043,313.89,62.27,0.74,0.0119,317.63
August,23,23:30,13.39,0.53,0.0393,235.39,70.68,0.54,0.0077,308.55,73.26,0.3,0.0041,326.14,42.8,0.97,0.0226,317.05
August,24,0:00,0.61,0.02,0.0267,466.06,16.05,0.66,0.0409,312.61,25.63,0.34,0.0134,303.38,15.62,0.26,0.0165,321.83
August,24,0:30,0.51,0.0,0.005,342.01,10.06,0.18,0.0182,298.22,20.49,0.12,0.006,322.63,13.72,0.09,0.0063,338.69
August,24,1:00,0.74,0.01,0.0117,387.43,4.73,0.16,0.0335,334.97,15.65,0.15,0.0095,315.15,8.17,0.06,0.0072,382.16
August,24,1:30,0.45,0.01,0.0142,399.69,3.04,0.12,0.0381,293.35,12.45,0.14,0.0114,300.69,7.25,0.26,0.0363,383.26
August,24,2:00,0.47,0.0,0.0083,350.47,2.31,0.07,0.0308,303.15,7.23,0.15,0.0204,305.49,4.46,0.19,0.0421,378.78
August,24,2:30,0.42,0.0,0.0083,435.6,2.17,0.0,0.0,353.71,5.61,0.08,0.0146,360.5,3.18,0.32,0.0994,427.88
August,24,3:00,0.41,0.0,0.0083,361.43,2.02,0.0,0.0,350.28,6.33,0.15,0.0231,420.6,2.07,0.11,0.0519,523.5
August,24,3:30,0.36,0.0,0.0083,287.47,2.26,0.0,0.0,308.14,4.46,0.01,0.0022,389.23,1.69,0.14,0.0816,335.12
August,24,4:00,0.31,0.0,0.015,313.31,1.58,0.01,0.005,245.59,4.63,0.0,0.0,380.93,1.65,0.15,0.0924,395.18
August,24,4:30,0.4,0.01,0.035,257.0,1.25,0.04,0.0308,266.95,3.27,0.01,0.0037,373.05,2.13,0.2,0.0927,375.98
August,24,5:00,0.4,0.01,0.035,254.98,1.09,0.01,0.0108,475.27,4.39,0.03,0.0065,362.13,2.22,0.09,0.0387,340.23
August,24,5:30,0.34,0.03,0.09,378.06,1.52,0.02,0.0148,400.64,4.77,0.13,0.0275,297.36,2.29,0.1,0.0454,337.48
August,24,6:00,0.46,0.02,0.0495,283.21,1.51,0.07,0.0492,315.94,9.11,0.03,0.003,249.44,4.62,0.16,0.0338,251.68
August,24,6:30,0.7,0.13,0.1887,296.58,3.24,0.65,0.2015,393.71,16.25,0.28,0.0173,272.4,9.73,0.31,0.0317,249.66
August,24,7:00,1.74,0.03,0.0195,268.05,9.79,0.04,0.0042,283.56,27.51,0.17,0.0062,251.87,12.83,0.21,0.0162,267.99
August,24,7:30,2.44,0.05,0.0201,328.23,11.59,0.24,0.0211,273.71,46.97,0.41,0.0088,253.96,22.37,0.25,0.0113,278.71
August,24,8:00,9.82,0.11,0.011,265.37,26.73,0.06,0.0021,278.77,98.02,0.71,0.0072,266.78,42.43,0.34,0.0079,284.26
August,24,8:30,16.62,0.1,0.0058,290.98,39.14,0.2,0.005,303.76,149.04,0.73,0.0049,295.48,60.18,0.5,0.0083,291.76
August,24,9:00,28.08,0.2,0.0073,300.04,67.72,0.27,0.004,305.35,203.16,0.91,0.0045,301.69,89.55,1.28,0.0143,292.07
August,24,9:30,38.45,0.23,0.0059,316.35,88.72,0.55,0.0062,312.74,265.04,1.38,0.0052,312.71,107.31,1.68,0.0157,288.44
August,24,10:00,49.1,0.35,0.0072,313.53,117.19,0.71,0.0061,309.27,310.69,1.55,0.005,309.74,135.1,2.01,0.0149,301.99
August,24,10:30,53.79,0.47,0.0088,315.48,131.39,1.64,0.0125,331.66,331.29,2.78,0.0084,325.97,148.14,4.0,0.027,312.49
August,24,11:00,52.7,0.32,0.006,320.11,149.71,1.87,0.0125,335.87,359.13,2.73,0.0076,332.15,157.15,2.59,0.0165,317.37
August,24,11:30,54.64,0.28,0.0051,330.14,162.66,2.99,0.0184,336.21,372.52,3.2,0.0086,333.38,169.81,2.95,0.0174,317.3
August,24,12:00,55.68,0.48,0.0086,313.19,175.69,1.79,0.0102,330.61,388.18,4.08,0.0105,333.89,181.3,3.79,0.0209,319.9
August,24,12:30,56.62,0.44,0.0078,309.56,183.22,3.08,0.0168,338.23,388.67,5.67,0.0146,333.35,178.16,2.1,0.0118,312.58
August,24,13:00,55.55,0.56,0.0101,307.28,190.94,1.81,0.0095,338.76,380.15,3.54,0.0093,340.97,181.54,1.87,0.0103,320.13
August,24,13:30,57.82,0.53,0.0091,324.22,197.56,3.28,0.0166,336.89,375.92,3.57,0.0095,339.4,181.37,4.03,0.0222,330.73
August,24,14:00,59.41,0.66,0.0111,321.86,207.49,4.38,0.0211,339.84,378.16,3.29,0.0087,341.46,191.47,4.98,0.026,328.91
August,24,14:30,61.67,1.21,0.0196,327.03,204.39,3.84,0.0188,341.07,385.33,4.59,0.0119,339.64,194.39,11.55,0.0594,326.58
August,24,15:00,60.9,1.04,0.0171,327.71,205.94,1.26,0.0061,342.7,383.36,2.76,0.0072,343.89,196.51,9.59,0.0488,323.3
August,24,15:30,62.93,1.25,0.0198,325.81,203.49,2.67,0.0131,338.39,381.86,9.2,0.0241,341.31,195.92,18.08,0.0923,324.18
August,24,16:00,57.89,0.24,0.0041,330.51,205.96,1.67,0.0081,343.37,382.17,4.24,0.0111,341.11,197.09,10.25,0.052,328.17
August,24,16:30,57.14,0.14,0.0025,324.22,198.7,1.55,0.0078,351.81,374.6,1.72,0.0046,341.75,192.31,4.6,0.0239,329.75
August,24,17:00,49.28,0.41,0.0084,327.37,185.25,1.61,0.0087,352.38,356.83,1.03,0.0029,341.85,180.71,1.46,0.0081,328.55
August,24,17:30,48.57,0.31,0.0063,319.87,175.83,1.3,0.0074,348.1,336.62,1.18,0.0035,341.6,170.78,1.55,0.0091,332.06
August,24,18:00,36.94,0.13,0.0036,312.48,157.86,1.31,0.0083,347.92,309.62,1.55,0.005,342.88,157.26,0.94,0.006,337.49
August,24,18:30,33.82,0.18,0.0052,338.35,151.48,1.45,0.0096,340.82,278.46,1.09,0.0039,343.43,149.03,1.1,0.0074,331.44
August,24,19:00,19.8,0.03,0.0013,338.99,133.35,1.24,0.0093,337.92,238.39,1.5,0.0063,345.03,138.35,1.11,0.008,324.25
August,24,19:30,15.79,0.13,0.0081,335.38,121.9,0.74,0.0061,328.2,216.11,2.53,0.0117,343.76,116.71,2.09,0.0179,332.33
August,24,20:00,12.17,0.14,0.0113,328.07,105.36,1.13,0.0107,331.03,193.51,2.48,0.0128,348.52,101.88,2.03,0.0199,321.81
August,24,20:30,10.55,0.15,0.0145,338.53,88.07,0.48,0.0054,314.18,163.77,1.82,0.0111,336.01,91.01,1.13,0.0124,324.81
August,24,21:00,7.08,0.27,0.0375,347.26,69.11,0.64,0.0092,316.47,141.5,0.68,0.0048,331.66,76.56,3.84,0.0501,325.02
August,24,21:30,6.02,0.3,0.0495,317.96,64.34,0.33,0.0052,322.47,119.16,0.83,0.007,331.18,56.73,1.8,0.0317,334.96
August,24,22:00,4.57,0.06,0.0139,338.59,49.11,0.37,0.0075,316.83,95.42,0.5,0.0052,321.11,55.28,0.75,0.0135,341.36
August,24,22:30,2.81,0.31,0.1088,316.19,35.02,0.23,0.0066,309.5,73.25,0.84,0.0115,320.54,46.31,0.77,0.0166,321.12
August,24,23:00,2.57,0.17,0.0663,280.38,27.65,0.22,0.0081,297.82,56.81,0.34,0.0059,315.23,36.04,0.45,0.0124,315.28
August,24,23:30,1.47,0.02,0.0165,289.03,21.82,0.14,0.0066,295.93,42.49,0.29,0.0069,317.53,26.62,0.56,0.021,318.15
August,25,0:00,4.56,0.14,0.0312,577.71,40.86,0.94,0.0229,321.89,70.84,0.8,0.0113,323.96,39.7,0.05,0.0012,320.81
August,25,0:30,3.76,0.05,0.014,368.63,29.02,0.63,0.0217,341.68,48.23,0.34,0.007,321.8,30.08,0.02,0.0007,324.74
August,25,1:00,3.18,0.08,0.0253,391.62,12.04,0.36,0.03,392.97,36.19,0.66,0.0183,318.39,20.68,0.0,0.0,307.7
August,25,1:30,2.35,0.22,0.095,371.16,7.1,0.2,0.0277,302.58,28.75,0.41,0.0142,319.24,17.57,0.1,0.0057,348.19
August,25,2:00,2.04,0.09,0.0433,316.35,4.31,0.0,0.0,351.32,18.67,0.66,0.0353,308.45,13.33,0.76,0.0567,344.66
August,25,2:30,1.72,0.01,0.0033,334.14,4.48,0.01,0.0029,405.11,15.52,0.32,0.0206,300.47,13.67,1.42,0.104,469.39
August,25,3:00,1.82,0.0,0.0,364.03,3.4,0.0,0.0,375.85,23.14,0.91,0.0394,324.15,3.72,0.21,0.0575,491.79
August,25,3:30,1.92,0.0,0.0,405.95,3.55,0.03,0.0075,464.69,25.64,0.08,0.0031,324.56,1.65,0.03,0.0154,272.3
August,25,4:00,1.92,0.0,0.0,579.55,3.17,0.15,0.0483,379.99,16.9,0.0,0.0,363.16,1.69,0.03,0.0187,232.34
August,25,4:30,2.07,0.0,0.0,565.07,2.9,0.1,0.0342,313.63,18.66,0.08,0.0044,320.44,1.65,0.03,0.0202,327.03
August,25,5:00,2.85,0.0,0.0,499.25,2.63,0.03,0.0108,436.02,16.39,0.09,0.0056,299.69,1.6,0.02,0.0114,340.47
August,25,5:30,2.91,0.03,0.0117,710.79,3.21,0.29,0.0908,467.18,15.09,0.2,0.0131,258.83,2.34,0.03,0.0148,321.41
August,25,6:00,2.6,0.16,0.0617,480.48,4.89,0.54,0.11,322.44,31.41,0.19,0.006,238.48,14.36,0.47,0.0325,300.71
August,25,6:30,2.84,0.7,0.2465,418.02,8.22,3.67,0.4464,549.02,52.17,1.18,0.0227,246.59,21.55,1.07,0.0498,272.57
August,25,7:00,9.39,2.09,0.2222,305.34,28.96,0.34,0.0117,349.51,88.09,0.31,0.0035,267.72,33.83,0.04,0.0012,282.21
August,25,7:30,13.8,3.17,0.2295,357.27,47.37,1.68,0.0354,286.31,146.99,0.75,0.0051,253.75,62.73,0.11,0.0018,278.08
August,25,8:00,50.54,1.16,0.023,292.68,90.03,0.56,0.0062,284.48,270.91,0.98,0.0036,274.41,128.32,1.09,0.0085,274.84
August,25,8:30,81.72,1.54,0.0188,307.97,137.71,1.43,0.0104,303.54,394.48,1.5,0.0038,297.82,170.38,0.51,0.003,296.43
August,25,9:00,119.54,0.81,0.0068,307.88,199.26,1.04,0.0052,303.44,562.61,1.01,0.0018,305.91,263.87,1.42,0.0054,296.81
August,25,9:30,163.98,1.25,0.0076,320.63,258.02,1.83,0.0071,314.13,697.05,2.09,0.003,305.83,322.42,1.77,0.0055,297.04
August,25,10:00,172.06,0.84,0.0049,315.61,320.1,1.92,0.006,322.66,815.08,3.34,0.0041,310.81,399.29,2.48,0.0062,296.23
August,25,10:30,206.97,1.08,0.0052,320.11,340.0,4.69,0.0138,330.44,907.55,6.63,0.0073,323.44,396.95,5.52,0.0139,303.17
August,25,11:00,208.96,0.69,0.0033,323.24,373.86,1.53,0.0041,336.81,971.43,3.79,0.0039,325.27,453.58,4.85,0.0107,311.57
August,25,11:30,210.51,1.01,0.0048,322.13,391.58,2.98,0.0076,339.79,996.13,5.38,0.0054,329.42,503.34,6.09,0.0121,315.24
August,25,12:00,215.15,0.9,0.0042,318.56,444.11,2.98,0.0067,341.73,1008.21,6.45,0.0064,329.46,525.39,4.41,0.0084,312.44
August,25,12:30,214.01,1.33,0.0062,321.77,443.9,5.42,0.0122,341.08,1010.85,16.58,0.0164,336.14,511.58,6.45,0.0126,316.19
August,25,13:00,219.19,0.96,0.0044,323.62,445.02,4.01,0.009,339.41,1023.57,9.62,0.0094,340.68,521.21,7.92,0.0152,314.23
August,25,13:30,217.15,0.74,0.0034,323.9,457.47,4.3,0.0094,346.72,1021.08,10.01,0.0098,336.86,517.69,7.14,0.0138,327.5
August,25,14:00,225.54,0.65,0.0029,324.26,481.67,2.65,0.0055,343.13,1015.74,6.81,0.0067,341.99,532.83,6.39,0.012,324.92
August,25,14:30,233.38,0.82,0.0035,317.33,487.61,4.88,0.01,348.09,1029.37,8.44,0.0082,347.33,532.23,7.88,0.0148,333.52
August,25,15:00,222.86,1.14,0.0051,319.07,476.76,3.15,0.0066,345.84,1028.83,6.38,0.0062,342.05,518.54,5.29,0.0102,332.0
August,25,15:30,223.23,1.99,0.0089,321.09,475.05,4.89,0.0103,341.67,1021.09,15.93,0.0156,339.52,526.13,6.0,0.0114,324.95
August,25,16:00,216.51,1.36,0.0063,323.8,490.59,2.89,0.0059,347.45,995.42,13.14,0.0132,343.61,515.68,1.6,0.0031,325.07
August,25,16:30,210.36,0.5,0.0024,330.95,471.91,3.3,0.007,344.89,946.58,6.82,0.0072,343.71,498.63,1.55,0.0031,327.06
August,25,17:00,189.83,1.1,0.0058,327.26,468.98,5.72,0.0122,349.54,914.54,7.04,0.0077,345.53,489.5,1.57,0.0032,329.62
August,25,17:30,169.8,1.43,0.0084,320.63,435.17,6.18,0.0142,354.74,809.26,5.75,0.0071,344.07,436.11,1.4,0.0032,330.35
August,25,18:00,149.8,0.9,0.006,320.69,389.16,5.56,0.0143,349.47,761.19,7.16,0.0094,344.97,402.99,1.81,0.0045,331.18
August,25,18:30,135.66,1.02,0.0075,340.25,356.57,3.96,0.0111,339.23,669.87,5.63,0.0084,341.43,361.02,0.83,0.0023,320.46
August,25,19:00,87.67,0.39,0.0044,355.33,321.21,2.06,0.0064,343.32,596.82,8.53,0.0143,344.86,339.09,1.9,0.0056,316.21
August,25,19:30,65.59,0.4,0.0061,334.41,300.66,1.98,0.0066,341.26,525.7,14.04,0.0267,346.78,299.96,3.84,0.0128,323.29
August,25,20:00,50.3,1.13,0.0225,335.97,256.23,2.95,0.0115,342.4,455.14,7.28,0.016,347.02,262.13,5.14,0.0196,320.09
August,25,20:30,44.09,1.45,0.0328,319.58,216.5,2.38,0.011,330.27,373.57,2.32,0.0062,344.42,238.69,2.84,0.0119,320.31
August,25,21:00,28.89,0.88,0.0304,326.37,171.9,1.25,0.0073,328.75,334.83,1.14,0.0034,333.98,180.9,2.95,0.0163,312.84
August,25,21:30,22.97,0.52,0.0225,341.16,154.47,1.16,0.0075,323.37,258.99,1.01,0.0039,333.14,164.04,0.84,0.0051,308.6
August,25,22:00,17.88,0.37,0.0205,340.65,125.45,2.36,0.0188,306.85,234.74,1.92,0.0082,327.42,148.51,1.19,0.008,318.53
August,25,22:30,13.39,3.47,0.2588,376.21,95.3,1.07,0.0112,304.35,174.51,0.75,0.0043,319.66,112.51,0.29,0.0026,315.17
August,25,23:00,10.67,1.09,0.1021,351.84,69.36,0.26,0.0038,325.44,146.54,0.18,0.0012,311.3,80.19,0.19,0.0024,306.19
August,25,23:30,10.03,1.35,0.1349,333.11,57.27,0.61,0.0107,316.54,103.66,0.2,0.0019,305.12,64.15,0.3,0.0046,298.71
August,26,0:00,3.97,0.12,0.0312,626.22,31.05,0.93,0.0298,302.73,59.43,0.87,0.0147,335.01,33.52,0.33,0.0097,293.38
August,26,0:30,3.06,0.04,0.014,375.43,22.55,0.53,0.0236,288.17,37.28,0.27,0.0073,311.61,23.67,0.16,0.0068,291.76
August,26,1:00,2.77,0.04,0.0153,425.94,8.61,0.32,0.0369,319.59,31.96,0.8,0.0251,314.63,17.86,0.08,0.0043,329.24
August,26,1:30,2.14,0.17,0.08,397.11,5.13,0.38,0.0737,342.1,23.65,0.46,0.0193,311.86,12.54,0.09,0.007,315.96
August,26,2:00,1.77,0.07,0.0383,294.43,3.59,0.02,0.0059,362.64,14.6,0.38,0.0257,305.52,10.63,0.43,0.0408,327.74
August,26,2:30,1.58,0.01,0.0033,340.78,3.38,0.0,0.0,413.21,15.52,0.51,0.0326,299.45,9.61,0.27,0.0286,308.74
August,26,3:00,1.68,0.0,0.0,374.72,2.85,0.0,0.0,362.53,11.94,0.32,0.0269,334.64,2.75,0.07,0.0252,372.36
August,26,3:30,1.61,0.0,0.0,398.67,2.61,0.0,0.0,276.61,11.36,0.07,0.006,316.33,0.98,0.01,0.007,402.39
August,26,4:00,1.57,0.0,0.0,591.59,1.75,0.01,0.005,288.82,9.94,0.25,0.0247,315.67,1.01,0.0,0.004,344.15
August,26,4:30,1.8,0.0,0.0,574.65,1.75,0.0,0.0025,242.58,10.09,0.36,0.0359,333.83,0.98,0.0,0.0049,364.84
August,26,5:00,2.5,0.0,0.0,502.03,1.8,0.0,0.0025,300.38,12.56,0.02,0.0018,294.47,1.08,0.01,0.0047,367.65
August,26,5:30,2.4,0.02,0.0067,743.67,2.33,0.01,0.0025,281.34,17.57,0.18,0.0104,280.63,1.68,0.01,0.0047,342.26
August,26,6:00,2.33,0.11,0.0479,490.38,3.79,0.04,0.0108,292.3,28.15,0.08,0.0029,251.63,12.13,0.06,0.0047,278.19
August,26,6:30,2.6,0.6,0.2311,406.2,6.15,0.85,0.1389,410.18,51.37,1.05,0.0204,241.36,22.33,1.3,0.058,270.76
August,26,7:00,8.43,1.58,0.1873,310.6,23.26,0.2,0.0084,300.97,76.69,0.82,0.0107,264.34,39.49,0.31,0.0079,268.47
August,26,7:30,11.57,2.32,0.2001,374.51,41.97,0.85,0.0203,290.37,148.68,1.13,0.0076,253.72,56.01,0.59,0.0106,267.87
August,26,8:00,41.31,0.95,0.0229,298.06,74.67,0.24,0.0032,283.15,248.77,1.59,0.0064,282.52,114.91,1.06,0.0092,276.51
August,26,8:30,69.14,1.06,0.0154,310.83,113.27,0.95,0.0084,288.63,341.44,2.59,0.0076,305.04,162.19,3.6,0.0222,291.89
August,26,9:00,105.11,0.61,0.0058,308.96,171.23,0.98,0.0057,290.8,518.35,2.38,0.0046,316.48,231.52,2.57,0.0111,293.27
August,26,9:30,142.28,1.07,0.0075,322.29,220.34,1.3,0.0059,313.27,640.56,6.21,0.0097,319.8,274.06,4.69,0.0171,293.35
August,26,10:00,152.18,0.96,0.0063,315.09,257.25,1.59,0.0062,317.3,704.87,5.15,0.0073,321.27,331.66,6.93,0.0209,295.93
August,26,10:30,180.67,0.94,0.0052,320.37,284.27,2.5,0.0088,323.06,831.3,9.56,0.0115,324.65,345.71,11.96,0.0346,301.71
August,26,11:00,181.56,0.49,0.0027,321.87,322.75,3.16,0.0098,330.14,875.68,5.08,0.0058,334.81,388.23,7.34,0.0189,306.62
August,26,11:30,183.42,0.7,0.0038,317.97,333.76,4.71,0.0141,329.38,887.59,7.01,0.0079,337.01,425.53,10.3,0.0242,307.59
August,26,12:00,189.79,0.85,0.0045,318.68,361.35,4.59,0.0127,334.3,906.05,11.78,0.013,339.56,454.34,6.41,0.0141,312.95
August,26,12:30,187.59,1.11,0.0059,319.83,363.25,5.96,0.0164,340.57,915.71,18.86,0.0206,351.01,442.95,6.38,0.0144,313.19
August,26,13:00,192.96,1.02,0.0053,325.52,374.93,6.15,0.0164,331.6,915.53,13.73,0.015,348.6,443.85,9.63,0.0217,312.2
August,26,13:30,190.63,0.46,0.0024,323.18,395.02,6.72,0.017,332.52,913.17,17.35,0.019,346.39,438.74,9.17,0.0209,311.4
August,26,14:00,197.68,0.45,0.0023,324.15,410.26,6.15,0.015,330.88,899.4,11.78,0.0131,348.93,469.83,11.23,0.0239,316.09
August,26,14:30,203.2,0.63,0.0031,317.66,424.31,3.65,0.0086,335.8,915.69,18.77,0.0205,358.07,465.61,10.76,0.0231,326.27
August,26,15:00,194.41,1.13,0.0058,317.04,406.55,1.79,0.0044,339.49,909.84,6.73,0.0074,358.73,448.06,10.08,0.0225,323.66
August,26,15:30,194.68,2.22,0.0114,320.13,394.34,2.64,0.0067,342.86,908.71,8.0,0.0088,354.2,458.9,14.18,0.0309,321.52
August,26,16:00,186.5,1.16,0.0062,323.64,402.94,1.41,0.0035,341.16,887.59,4.97,0.0056,353.11,464.2,7.89,0.017,320.84
August,26,16:30,180.17,0.4,0.0022,328.49,402.97,1.77,0.0044,345.56,822.21,2.96,0.0036,348.16,445.51,5.17,0.0116,320.51
August,26,17:00,165.97,1.03,0.0062,325.05,363.37,2.22,0.0061,342.14,794.3,6.04,0.0076,350.69,428.69,3.3,0.0077,328.77
August,26,17:30,149.28,0.88,0.0059,320.22,348.06,2.12,0.0061,346.92,732.6,5.13,0.007,344.83,378.09,4.31,0.0114,318.17
August,26,18:00,130.79,0.56,0.0043,320.57,300.58,2.13,0.0071,339.98,684.34,6.36,0.0093,346.17,348.25,2.09,0.006,320.7
August,26,18:30,119.71,0.71,0.0059,339.19,282.88,2.72,0.0096,338.68,605.14,3.75,0.0062,349.1,307.66,2.0,0.0065,307.91
August,26,19:00,73.38,0.24,0.0033,352.82,262.57,2.1,0.008,333.96,550.06,7.21,0.0131,343.32,291.03,4.89,0.0168,311.15
August,26,19:30,56.01,0.25,0.0044,336.12,239.43,1.17,0.0049,330.76,471.76,7.55,0.016,340.56,266.65,5.2,0.0195,311.18
August,26,20:00,48.45,0.69,0.0143,337.83,211.0,2.98,0.0141,335.34,406.31,9.51,0.0234,346.4,251.05,11.9,0.0474,308.87
August,26,20:30,38.72,0.92,0.0237,317.95,175.0,2.89,0.0165,327.67,343.37,4.43,0.0129,338.62,207.7,5.25,0.0253,316.16
August,26,21:00,25.8,0.75,0.029,321.04,145.12,3.15,0.0217,325.22,289.57,2.55,0.0088,337.56,149.47,5.25,0.0351,318.45
August,26,21:30,19.89,0.76,0.0384,337.09,115.65,1.48,0.0128,329.52,225.96,1.97,0.0087,349.87,136.5,5.88,0.0431,307.43
August,26,22:00,15.56,0.84,0.0539,346.82,104.03,2.11,0.0203,317.64,198.3,2.44,0.0123,346.87,113.61,2.77,0.0244,315.8
August,26,22:30,11.93,2.6,0.2177,383.86,79.56,0.44,0.0055,295.84,143.78,0.47,0.0033,323.13,92.74,0.91,0.0098,290.71
August,26,23:00,9.42,0.77,0.0821,349.07,57.45,0.36,0.0062,293.29,124.59,0.54,0.0043,327.35,65.3,0.47,0.0072,298.05
August,26,23:30,8.04,0.54,0.0675,342.35,43.26,0.23,0.0053,286.01,82.7,0.16,0.0019,316.8,52.18,0.59,0.0113,293.14
August,27,0:00,3.43,0.11,0.0313,896.8,34.57,0.87,0.0253,303.61,51.73,0.74,0.0143,327.38,0.0,0.0,0.0171,320.28
August,27,0:30,2.65,0.06,0.0227,398.41,23.34,0.37,0.0158,287.15,39.32,0.36,0.0092,334.05,0.0,0.0,0.0056,321.53
August,27,1:00,2.64,0.07,0.0253,364.97,8.66,0.2,0.0233,374.54,31.88,0.59,0.0185,333.32,0.0,0.0,0.0098,351.38
August,27,1:30,2.1,0.28,0.1342,501.17,6.21,0.52,0.083,298.14,27.14,0.5,0.0186,294.79,0.0,0.0,0.0326,364.86
August,27,2:00,1.79,0.12,0.0667,530.45,3.91,0.37,0.0939,333.21,17.13,0.68,0.0399,306.65,0.0,0.0,0.04,364.5
August,27,2:30,1.53,0.02,0.01,587.49,3.55,0.05,0.0139,352.57,12.96,0.3,0.0233,358.27,0.0,0.0,0.025,366.87
August,27,3:00,1.79,0.01,0.0083,500.61,3.41,0.0,0.0,314.16,13.18,0.32,0.0243,429.11,0.0,0.0,0.0452,433.64
August,27,3:30,1.6,0.01,0.0067,518.28,3.62,0.0,0.0,323.88,10.25,0.02,0.0024,389.38,0.0,0.0,0.0553,394.69
August,27,4:00,1.49,0.01,0.005,481.04,2.98,0.02,0.0083,263.18,9.18,0.09,0.0096,350.59,0.0,0.0,0.0458,434.25
August,27,4:30,1.73,0.01,0.005,457.39,2.59,0.1,0.0375,266.77,9.05,0.12,0.0137,344.49,0.0,0.0,0.0245,406.43
August,27,5:00,2.35,0.01,0.005,433.05,2.34,0.04,0.0178,493.5,11.04,0.31,0.0284,352.83,0.0,0.0,0.0249,435.11
August,27,5:30,2.28,0.02,0.01,483.65,3.73,0.29,0.0768,321.33,11.4,0.93,0.0816,333.33,0.0,0.0,0.0159,410.53
August,27,6:00,2.53,0.18,0.07,287.75,4.59,0.19,0.0405,271.99,28.91,0.28,0.0096,258.91,0.0,0.0,0.0229,274.17
August,27,6:30,2.39,0.25,0.1041,323.53,6.81,1.29,0.1896,360.51,52.97,0.81,0.0153,258.96,0.0,0.0,0.0716,256.98
August,27,7:00,9.14,0.35,0.0378,288.31,24.22,0.19,0.0079,270.49,83.4,0.55,0.0066,261.11,0.0,0.0,0.0329,267.96
August,27,7:30,18.39,0.7,0.038,340.16,40.06,0.77,0.0192,282.53,133.08,1.54,0.0116,263.79,0.0,0.0,0.0144,277.88
August,27,8:00,41.69,0.5,0.0121,275.81,77.08,0.28,0.0036,278.72,270.27,1.7,0.0063,274.52,0.0,0.0,0.0079,270.99
August,27,8:30,70.93,0.79,0.0112,305.56,122.81,0.74,0.006,295.52,364.84,2.01,0.0055,311.62,0.0,0.0,0.0142,289.8
August,27,9:00,110.15,0.63,0.0057,316.62,186.69,0.82,0.0044,297.73,526.45,2.63,0.005,313.53,0.0,0.0,0.0164,289.25
August,27,9:30,132.29,0.73,0.0055,316.8,231.09,1.57,0.0068,314.17,665.75,4.93,0.0074,308.09,0.0,0.0,0.0161,297.28
August,27,10:00,147.29,0.69,0.0047,310.8,266.72,1.15,0.0043,313.81,769.78,5.7,0.0074,314.05,0.0,0.0,0.0126,294.61
August,27,10:30,185.07,1.43,0.0077,312.87,318.74,3.73,0.0117,328.76,838.78,10.23,0.0122,321.53,0.0,0.0,0.0331,303.69
August,27,11:00,184.9,0.89,0.0048,311.97,322.22,3.38,0.0105,337.88,888.71,7.82,0.0088,321.15,0.0,0.0,0.025,307.78
August,27,11:30,183.35,0.92,0.005,311.37,362.38,5.51,0.0152,334.71,922.75,12.64,0.0137,326.08,0.0,0.0,0.0132,309.46
August,27,12:00,189.58,0.97,0.0051,308.29,370.29,2.7,0.0073,339.14,930.3,13.86,0.0149,329.0,0.0,0.0,0.0165,312.07
August,27,12:30,190.62,1.11,0.0058,316.91,364.15,4.95,0.0136,342.65,931.22,19.0,0.0204,336.41,0.0,0.0,0.0152,311.54
August,27,13:00,196.81,0.77,0.0039,322.61,377.33,4.41,0.0117,339.15,927.52,11.78,0.0127,341.9,0.0,0.0,0.0167,307.24
August,27,13:30,190.84,0.86,0.0045,320.65,398.95,5.07,0.0127,343.01,906.49,12.42,0.0137,338.09,0.0,0.0,0.018,314.28
August,27,14:00,195.31,1.13,0.0058,318.0,423.68,5.93,0.014,338.4,919.98,10.76,0.0117,340.53,0.0,0.0,0.0211,320.68
August,27,14:30,206.0,1.63,0.0079,318.73,438.16,6.0,0.0137,344.32,925.36,16.93,0.0183,343.14,0.0,0.0,0.0536,331.19
August,27,15:00,195.66,1.88,0.0096,319.39,423.44,3.64,0.0086,342.61,926.35,23.53,0.0254,335.68,0.0,0.0,0.0515,323.54
August,27,15:30,193.91,2.99,0.0154,316.66,411.81,4.94,0.012,343.37,913.53,77.74,0.0851,336.25,0.0,0.0,0.1264,321.53
August,27,16:00,189.25,2.69,0.0142,323.67,404.53,1.98,0.0049,344.56,890.08,55.72,0.0626,343.38,0.0,0.0,0.0741,320.29
August,27,16:30,183.98,1.07,0.0058,329.04,396.08,1.98,0.005,344.01,858.69,27.13,0.0316,344.2,0.0,0.0,0.0196,317.05
August,27,17:00,168.64,1.38,0.0082,320.68,336.89,3.03,0.009,343.94,815.87,13.3,0.0163,344.87,0.0,0.0,0.0083,327.16
August,27,17:30,144.49,0.81,0.0056,324.5,326.86,4.09,0.0125,347.88,726.85,5.38,0.0074,339.96,0.0,0.0,0.0087,321.26
August,27,18:00,132.78,0.82,0.0062,324.43,301.5,3.11,0.0103,345.93,670.43,8.58,0.0128,343.05,0.0,0.0,0.0048,320.16
August,27,18:30,116.95,0.65,0.0056,329.39,298.76,3.64,0.0122,345.38,625.59,6.51,0.0104,343.36,0.0,0.0,0.0061,309.11
August,27,19:00,74.68,0.22,0.0029,350.81,276.46,2.6,0.0094,337.62,542.82,4.4,0.0081,339.76,0.0,0.0,0.0075,315.58
August,27,19:30,53.57,0.19,0.0036,332.63,255.28,1.58,0.0062,341.87,478.83,4.07,0.0085,342.79,0.0,0.0,0.0163,310.42
August,27,20:00,48.54,0.74,0.0152,322.46,208.39,2.13,0.0102,345.04,423.62,6.14,0.0145,342.54,0.0,0.0,0.0225,306.72
August,27,20:30,33.63,0.6,0.0179,310.6,180.5,1.12,0.0062,331.11,349.82,2.9,0.0083,338.47,0.0,0.0,0.0151,315.65
August,27,21:00,26.84,1.25,0.0464,317.13,149.4,1.11,0.0074,327.82,313.93,1.13,0.0036,335.68,0.0,0.0,0.0502,325.59
August,27,21:30,17.96,0.43,0.0237,322.95,126.2,0.92,0.0073,321.65,248.09,1.12,0.0045,341.34,0.0,0.0,0.033,302.63
August,27,22:00,13.94,0.74,0.0528,325.86,103.75,2.15,0.0207,317.04,224.82,1.87,0.0083,323.79,0.0,0.0,0.0146,307.34
August,27,22:30,12.2,2.61,0.2142,396.67,81.87,1.12,0.0137,301.92,158.17,0.68,0.0043,320.57,0.0,0.0,0.0137,274.46
August,27,23:00,8.72,0.8,0.0923,386.48,53.89,0.3,0.0055,304.14,130.64,0.3,0.0023,313.51,0.0,0.0,0.0101,278.39
August,27,23:30,6.58,0.13,0.0193,330.65,41.52,0.39,0.0093,294.15,91.05,0.22,0.0024,307.94,0.0,0.0,0.0135,278.81
August,28,0:00,4.21,0.3,0.0719,905.8,32.04,0.62,0.0195,309.04,53.72,0.52,0.0097,308.83,0.0,0.0,0.0224,317.47
August,28,0:30,3.0,0.16,0.0528,420.07,20.39,0.29,0.0141,299.14,37.46,0.25,0.0067,315.45,0.0,0.0,0.0074,324.8
August,28,1:00,3.32,0.41,0.1247,333.9,7.71,0.18,0.0232,421.24,32.73,0.54,0.0165,316.21,0.0,0.0,0.0078,348.22
August,28,1:30,2.56,0.67,0.2635,489.05,6.22,0.64,0.1022,276.31,25.73,0.42,0.0165,305.97,0.0,0.0,0.0449,358.11
August,28,2:00,1.89,0.16,0.0833,809.82,4.1,0.53,0.1295,285.67,17.47,0.48,0.0275,288.4,0.0,0.0,0.0288,355.71
August,28,2:30,1.63,0.03,0.02,584.45,4.08,0.1,0.0233,320.32,13.22,0.48,0.0366,385.04,0.0,0.0,0.0462,382.74
August,28,3:00,1.81,0.03,0.0183,422.09,3.62,0.0,0.0,299.85,10.38,0.39,0.0376,471.82,0.0,0.0,0.0622,459.55
August,28,3:30,1.9,0.02,0.0117,471.02,3.88,0.02,0.005,354.9,9.85,0.05,0.0047,378.62,0.0,0.0,0.1005,384.21
August,28,4:00,1.64,0.01,0.005,502.06,2.81,0.07,0.0258,268.59,9.39,0.06,0.0062,394.05,0.0,0.0,0.0879,417.41
August,28,4:30,1.89,0.01,0.005,455.69,2.56,0.12,0.0475,272.11,8.68,0.05,0.0057,384.8,0.0,0.0,0.06,450.33
August,28,5:00,2.87,0.01,0.005,419.65,2.13,0.03,0.0158,439.66,10.44,0.03,0.0031,437.01,0.0,0.0,0.0394,427.17
August,28,5:30,2.66,0.01,0.005,522.96,3.87,0.28,0.0728,342.71,10.03,0.08,0.008,332.46,0.0,0.0,0.0225,401.87
August,28,6:00,2.89,0.36,0.1233,347.22,4.13,0.75,0.1827,279.76,27.67,0.03,0.0011,245.51,0.0,0.0,0.0354,277.11
August,28,6:30,2.49,0.33,0.1336,369.93,6.35,1.88,0.2966,374.58,50.08,1.46,0.0292,264.71,0.0,0.0,0.0644,256.23
August,28,7:00,9.55,1.02,0.107,314.26,25.64,0.15,0.0059,282.95,82.46,0.42,0.0051,267.03,0.0,0.0,0.0348,269.99
August,28,7:30,15.62,1.82,0.1168,351.03,34.27,0.5,0.0145,279.85,134.68,0.89,0.0066,258.67,0.0,0.0,0.014,287.65
August,28,8:00,41.48,0.6,0.0145,273.61,75.8,0.26,0.0034,280.12,266.2,0.77,0.0029,264.68,0.0,0.0,0.0098,269.2
August,28,8:30,72.1,0.71,0.0098,307.27,107.61,0.96,0.0089,289.01,356.69,0.86,0.0024,308.52,0.0,0.0,0.0127,280.32
August,28,9:00,110.56,0.5,0.0045,319.54,163.65,0.77,0.0047,294.76,526.13,1.32,0.0025,309.82,0.0,0.0,0.0155,283.76
August,28,9:30,134.69,0.71,0.0053,316.63,209.35,2.07,0.0099,314.07,653.35,3.33,0.0051,310.79,0.0,0.0,0.0124,293.06
August,28,10:00,148.39,0.62,0.0042,313.86,244.95,3.18,0.013,318.73,747.59,7.63,0.0102,321.51,0.0,0.0,0.0092,291.74
August,28,10:30,186.94,1.5,0.008,317.51,291.48,4.08,0.014,325.06,814.38,12.05,0.0148,323.73,0.0,0.0,0.0295,306.29
August,28,11:00,182.22,0.8,0.0044,315.38,301.27,4.04,0.0134,333.58,867.15,7.11,0.0082,327.37,0.0,0.0,0.0236,308.52
August,28,11:30,185.71,0.85,0.0046,315.33,333.01,6.16,0.0185,336.87,904.24,9.58,0.0106,332.53,0.0,0.0,0.0143,309.71
August,28,12:00,191.84,1.06,0.0055,309.0,352.6,3.42,0.0097,338.3,914.84,11.98,0.0131,332.69,0.0,0.0,0.0137,312.42
August,28,12:30,192.81,1.43,0.0074,317.97,350.95,5.23,0.0149,341.15,921.17,20.54,0.0223,339.97,0.0,0.0,0.015,310.31
August,28,13:00,197.51,0.75,0.0038,324.82,370.64,3.85,0.0104,337.27,917.55,13.67,0.0149,338.63,0.0,0.0,0.0165,306.31
August,28,13:30,192.61,0.71,0.0037,319.75,390.82,5.43,0.0139,339.18,907.32,16.15,0.0178,336.34,0.0,0.0,0.0195,312.25
August,28,14:00,197.65,1.34,0.0068,317.42,424.91,7.05,0.0166,335.29,920.45,12.89,0.014,339.55,0.0,0.0,0.021,317.79
August,28,14:30,207.7,1.89,0.0091,318.57,429.21,8.84,0.0206,345.1,922.08,18.72,0.0203,338.22,0.0,0.0,0.0675,329.3
August,28,15:00,197.45,2.25,0.0114,316.36,423.17,4.1,0.0097,344.36,915.39,7.6,0.0083,340.63,0.0,0.0,0.0661,323.89
August,28,15:30,195.76,3.05,0.0156,316.51,406.5,7.68,0.0189,342.1,900.27,6.57,0.0073,339.06,0.0,0.0,0.1672,321.35
August,28,16:00,192.2,2.48,0.0129,323.34,419.85,6.34,0.0151,342.92,886.58,2.93,0.0033,341.22,0.0,0.0,0.0946,322.03
August,28,16:30,186.19,1.1,0.0059,326.95,397.12,3.34,0.0084,341.08,843.86,2.87,0.0034,345.08,0.0,0.0,0.0292,315.2
August,28,17:00,167.29,1.49,0.0089,320.36,341.44,2.97,0.0087,342.48,804.75,5.79,0.0072,340.06,0.0,0.0,0.0095,327.36
August,28,17:30,145.39,0.71,0.0049,324.51,317.53,3.11,0.0098,349.07,718.04,5.24,0.0073,339.04,0.0,0.0,0.0122,320.7
August,28,18:00,135.09,0.81,0.006,330.49,288.66,2.42,0.0084,346.5,662.35,6.62,0.01,341.07,0.0,0.0,0.0059,317.56
August,28,18:30,115.04,0.67,0.0058,333.78,274.44,2.69,0.0098,338.57,600.43,6.6,0.011,340.73,0.0,0.0,0.0091,309.63
August,28,19:00,73.46,0.24,0.0032,352.29,259.86,2.91,0.0112,337.94,529.83,7.52,0.0142,332.78,0.0,0.0,0.008,315.72
August,28,19:30,54.77,0.2,0.0037,335.07,226.28,1.74,0.0077,335.26,465.07,9.39,0.0202,337.41,0.0,0.0,0.0206,307.5
August,28,20:00,47.2,0.99,0.021,332.38,184.65,2.44,0.0132,336.31,396.47,7.81,0.0197,339.17,0.0,0.0,0.0264,307.22
August,28,20:30,30.74,0.93,0.0301,318.02,168.82,1.5,0.0089,329.07,337.66,4.19,0.0124,334.68,0.0,0.0,0.0167,315.87
August,28,21:00,19.4,1.06,0.0544,328.95,140.9,1.47,0.0104,325.19,298.81,2.06,0.0069,335.63,0.0,0.0,0.039,322.06
August,28,21:30,14.55,0.49,0.034,324.64,122.29,1.11,0.0091,318.31,237.61,2.23,0.0094,340.09,0.0,0.0,0.0331,311.09
August,28,22:00,12.95,0.71,0.0548,319.6,90.64,0.8,0.0088,310.66,192.25,2.13,0.0111,322.53,0.0,0.0,0.0129,309.31
August,28,22:30,12.01,2.29,0.1909,393.55,75.76,0.48,0.0063,292.24,148.04,1.32,0.0089,318.72,0.0,0.0,0.0159,274.79
August,28,23:00,7.95,0.67,0.0847,362.08,45.84,0.19,0.0042,300.99,114.93,0.53,0.0046,318.17,0.0,0.0,0.0065,279.6
August,28,23:30,6.43,0.24,0.0377,308.72,42.21,0.22,0.0053,296.92,78.52,0.51,0.0065,307.17,0.0,0.0,0.0072,282.23
August,29,0:00,9.0,1.32,0.1468,571.21,61.77,1.3,0.021,295.65,93.22,0.51,0.0055,325.75,0.0,0.0,0.0178,316.02
August,29,0:30,6.2,1.06,0.171,429.65,34.48,0.57,0.0164,294.98,51.08,0.25,0.0049,320.35,0.0,0.0,0.0065,320.53
August,29,1:00,5.72,1.24,0.2167,354.22,14.11,0.61,0.0434,347.78,49.22,0.43,0.0088,316.04,0.0,0.0,0.0167,322.37
August,29,1:30,5.0,0.89,0.1783,476.99,9.53,0.4,0.0422,322.24,39.84,0.31,0.0078,293.08,0.0,0.0,0.0331,333.68
August,29,2:00,4.08,0.16,0.04,579.08,6.58,0.32,0.0491,332.12,22.31,0.61,0.0272,279.6,0.0,0.0,0.025,326.68
August,29,2:30,3.79,0.05,0.0142,590.71,7.2,0.04,0.0057,404.22,16.94,0.39,0.0229,394.86,0.0,0.0,0.0183,329.39
August,29,3:00,4.15,0.01,0.0025,495.46,7.34,0.0,0.0,407.96,18.73,0.87,0.0463,432.01,0.0,0.0,0.0497,435.67
August,29,3:30,3.82,0.01,0.0025,528.67,7.52,0.0,0.0,232.65,15.36,0.02,0.0016,360.47,0.0,0.0,0.0542,589.66
August,29,4:00,3.61,0.0,0.0,438.29,4.74,0.02,0.005,234.58,14.49,0.18,0.0125,382.79,0.0,0.0,0.0433,1738.43
August,29,4:30,4.11,0.0,0.0,408.51,4.37,0.13,0.0308,271.88,12.11,0.15,0.012,379.9,0.0,0.0,0.022,701.34
August,29,5:00,5.31,0.0,0.0,407.93,3.72,0.04,0.0108,577.62,15.13,0.11,0.0073,543.0,0.0,0.0,0.0229,467.95
August,29,5:30,4.91,0.05,0.01,483.36,6.87,0.1,0.0148,375.53,18.98,0.36,0.0191,355.28,0.0,0.0,0.0178,364.89
August,29,6:00,4.77,0.17,0.035,286.36,6.57,0.21,0.0325,308.56,25.04,0.27,0.0108,298.2,0.0,0.0,0.0229,241.34
August,29,6:30,4.69,0.28,0.0602,289.96,11.12,2.25,0.2025,362.09,47.21,2.28,0.0484,275.36,0.0,0.0,0.0576,284.3
August,29,7:00,14.83,0.74,0.0498,247.44,12.75,0.08,0.0059,275.66,85.67,1.33,0.0155,267.26,0.0,0.0,0.0331,271.58
August,29,7:30,20.65,1.01,0.049,340.81,17.19,0.19,0.0109,280.14,138.06,2.76,0.02,266.89,0.0,0.0,0.0152,271.37
August,29,8:00,45.93,0.53,0.0116,252.35,36.76,0.19,0.0052,277.55,273.36,3.06,0.0112,270.59,0.0,0.0,0.0083,277.89
August,29,8:30,78.69,0.78,0.0099,279.3,48.15,0.55,0.0115,284.67,341.24,3.89,0.0114,293.27,0.0,0.0,0.0136,278.51
August,29,9:00,107.82,0.56,0.0052,280.15,144.55,0.87,0.006,286.6,512.85,3.64,0.0071,293.3,0.0,0.0,0.0171,281.89
August,29,9:30,128.56,0.85,0.0066,282.7,179.23,1.27,0.0071,301.16,591.75,6.04,0.0102,308.96,0.0,0.0,0.0163,283.22
August,29,10:00,139.14,0.64,0.0046,280.7,235.65,2.05,0.0087,304.91,694.66,6.81,0.0098,311.42,0.0,0.0,0.0109,297.02
August,29,10:30,171.46,1.34,0.0078,273.96,255.26,4.59,0.018,315.57,793.81,9.53,0.012,326.19,0.0,0.0,0.0346,300.42
August,29,11:00,175.9,0.95,0.0054,277.63,290.57,5.52,0.019,323.68,847.78,9.16,0.0108,331.92,0.0,0.0,0.0269,299.02
August,29,11:30,179.74,0.99,0.0055,284.54,329.86,5.71,0.0173,332.72,889.05,15.38,0.0173,333.89,0.0,0.0,0.0141,302.48
August,29,12:00,178.37,1.11,0.0062,292.63,343.81,3.16,0.0092,324.17,933.99,18.12,0.0194,330.98,0.0,0.0,0.0174,301.18
August,29,12:30,178.93,1.29,0.0072,296.86,375.48,7.02,0.0187,326.37,938.31,22.14,0.0236,332.43,0.0,0.0,0.0159,296.52
August,29,13:00,178.6,0.75,0.0042,292.48,413.71,4.55,0.011,324.64,906.99,14.15,0.0156,334.06,0.0,0.0,0.0171,302.53
August,29,13:30,174.22,1.17,0.0067,292.57,411.53,7.28,0.0177,317.65,930.03,15.72,0.0169,334.47,0.0,0.0,0.0182,303.29
August,29,14:00,167.94,1.55,0.0092,303.91,422.59,10.99,0.026,333.35,907.6,14.07,0.0155,337.03,0.0,0.0,0.0202,298.16
August,29,14:30,169.37,1.96,0.0116,307.2,406.57,7.6,0.0187,332.63,887.82,19.71,0.0222,334.91,0.0,0.0,0.0548,304.22
August,29,15:00,172.44,2.16,0.0125,312.6,388.68,2.29,0.0059,325.96,836.4,4.68,0.0056,344.05,0.0,0.0,0.0524,297.95
August,29,15:30,172.79,2.7,0.0156,309.7,399.27,2.68,0.0067,322.98,807.75,10.42,0.0129,340.05,0.0,0.0,0.1277,294.53
August,29,16:00,166.96,1.89,0.0113,308.56,414.93,3.15,0.0076,333.46,797.09,4.46,0.0056,335.52,0.0,0.0,0.0755,308.12
August,29,16:30,158.81,0.84,0.0053,294.81,390.36,3.44,0.0088,343.32,740.14,2.96,0.004,338.85,0.0,0.0,0.0206,307.34
August,29,17:00,148.18,0.98,0.0066,302.59,379.9,3.27,0.0086,348.59,675.42,2.43,0.0036,337.53,0.0,0.0,0.0091,303.34
August,29,17:30,135.69,0.53,0.0039,297.62,362.04,3.66,0.0101,336.27,689.41,4.14,0.006,337.75,0.0,0.0,0.0092,303.13
August,29,18:00,133.74,0.84,0.0063,308.76,337.88,2.7,0.008,339.51,640.07,4.67,0.0073,334.88,0.0,0.0,0.0059,308.54
August,29,18:30,118.75,0.55,0.0046,311.89,308.41,4.63,0.015,335.95,578.94,3.36,0.0058,341.7,0.0,0.0,0.0077,317.21
August,29,19:00,116.2,0.29,0.0025,302.99,270.84,3.82,0.0141,331.11,501.98,3.51,0.007,326.02,0.0,0.0,0.0079,311.09
August,29,19:30,93.37,0.35,0.0037,313.12,238.15,1.29,0.0054,313.34,500.36,5.8,0.0116,322.74,0.0,0.0,0.0153,322.79
August,29,20:00,75.42,1.38,0.0183,286.02,220.31,3.22,0.0146,320.28,443.48,7.76,0.0175,335.68,0.0,0.0,0.0208,313.2
August,29,20:30,54.97,0.98,0.0178,285.54,193.5,2.23,0.0115,304.72,377.51,6.27,0.0166,340.75,0.0,0.0,0.0123,303.48
August,29,21:00,40.25,1.6,0.0398,279.34,165.04,2.9,0.0176,300.34,321.6,3.09,0.0096,339.14,0.0,0.0,0.0465,307.7
August,29,21:30,28.57,0.81,0.0285,320.61,156.76,1.58,0.0101,296.22,247.74,1.76,0.0071,332.18,0.0,0.0,0.0309,318.78
August,29,22:00,23.33,1.05,0.045,342.31,122.95,1.22,0.0099,298.61,205.1,1.33,0.0065,319.64,0.0,0.0,0.0114,302.32
August,29,22:30,21.03,4.44,0.2109,359.57,91.0,0.56,0.0061,310.67,156.91,0.88,0.0056,312.76,0.0,0.0,0.0125,303.34
August,29,23:00,16.15,1.59,0.0983,412.84,67.37,0.61,0.009,295.26,123.77,0.83,0.0067,320.7,0.0,0.0,0.0097,300.02
August,29,23:30,14.06,0.12,0.0087,244.5,53.01,0.25,0.0048,287.87,109.72,0.52,0.0047,314.95,0.0,0.0,0.013,290.32
August,30,0:00,8.28,0.89,0.1078,782.21,27.23,0.78,0.0286,310.73,40.7,0.54,0.0132,299.66,0.0,0.0,0.0193,317.78
August,30,0:30,6.41,0.58,0.0903,411.04,16.3,0.35,0.0213,298.81,27.81,0.23,0.0084,319.82,0.0,0.0,0.0064,332.13
August,30,1:00,5.65,0.72,0.1273,347.18,7.15,0.32,0.0441,339.84,26.59,0.58,0.0219,316.78,0.0,0.0,0.009,350.78
August,30,1:30,4.84,0.54,0.1117,364.15,5.07,0.16,0.031,341.63,21.88,0.34,0.0154,290.09,0.0,0.0,0.0419,375.99
August,30,2:00,3.87,0.11,0.0292,309.2,3.32,0.1,0.0293,320.53,12.1,0.3,0.025,294.86,0.0,0.0,0.0283,371.82
August,30,2:30,3.48,0.05,0.0142,364.41,3.09,0.02,0.0057,385.62,11.09,0.26,0.0232,308.47,0.0,0.0,0.0464,384.26
August,30,3:00,3.45,0.0,0.0,382.6,3.55,0.0,0.0,417.73,10.92,0.34,0.0312,294.02,0.0,0.0,0.0727,474.76
August,30,3:30,3.61,0.0,0.0,356.44,3.76,0.0,0.0,293.92,6.45,0.02,0.0038,311.39,0.0,0.0,0.1056,375.0
August,30,4:00,3.24,0.0,0.0,434.25,2.29,0.01,0.005,220.16,6.11,0.01,0.0011,316.21,0.0,0.0,0.0909,392.45
August,30,4:30,3.45,0.0,0.0,404.5,2.29,0.02,0.0075,277.11,5.38,0.03,0.005,297.34,0.0,0.0,0.0605,438.62
August,30,5:00,4.76,0.0,0.0,373.91,1.99,0.01,0.0075,587.81,6.93,0.02,0.0023,254.28,0.0,0.0,0.0365,514.15
August,30,5:30,4.0,0.06,0.015,449.62,4.05,0.03,0.0075,398.26,6.83,0.07,0.0104,231.11,0.0,0.0,0.025,424.4
August,30,6:00,3.98,0.17,0.0433,362.9,3.38,0.04,0.0125,297.35,17.55,0.12,0.0068,271.65,0.0,0.0,0.0379,250.05
August,30,6:30,5.27,1.13,0.214,404.98,5.33,0.92,0.1727,364.8,24.46,1.43,0.0586,258.65,0.0,0.0,0.0529,258.86
August,30,7:00,13.02,3.45,0.265,305.91,9.15,0.09,0.0099,280.44,40.92,0.41,0.01,274.16,0.0,0.0,0.0345,259.78
August,30,7:30,21.29,6.12,0.2873,322.5,12.89,0.31,0.0238,281.53,73.97,0.8,0.0108,263.63,0.0,0.0,0.0149,276.66
August,30,8:00,28.27,0.71,0.025,259.19,31.72,0.2,0.0064,275.92,136.11,0.97,0.0071,269.56,0.0,0.0,0.0105,267.21
August,30,8:30,43.25,0.94,0.0217,290.93,45.06,0.44,0.0098,291.81,213.56,1.79,0.0084,286.2,0.0,0.0,0.0127,275.97
August,30,9:00,53.75,0.29,0.0054,316.16,96.97,0.49,0.0051,289.01,282.43,1.47,0.0052,292.07,0.0,0.0,0.0159,278.08
August,30,9:30,62.71,0.41,0.0066,303.54,125.96,0.89,0.0071,297.4,353.5,3.39,0.0096,300.28,0.0,0.0,0.0129,280.99
August,30,10:00,65.69,0.28,0.0042,310.74,152.09,1.83,0.012,303.87,436.37,4.1,0.0094,307.17,0.0,0.0,0.0104,297.9
August,30,10:30,98.0,0.83,0.0085,299.08,177.4,2.39,0.0135,319.15,486.47,3.55,0.0073,317.45,0.0,0.0,0.0327,299.47
August,30,11:00,99.78,0.59,0.0059,310.08,209.26,3.16,0.0151,325.46,514.82,1.49,0.0029,317.02,0.0,0.0,0.0246,292.03
August,30,11:30,102.21,0.56,0.0055,315.12,226.91,4.18,0.0184,330.63,542.9,3.37,0.0062,316.27,0.0,0.0,0.0133,298.66
August,30,12:00,109.83,0.85,0.0077,312.13,240.14,3.19,0.0133,323.34,567.56,4.2,0.0074,318.05,0.0,0.0,0.0143,297.46
August,30,12:30,125.97,1.12,0.0089,314.61,251.43,6.79,0.027,328.07,567.14,6.98,0.0123,318.46,0.0,0.0,0.0149,293.99
August,30,13:00,142.84,0.44,0.0031,305.37,264.67,3.92,0.0148,326.6,566.08,5.09,0.009,326.16,0.0,0.0,0.0171,302.9
August,30,13:30,145.03,0.26,0.0018,307.06,276.79,4.23,0.0153,320.66,578.04,6.59,0.0114,327.19,0.0,0.0,0.0238,302.56
August,30,14:00,138.7,0.8,0.0058,306.65,283.46,5.44,0.0192,332.18,585.45,4.86,0.0083,336.24,0.0,0.0,0.0282,295.27
August,30,14:30,144.27,0.87,0.006,314.0,278.81,3.32,0.0119,331.39,578.02,6.76,0.0117,329.47,0.0,0.0,0.0729,301.45
August,30,15:00,141.0,0.83,0.0059,308.5,282.34,1.72,0.0061,327.35,569.91,2.28,0.004,334.38,0.0,0.0,0.0685,298.14
August,30,15:30,143.5,0.98,0.0068,295.38,285.35,1.54,0.0054,322.69,564.32,1.41,0.0025,333.95,0.0,0.0,0.1597,293.71
August,30,16:00,139.46,0.99,0.0071,299.8,286.74,2.06,0.0072,329.45,553.85,1.11,0.002,331.94,0.0,0.0,0.0859,306.95
August,30,16:30,134.12,0.36,0.0027,300.58,280.41,2.64,0.0094,339.57,527.55,1.32,0.0025,329.51,0.0,0.0,0.0282,304.58
August,30,17:00,114.36,0.66,0.0058,311.72,264.59,2.54,0.0096,344.28,505.97,1.42,0.0028,325.26,0.0,0.0,0.0096,300.4
August,30,17:30,108.37,0.61,0.0056,314.49,258.68,2.46,0.0095,332.35,470.84,2.07,0.0044,323.14,0.0,0.0,0.0112,302.42
August,30,18:00,91.36,0.43,0.0047,308.47,223.58,2.1,0.0094,336.04,422.48,1.82,0.0043,325.99,0.0,0.0,0.0056,309.12
August,30,18:30,85.97,0.32,0.0037,330.08,211.34,2.94,0.0139,332.73,383.08,2.07,0.0054,328.84,0.0,0.0,0.0089,314.72
August,30,19:00,71.15,0.11,0.0015,311.57,186.56,2.26,0.0121,331.93,339.78,2.68,0.0079,331.2,0.0,0.0,0.0073,307.31
August,30,19:30,50.5,0.18,0.0036,305.92,171.71,1.24,0.0072,313.07,317.1,2.85,0.009,334.3,0.0,0.0,0.0194,320.89
August,30,20:00,50.4,1.42,0.0282,301.76,140.23,2.23,0.0159,324.69,292.74,2.28,0.0078,328.56,0.0,0.0,0.025,304.3
August,30,20:30,40.58,1.35,0.0333,306.13,129.37,1.29,0.01,307.51,241.14,1.18,0.0049,328.55,0.0,0.0,0.0151,296.44
August,30,21:00,35.36,1.52,0.0429,307.63,99.69,1.09,0.0109,303.59,214.66,0.82,0.0038,319.25,0.0,0.0,0.0394,306.69
August,30,21:30,22.89,1.07,0.0468,306.77,89.19,0.78,0.0087,306.8,173.39,0.92,0.0053,318.29,0.0,0.0,0.0323,320.05
August,30,22:00,18.07,0.85,0.0468,352.34,71.17,0.57,0.008,308.5,137.68,0.8,0.0058,316.84,0.0,0.0,0.0135,298.69
August,30,22:30,17.99,3.34,0.1857,310.8,56.43,0.29,0.0051,306.8,108.9,0.77,0.0071,307.06,0.0,0.0,0.0171,304.91
August,30,23:00,13.31,0.98,0.0738,370.04,44.02,0.32,0.0072,288.88,95.44,0.45,0.0047,295.26,0.0,0.0,0.0082,296.66
August,30,23:30,12.75,1.42,0.1113,282.61,30.11,0.13,0.0044,285.24,67.02,0.4,0.006,300.95,0.0,0.0,0.0109,291.75
August,31,0:00,1.41,0.15,0.1082,515.87,13.14,0.53,0.04,319.27,23.44,0.21,0.009,309.81,0.0,0.0,0.0126,315.27
August,31,0:30,1.18,0.08,0.0678,412.78,8.0,0.18,0.0225,296.75,17.77,0.14,0.0081,317.54,0.0,0.0,0.0053,324.25
August,31,1:00,0.99,0.09,0.0907,431.18,3.45,0.12,0.0337,319.53,14.71,0.16,0.0111,328.65,0.0,0.0,0.0072,336.97
August,31,1:30,0.8,0.04,0.0533,440.56,2.53,0.09,0.0369,302.29,12.2,0.26,0.0214,299.24,0.0,0.0,0.046,372.97
August,31,2:00,0.61,0.0,0.005,350.01,1.85,0.05,0.0271,296.03,9.35,0.53,0.0569,289.52,0.0,0.0,0.0271,371.58
August,31,2:30,0.56,0.0,0.005,383.26,1.73,0.01,0.0043,404.62,11.0,0.62,0.0565,301.06,0.0,0.0,0.0442,394.63
August,31,3:00,0.5,0.0,0.0,291.51,1.81,0.01,0.005,471.7,5.75,0.21,0.0367,279.0,0.0,0.0,0.065,509.54
August,31,3:30,0.54,0.0,0.0,248.91,2.11,0.0,0.0,337.45,4.16,0.02,0.0058,307.28,0.0,0.0,0.0805,383.74
August,31,4:00,0.45,0.0,0.0,300.75,1.26,0.01,0.005,275.83,4.24,0.02,0.0044,311.14,0.0,0.0,0.0722,405.31
August,31,4:30,0.5,0.0,0.0,204.87,1.22,0.02,0.0125,263.68,3.61,0.04,0.0104,326.69,0.0,0.0,0.0533,455.87
August,31,5:00,0.55,0.0,0.0,249.23,1.02,0.01,0.0075,478.96,4.2,0.08,0.0194,282.58,0.0,0.0,0.0299,511.23
August,31,5:30,0.55,0.01,0.015,382.48,1.97,0.02,0.0115,374.66,4.38,0.12,0.0284,252.19,0.0,0.0,0.0252,419.9
August,31,6:00,0.67,0.02,0.0345,270.25,1.67,0.11,0.0663,326.55,10.44,0.1,0.0093,290.83,0.0,0.0,0.0367,270.01
August,31,6:30,0.94,0.14,0.1492,249.16,2.83,0.68,0.2389,439.63,16.98,0.7,0.0412,287.39,0.0,0.0,0.0513,263.32
August,31,7:00,2.55,0.08,0.0308,236.71,7.64,0.07,0.0092,300.55,28.9,0.25,0.0086,271.92,0.0,0.0,0.0352,270.38
August,31,7:30,5.03,0.2,0.0404,339.86,9.93,0.35,0.0353,277.66,47.12,0.64,0.0136,269.08,0.0,0.0,0.0146,271.24
August,31,8:00,12.85,0.23,0.0176,268.24,21.66,0.16,0.0074,300.91,97.35,1.05,0.0108,276.16,0.0,0.0,0.0066,262.52
August,31,8:30,18.82,0.31,0.0163,288.75,29.92,0.26,0.0086,295.22,146.04,1.81,0.0124,288.77,0.0,0.0,0.0073,279.17
August,31,9:00,31.71,0.38,0.0121,292.81,57.45,0.37,0.0065,292.15,195.14,1.72,0.0088,300.12,0.0,0.0,0.0121,285.89
August,31,9:30,43.94,0.79,0.0179,310.28,73.47,0.61,0.0083,302.55,252.81,3.92,0.0155,315.29,0.0,0.0,0.0125,284.07
August,31,10:00,54.2,0.57,0.0105,310.99,91.79,1.01,0.011,311.48,290.74,3.61,0.0124,315.57,0.0,0.0,0.0088,300.26
August,31,10:30,59.88,0.5,0.0084,312.62,107.58,1.48,0.0138,320.93,321.55,6.05,0.0188,322.45,0.0,0.0,0.0268,304.9
August,31,11:00,59.11,0.24,0.0041,319.47,124.21,1.86,0.015,325.93,342.24,3.97,0.0116,320.46,0.0,0.0,0.0205,300.73
August,31,11:30,61.07,0.38,0.0063,324.86,135.4,2.38,0.0176,320.92,354.69,3.83,0.0108,320.45,0.0,0.0,0.0136,307.15
August,31,12:00,62.99,0.56,0.0089,312.08,145.88,1.94,0.0133,319.92,367.49,3.42,0.0093,322.21,0.0,0.0,0.0118,305.34
August,31,12:30,64.64,0.92,0.0143,311.37,150.74,4.34,0.0288,329.42,365.83,4.83,0.0132,321.66,0.0,0.0,0.0148,301.79
August,31,13:00,66.05,0.67,0.0102,308.52,157.87,2.38,0.0151,327.67,361.27,3.14,0.0087,326.29,0.0,0.0,0.0147,307.74
August,31,13:30,68.72,0.55,0.008,322.32,163.69,2.86,0.0175,326.87,366.07,8.6,0.0235,334.29,0.0,0.0,0.0241,308.31
August,31,14:00,69.1,1.0,0.0145,318.24,172.41,4.16,0.0241,324.99,371.04,10.61,0.0286,343.0,0.0,0.0,0.0304,301.48
August,31,14:30,72.36,1.68,0.0232,321.92,167.93,3.41,0.0203,324.67,368.34,21.66,0.0588,337.02,0.0,0.0,0.083,304.38
August,31,15:00,71.41,1.69,0.0237,322.16,167.81,1.02,0.0061,331.63,368.38,10.9,0.0296,336.79,0.0,0.0,0.0797,303.18
August,31,15:30,72.38,1.27,0.0176,310.95,168.89,0.93,0.0055,311.8,363.86,4.15,0.0114,338.22,0.0,0.0,0.1734,303.98
August,31,16:00,67.63,0.34,0.0051,323.48,170.68,1.13,0.0066,317.53,360.23,1.87,0.0052,336.82,0.0,0.0,0.1049,310.68
August,31,16:30,66.5,0.25,0.0038,318.64,164.52,1.79,0.0109,333.45,348.18,0.94,0.0027,334.98,0.0,0.0,0.0361,312.27
August,31,17:00,58.05,0.51,0.0087,322.32,156.0,1.31,0.0084,331.43,336.88,1.01,0.003,332.14,0.0,0.0,0.01,310.55
August,31,17:30,56.71,0.35,0.0061,316.38,147.74,1.06,0.0072,326.35,306.12,2.66,0.0087,336.6,0.0,0.0,0.0098,308.86
August,31,18:00,43.35,0.17,0.0039,311.49,129.14,1.15,0.0089,337.82,286.05,2.17,0.0076,336.76,0.0,0.0,0.0045,310.8
August,31,18:30,38.26,0.16,0.0041,331.34,125.01,1.38,0.011,330.68,261.4,1.44,0.0055,332.68,0.0,0.0,0.0078,319.51
August,31,19:00,22.11,0.08,0.0034,334.39,110.52,1.03,0.0093,331.13,224.64,1.15,0.0051,345.62,0.0,0.0,0.0069,311.71
August,31,19:30,18.76,0.27,0.0142,322.35,102.3,0.58,0.0057,304.89,203.25,1.26,0.0062,348.39,0.0,0.0,0.0213,324.9
August,31,20:00,15.15,1.45,0.096,316.42,86.73,1.47,0.0169,320.53,180.09,1.42,0.0079,337.7,0.0,0.0,0.026,318.56
August,31,20:30,12.15,2.61,0.2147,322.5,72.43,0.72,0.0099,318.6,154.24,0.8,0.0052,334.73,0.0,0.0,0.0166,308.66
August,31,21:00,7.78,1.1,0.1409,342.42,56.56,0.61,0.0107,314.68,136.29,0.55,0.004,326.89,0.0,0.0,0.035,310.99
August,31,21:30,7.11,0.33,0.0461,321.97,53.27,0.45,0.0084,327.13,117.94,0.48,0.0041,329.54,0.0,0.0,0.0303,321.62
August,31,22:00,5.16,0.11,0.0207,329.17,40.87,0.31,0.0075,315.18,95.86,0.8,0.0083,326.84,0.0,0.0,0.0128,308.21
August,31,22:30,3.19,0.32,0.1005,312.83,28.97,0.08,0.0029,301.82,72.89,0.47,0.0064,313.33,0.0,0.0,0.0124,304.12
August,31,23:00,2.59,0.07,0.0256,297.34,22.65,0.15,0.0065,294.43,56.0,0.22,0.0039,304.94,0.0,0.0,0.0065,299.64
August,31,23:30,2.44,0.03,0.0125,272.99,16.74,0.11,0.0066,296.99,42.87,0.19,0.0045,321.62,0.0,0.0,0.009,287.01
